week_start,ward_id,zone,category,raised,closed,open_at_week_end,median_resolution_hours,p90_resolution_hours,breached,breach_rate
2024-12-30,W01,Z1,Drainage,7,1,5,72.28333333333333,72.28333333333333,0,0.0
2025-01-06,W01,Z1,Drainage,9,9,5,101.73333333333333,127.94333333333334,3,0.3333333333333333
2025-01-13,W01,Z1,Drainage,8,8,5,70.65833333333333,115.81499999999998,0,0.0
2025-01-20,W01,Z1,Drainage,8,9,4,87.51666666666667,244.11333333333334,1,0.125
2025-01-27,W01,Z1,Drainage,7,9,2,73.51666666666667,137.19333333333336,1,0.14285714285714285
2025-02-03,W01,Z1,Drainage,9,6,3,70.875,165.275,1,0.14285714285714285
2025-02-10,W01,Z1,Drainage,5,6,2,95.10833333333333,193.70833333333331,1,0.2
2025-02-17,W01,Z1,Drainage,11,6,6,107.10833333333333,134.7,2,0.2
2025-02-24,W01,Z1,Drainage,7,7,6,80.53333333333333,199.4233333333334,2,0.2857142857142857
2025-03-03,W01,Z1,Drainage,7,7,5,99.3,266.5333333333334,0,0.0
2025-03-10,W01,Z1,Drainage,10,9,5,135.03333333333333,278.69000000000005,1,0.1111111111111111
2025-03-17,W01,Z1,Drainage,11,6,10,90.46666666666667,124.35833333333333,3,0.2727272727272727
2025-03-24,W01,Z1,Drainage,4,8,5,108.19166666666666,274.3633333333333,3,1.0
2025-03-31,W01,Z1,Drainage,5,6,4,134.73333333333335,207.44166666666666,0,0.0
2025-04-07,W01,Z1,Drainage,9,6,7,117.83333333333333,420.3,1,0.1111111111111111
2025-04-14,W01,Z1,Drainage,9,8,7,75.475,127.31499999999998,1,0.125
2025-04-21,W01,Z1,Drainage,12,12,7,98.94166666666666,158.23666666666668,1,0.08333333333333333
2025-04-28,W01,Z1,Drainage,8,10,3,91.49166666666667,200.49833333333333,1,0.16666666666666666
2025-05-05,W01,Z1,Drainage,8,5,6,58.68333333333333,141.71666666666667,1,0.125
2025-05-12,W01,Z1,Drainage,9,8,6,141.39166666666665,237.62166666666664,1,0.125
2025-05-19,W01,Z1,Drainage,8,10,3,74.575,134.4483333333333,1,0.14285714285714285
2025-05-26,W01,Z1,Drainage,4,5,2,61.28333333333333,192.3,1,0.25
2025-06-02,W01,Z1,Drainage,0,2,0,161.975,183.355,0,
2025-06-09,W01,Z1,Drainage,0,0,0,,,0,
2025-06-16,W01,Z1,Drainage,0,0,0,,,0,
2025-06-23,W01,Z1,Drainage,0,0,0,,,0,
2024-12-30,W01,Z1,Encroachment,6,0,5,,,5,1.0
2025-01-06,W01,Z1,Encroachment,10,0,14,,,9,1.0
2025-01-13,W01,Z1,Encroachment,7,6,13,250.35,400.60833333333335,5,1.0
2025-01-20,W01,Z1,Encroachment,5,4,14,242.175,457.1916666666667,5,1.0
2025-01-27,W01,Z1,Encroachment,13,8,19,373.5,543.3083333333333,12,0.9230769230769231
2025-02-03,W01,Z1,Encroachment,9,5,22,334.73333333333335,652.5899999999999,7,0.875
2025-02-10,W01,Z1,Encroachment,8,13,17,262.25,488.23333333333346,7,0.875
2025-02-17,W01,Z1,Encroachment,4,6,15,318.5083333333333,488.31666666666666,4,1.0
2025-02-24,W01,Z1,Encroachment,3,2,16,273.14166666666665,286.9483333333333,3,1.0
2025-03-03,W01,Z1,Encroachment,12,8,19,550.375,943.0799999999999,9,0.8181818181818182
2025-03-10,W01,Z1,Encroachment,3,11,11,270.68333333333334,615.9166666666666,3,1.0
2025-03-17,W01,Z1,Encroachment,10,5,16,291.4166666666667,350.94666666666666,10,1.0
2025-03-24,W01,Z1,Encroachment,7,7,16,400.95,723.6300000000001,6,0.8571428571428571
2025-03-31,W01,Z1,Encroachment,12,5,21,343.6333333333333,1034.4500000000003,9,0.9
2025-04-07,W01,Z1,Encroachment,4,4,21,399.025,522.3183333333334,3,0.75
2025-04-14,W01,Z1,Encroachment,8,7,21,373.71666666666664,434.53000000000003,7,1.0
2025-04-21,W01,Z1,Encroachment,11,8,22,410.425,722.165,9,1.0
2025-04-28,W01,Z1,Encroachment,10,12,20,359.975,834.6183333333333,9,0.9
2025-05-05,W01,Z1,Encroachment,5,9,16,221.61666666666667,691.6966666666667,4,0.8
2025-05-12,W01,Z1,Encroachment,6,9,13,344.0833333333333,565.61,5,0.8333333333333334
2025-05-19,W01,Z1,Encroachment,13,5,21,513.8333333333334,577.0133333333333,9,0.6923076923076923
2025-05-26,W01,Z1,Encroachment,9,6,23,241.525,328.06666666666666,8,1.0
2025-06-02,W01,Z1,Encroachment,0,10,13,369.3166666666667,668.895,0,
2025-06-09,W01,Z1,Encroachment,0,6,7,508.15,1057.5,0,
2025-06-16,W01,Z1,Encroachment,0,3,4,555.0833333333334,698.8833333333334,0,
2025-06-23,W01,Z1,Encroachment,0,2,2,656.4166666666667,711.8433333333334,0,
2024-12-30,W01,Z1,Garbage,4,4,0,20.65,25.85,0,0.0
2025-01-06,W01,Z1,Garbage,3,1,2,31.6,31.6,0,0.0
2025-01-13,W01,Z1,Garbage,7,5,4,47.46666666666667,53.89,0,0.0
2025-01-20,W01,Z1,Garbage,12,14,1,23.4,80.05000000000001,0,0.0
2025-01-27,W01,Z1,Garbage,13,9,2,19.45,50.296666666666674,0,0.0
2025-02-03,W01,Z1,Garbage,3,5,0,42.083333333333336,58.483333333333334,0,0.0
2025-02-10,W01,Z1,Garbage,8,6,1,41.96666666666667,50.175,0,0.0
2025-02-17,W01,Z1,Garbage,12,11,2,20.35,38.733333333333334,0,0.0
2025-02-24,W01,Z1,Garbage,8,9,1,27.983333333333334,96.00333333333333,0,0.0
2025-03-03,W01,Z1,Garbage,8,8,0,28.516666666666666,64.42166666666667,0,0.0
2025-03-10,W01,Z1,Garbage,10,6,2,20.191666666666666,24.78333333333333,0,0.0
2025-03-17,W01,Z1,Garbage,11,11,2,20.8,56.916666666666664,0,0.0
2025-03-24,W01,Z1,Garbage,10,9,2,47.583333333333336,65.16,0,0.0
2025-03-31,W01,Z1,Garbage,3,3,2,22.283333333333335,39.03,0,0.0
2025-04-07,W01,Z1,Garbage,7,5,4,38.2,46.16666666666667,0,0.0
2025-04-14,W01,Z1,Garbage,7,10,1,47.975,73.09333333333333,0,0.0
2025-04-21,W01,Z1,Garbage,8,5,2,30.7,52.43333333333334,0,0.0
2025-04-28,W01,Z1,Garbage,4,3,3,50.86666666666667,67.54666666666667,0,0.0
2025-05-05,W01,Z1,Garbage,6,8,1,44.141666666666666,61.763333333333335,0,0.0
2025-05-12,W01,Z1,Garbage,10,9,2,34.15,74.84,0,0.0
2025-05-19,W01,Z1,Garbage,10,12,0,20.041666666666664,35.25166666666667,0,0.0
2025-05-26,W01,Z1,Garbage,11,10,0,26.975,36.29,0,0.0
2025-06-02,W01,Z1,Garbage,0,0,0,,,0,
2025-06-09,W01,Z1,Garbage,0,0,0,,,0,
2025-06-16,W01,Z1,Garbage,0,0,0,,,0,
2025-06-23,W01,Z1,Garbage,0,0,0,,,0,
2024-12-30,W01,Z1,Property Tax,4,1,2,79.78333333333333,79.78333333333333,0,0.0
2025-01-06,W01,Z1,Property Tax,9,7,4,83.71666666666667,106.03000000000002,1,0.1111111111111111
2025-01-13,W01,Z1,Property Tax,7,9,2,78.68333333333334,149.97333333333333,0,0.0
2025-01-20,W01,Z1,Property Tax,8,7,3,57.05,165.52333333333334,0,0.0
2025-01-27,W01,Z1,Property Tax,6,7,1,81.03333333333333,127.49000000000001,1,0.2
2025-02-03,W01,Z1,Property Tax,6,4,2,61.09166666666667,151.5666666666667,1,0.2
2025-02-10,W01,Z1,Property Tax,8,5,5,56.833333333333336,142.75,1,0.125
2025-02-17,W01,Z1,Property Tax,11,10,5,59.516666666666666,119.47833333333331,1,0.1
2025-02-24,W01,Z1,Property Tax,11,9,6,83.21666666666667,164.34333333333333,2,0.2
2025-03-03,W01,Z1,Property Tax,10,7,9,105.08333333333333,204.79000000000002,2,0.2
2025-03-10,W01,Z1,Property Tax,3,9,3,87.28333333333333,135.05666666666667,0,0.0
2025-03-17,W01,Z1,Property Tax,5,7,1,82.95,244.34666666666678,1,0.2
2025-03-24,W01,Z1,Property Tax,6,6,0,56.43333333333333,146.39166666666665,0,0.0
2025-03-31,W01,Z1,Property Tax,10,1,8,92.0,92.0,2,0.2222222222222222
2025-04-07,W01,Z1,Property Tax,12,15,3,65.0,153.02666666666664,0,0.0
2025-04-14,W01,Z1,Property Tax,10,9,3,68.1,112.00333333333333,1,0.1111111111111111
2025-04-21,W01,Z1,Property Tax,8,6,5,85.21666666666667,163.075,2,0.25
2025-04-28,W01,Z1,Property Tax,12,9,7,51.75,194.86666666666667,0,0.0
2025-05-05,W01,Z1,Property Tax,12,16,2,69.09166666666667,155.28333333333336,1,0.09090909090909091
2025-05-12,W01,Z1,Property Tax,5,5,1,64.1,157.74666666666667,0,0.0
2025-05-19,W01,Z1,Property Tax,6,4,3,46.958333333333336,81.93166666666667,0,0.0
2025-05-26,W01,Z1,Property Tax,6,8,1,89.25833333333333,119.03166666666667,1,0.16666666666666666
2025-06-02,W01,Z1,Property Tax,0,1,0,207.56666666666666,207.56666666666666,0,
2025-06-09,W01,Z1,Property Tax,0,0,0,,,0,
2025-06-16,W01,Z1,Property Tax,0,0,0,,,0,
2025-06-23,W01,Z1,Property Tax,0,0,0,,,0,
2024-12-30,W01,Z1,Road Repair,8,0,7,,,6,0.8571428571428571
2025-01-06,W01,Z1,Road Repair,5,4,8,168.44166666666666,226.0316666666667,4,0.8
2025-01-13,W01,Z1,Road Repair,6,5,9,289.0,305.5566666666667,5,0.8333333333333334
2025-01-20,W01,Z1,Road Repair,2,7,4,220.7,288.28000000000003,2,1.0
2025-01-27,W01,Z1,Road Repair,11,2,13,175.28333333333333,177.44333333333333,8,0.7272727272727273
2025-02-03,W01,Z1,Road Repair,10,5,18,158.13333333333333,420.4666666666667,7,0.7
2025-02-10,W01,Z1,Road Repair,6,10,14,195.975,459.05333333333317,4,0.6666666666666666
2025-02-17,W01,Z1,Road Repair,6,8,12,254.875,371.73499999999996,5,0.8333333333333334
2025-02-24,W01,Z1,Road Repair,11,7,15,243.55,446.7933333333334,6,0.6
2025-03-03,W01,Z1,Road Repair,10,10,13,196.88333333333333,728.1483333333333,8,1.0
2025-03-10,W01,Z1,Road Repair,9,6,15,210.23333333333335,279.30833333333334,5,0.625
2025-03-17,W01,Z1,Road Repair,7,9,13,246.08333333333334,515.4966666666667,5,0.7142857142857143
2025-03-24,W01,Z1,Road Repair,9,8,14,283.2166666666667,467.61499999999995,6,0.6666666666666666
2025-03-31,W01,Z1,Road Repair,10,10,14,236.65,293.17499999999995,7,0.7
2025-04-07,W01,Z1,Road Repair,5,8,9,215.76666666666665,378.1533333333333,0,0.0
2025-04-14,W01,Z1,Road Repair,13,8,13,129.05833333333334,281.20166666666665,9,0.75
2025-04-21,W01,Z1,Road Repair,9,10,11,200.28333333333333,315.8783333333332,5,0.625
2025-04-28,W01,Z1,Road Repair,10,6,13,203.66666666666669,736.2333333333333,7,0.875
2025-05-05,W01,Z1,Road Repair,7,10,10,244.89166666666665,383.0833333333333,4,0.5714285714285714
2025-05-12,W01,Z1,Road Repair,5,7,8,265.6,364.3933333333334,5,1.0
2025-05-19,W01,Z1,Road Repair,8,4,11,264.225,378.8916666666667,6,0.8571428571428571
2025-05-26,W01,Z1,Road Repair,8,5,13,343.9166666666667,360.35,6,0.8571428571428571
2025-06-02,W01,Z1,Road Repair,0,6,7,259.25,499.7583333333333,0,
2025-06-09,W01,Z1,Road Repair,0,4,3,456.4666666666667,508.2866666666667,0,
2025-06-16,W01,Z1,Road Repair,0,2,1,532.0083333333333,612.2550000000001,0,
2025-06-23,W01,Z1,Road Repair,0,0,1,,,0,
2024-12-30,W01,Z1,Stray Animals,2,1,1,21.8,21.8,0,0.0
2025-01-06,W01,Z1,Stray Animals,7,8,0,13.45,23.766666666666666,0,0.0
2025-01-13,W01,Z1,Stray Animals,15,13,1,7.5,22.426666666666666,0,0.0
2025-01-20,W01,Z1,Stray Animals,5,4,1,19.21666666666667,49.95,0,0.0
2025-01-27,W01,Z1,Stray Animals,13,12,1,12.9,18.779999999999998,0,0.0
2025-02-03,W01,Z1,Stray Animals,7,6,1,10.241666666666667,21.174999999999997,0,0.0
2025-02-10,W01,Z1,Stray Animals,9,9,1,22.366666666666667,36.07333333333334,0,0.0
2025-02-17,W01,Z1,Stray Animals,13,11,2,14.633333333333333,26.6,0,0.0
2025-02-24,W01,Z1,Stray Animals,9,10,0,16.916666666666668,35.79833333333333,0,0.0
2025-03-03,W01,Z1,Stray Animals,9,7,1,10.183333333333334,12.9,0,0.0
2025-03-10,W01,Z1,Stray Animals,6,4,1,15.183333333333334,17.6,0,0.0
2025-03-17,W01,Z1,Stray Animals,7,7,0,10.566666666666666,17.713333333333335,0,0.0
2025-03-24,W01,Z1,Stray Animals,11,11,0,8.55,22.65,0,0.0
2025-03-31,W01,Z1,Stray Animals,10,8,1,9.808333333333334,15.0,0,0.0
2025-04-07,W01,Z1,Stray Animals,4,5,0,17.216666666666665,23.256666666666668,0,0.0
2025-04-14,W01,Z1,Stray Animals,10,10,0,7.508333333333333,12.221666666666666,0,0.0
2025-04-21,W01,Z1,Stray Animals,9,9,0,11.466666666666667,17.07,0,0.0
2025-04-28,W01,Z1,Stray Animals,5,5,0,20.65,22.43,0,0.0
2025-05-05,W01,Z1,Stray Animals,7,7,0,7.9,24.57,0,0.0
2025-05-12,W01,Z1,Stray Animals,5,5,0,9.466666666666667,18.03,0,0.0
2025-05-19,W01,Z1,Stray Animals,6,6,0,13.041666666666666,23.333333333333336,0,0.0
2025-05-26,W01,Z1,Stray Animals,6,5,0,10.5,35.81,0,0.0
2025-06-02,W01,Z1,Stray Animals,0,0,0,,,0,
2025-06-09,W01,Z1,Stray Animals,0,0,0,,,0,
2025-06-16,W01,Z1,Stray Animals,0,0,0,,,0,
2025-06-23,W01,Z1,Stray Animals,0,0,0,,,0,
2024-12-30,W01,Z1,Streetlight,5,3,2,11.116666666666667,18.903333333333336,0,0.0
2025-01-06,W01,Z1,Streetlight,6,7,1,15.483333333333333,29.616666666666674,0,0.0
2025-01-13,W01,Z1,Streetlight,12,9,2,12.083333333333334,28.52666666666667,0,0.0
2025-01-20,W01,Z1,Streetlight,7,8,1,13.308333333333334,24.57333333333333,0,0.0
2025-01-27,W01,Z1,Streetlight,5,6,0,25.666666666666668,30.833333333333336,0,0.0
2025-02-03,W01,Z1,Streetlight,10,8,1,14.575,33.83666666666666,0,0.0
2025-02-10,W01,Z1,Streetlight,5,6,0,21.316666666666666,53.358333333333334,0,0.0
2025-02-17,W01,Z1,Streetlight,6,5,0,14.3,22.106666666666666,0,0.0
2025-02-24,W01,Z1,Streetlight,16,10,4,15.641666666666666,26.819999999999997,0,0.0
2025-03-03,W01,Z1,Streetlight,10,12,2,16.958333333333332,37.86,0,0.0
2025-03-10,W01,Z1,Streetlight,9,9,1,18.383333333333333,35.449999999999996,0,0.0
2025-03-17,W01,Z1,Streetlight,15,14,1,16.674999999999997,26.370000000000005,0,0.0
2025-03-24,W01,Z1,Streetlight,5,4,1,27.758333333333333,36.725,0,0.0
2025-03-31,W01,Z1,Streetlight,6,3,4,31.116666666666667,43.25,0,0.0
2025-04-07,W01,Z1,Streetlight,3,6,0,18.116666666666667,43.80833333333334,0,0.0
2025-04-14,W01,Z1,Streetlight,10,7,1,18.483333333333334,36.796666666666674,0,0.0
2025-04-21,W01,Z1,Streetlight,14,14,1,19.241666666666667,37.040000000000006,0,0.0
2025-04-28,W01,Z1,Streetlight,8,8,1,22.133333333333333,36.52666666666666,0,0.0
2025-05-05,W01,Z1,Streetlight,3,2,1,17.166666666666664,17.58,0,0.0
2025-05-12,W01,Z1,Streetlight,9,9,1,16.95,25.830000000000002,0,0.0
2025-05-19,W01,Z1,Streetlight,7,8,0,18.59166666666667,23.246666666666666,0,0.0
2025-05-26,W01,Z1,Streetlight,4,4,0,20.724999999999998,39.19666666666667,0,0.0
2025-06-02,W01,Z1,Streetlight,0,0,0,,,0,
2025-06-09,W01,Z1,Streetlight,0,0,0,,,0,
2025-06-16,W01,Z1,Streetlight,0,0,0,,,0,
2025-06-23,W01,Z1,Streetlight,0,0,0,,,0,
2024-12-30,W01,Z1,Water Supply,7,3,1,52.4,64.30666666666667,0,0.0
2025-01-06,W01,Z1,Water Supply,10,8,2,47.525000000000006,76.50333333333333,1,0.1111111111111111
2025-01-13,W01,Z1,Water Supply,12,11,2,35.9,95.78333333333333,1,0.09090909090909091
2025-01-20,W01,Z1,Water Supply,12,9,3,42.666666666666664,93.6066666666667,0,0.0
2025-01-27,W01,Z1,Water Supply,9,8,4,44.275,98.39666666666666,0,0.0
2025-02-03,W01,Z1,Water Supply,4,6,2,104.83333333333334,157.25,0,0.0
2025-02-10,W01,Z1,Water Supply,3,4,0,94.94166666666666,104.96,0,0.0
2025-02-17,W01,Z1,Water Supply,6,3,2,48.1,62.60666666666667,0,0.0
2025-02-24,W01,Z1,Water Supply,8,7,3,33.56666666666667,86.08333333333334,0,0.0
2025-03-03,W01,Z1,Water Supply,11,9,5,39.3,47.70666666666666,0,0.0
2025-03-10,W01,Z1,Water Supply,9,11,3,64.23333333333333,130.6,0,0.0
2025-03-17,W01,Z1,Water Supply,7,6,3,52.20833333333333,106.16666666666667,1,0.16666666666666666
2025-03-24,W01,Z1,Water Supply,11,9,4,51.6,145.08000000000004,0,0.0
2025-03-31,W01,Z1,Water Supply,10,9,5,57.266666666666666,106.63000000000001,1,0.1
2025-04-07,W01,Z1,Water Supply,5,7,2,62.68333333333333,131.66666666666669,1,0.25
2025-04-14,W01,Z1,Water Supply,8,7,3,52.4,122.69000000000005,0,0.0
2025-04-21,W01,Z1,Water Supply,5,6,2,42.900000000000006,251.15833333333336,0,0.0
2025-04-28,W01,Z1,Water Supply,9,7,3,57.93333333333333,89.95333333333333,1,0.125
2025-05-05,W01,Z1,Water Supply,6,4,5,38.36666666666667,151.4616666666667,0,0.0
2025-05-12,W01,Z1,Water Supply,9,10,4,43.724999999999994,114.54333333333332,0,0.0
2025-05-19,W01,Z1,Water Supply,11,11,4,42.81666666666667,77.9,0,0.0
2025-05-26,W01,Z1,Water Supply,3,7,0,41.18333333333333,96.43333333333334,0,0.0
2025-06-02,W01,Z1,Water Supply,0,0,0,,,0,
2025-06-09,W01,Z1,Water Supply,0,0,0,,,0,
2025-06-16,W01,Z1,Water Supply,0,0,0,,,0,
2025-06-23,W01,Z1,Water Supply,0,0,0,,,0,
2024-12-30,W02,Z2,Drainage,2,0,2,,,0,0.0
2025-01-06,W02,Z2,Drainage,8,6,4,73.98333333333333,121.50833333333333,1,0.125
2025-01-13,W02,Z2,Drainage,16,9,11,81.7,113.80666666666667,3,0.1875
2025-01-20,W02,Z2,Drainage,8,12,6,104.58333333333334,186.78833333333333,3,0.42857142857142855
2025-01-27,W02,Z2,Drainage,4,9,1,180.75,251.51333333333335,0,0.0
2025-02-03,W02,Z2,Drainage,6,2,5,90.98333333333333,99.65,2,0.3333333333333333
2025-02-10,W02,Z2,Drainage,10,8,6,65.66666666666666,161.36999999999998,1,0.1111111111111111
2025-02-17,W02,Z2,Drainage,8,7,7,144.13333333333333,179.54999999999998,1,0.125
2025-02-24,W02,Z2,Drainage,7,10,4,93.25,163.24833333333328,1,0.14285714285714285
2025-03-03,W02,Z2,Drainage,3,5,2,103.45,185.80666666666667,1,0.3333333333333333
2025-03-10,W02,Z2,Drainage,5,3,4,112.23333333333333,195.83333333333331,3,0.6
2025-03-17,W02,Z2,Drainage,14,9,7,76.36666666666666,194.74,3,0.25
2025-03-24,W02,Z2,Drainage,6,9,4,121.33333333333333,250.64333333333335,2,0.3333333333333333
2025-03-31,W02,Z2,Drainage,8,7,4,120.41666666666667,182.69333333333333,1,0.14285714285714285
2025-04-07,W02,Z2,Drainage,12,9,6,90.23333333333333,120.98666666666668,1,0.09090909090909091
2025-04-14,W02,Z2,Drainage,8,8,4,89.17500000000001,221.37499999999997,1,0.16666666666666666
2025-04-21,W02,Z2,Drainage,14,7,11,90.75,113.16333333333334,5,0.35714285714285715
2025-04-28,W02,Z2,Drainage,9,11,8,100.13333333333334,211.56666666666666,1,0.125
2025-05-05,W02,Z2,Drainage,7,10,5,102.49166666666667,253.50666666666663,2,0.2857142857142857
2025-05-12,W02,Z2,Drainage,9,4,9,56.84166666666667,86.79500000000002,1,0.125
2025-05-19,W02,Z2,Drainage,7,10,5,113.45,216.13666666666663,4,0.6666666666666666
2025-05-26,W02,Z2,Drainage,4,6,2,219.9,296.23333333333335,0,0.0
2025-06-02,W02,Z2,Drainage,0,2,0,89.75,101.64333333333333,0,
2025-06-09,W02,Z2,Drainage,0,0,0,,,0,
2025-06-16,W02,Z2,Drainage,0,0,0,,,0,
2025-06-23,W02,Z2,Drainage,0,0,0,,,0,
2024-12-30,W02,Z2,Encroachment,6,0,4,,,3,0.75
2025-01-06,W02,Z2,Encroachment,10,1,12,141.16666666666666,141.16666666666666,9,1.0
2025-01-13,W02,Z2,Encroachment,5,4,13,195.925,251.16833333333335,5,1.0
2025-01-20,W02,Z2,Encroachment,17,5,23,336.93333333333334,458.45000000000005,13,0.8666666666666667
2025-01-27,W02,Z2,Encroachment,7,8,22,218.775,462.11333333333334,7,1.0
2025-02-03,W02,Z2,Encroachment,6,8,20,316.48333333333335,518.1316666666667,5,0.8333333333333334
2025-02-10,W02,Z2,Encroachment,9,9,19,344.65,560.9133333333333,6,0.75
2025-02-17,W02,Z2,Encroachment,8,9,17,394.1333333333333,758.9033333333334,6,0.8571428571428571
2025-02-24,W02,Z2,Encroachment,7,5,19,349.05,531.6066666666667,7,1.0
2025-03-03,W02,Z2,Encroachment,9,11,17,347.98333333333335,998.6666666666666,9,1.0
2025-03-10,W02,Z2,Encroachment,6,7,15,251.18333333333334,596.4100000000002,4,0.8
2025-03-17,W02,Z2,Encroachment,9,4,19,315.4,355.47333333333336,8,1.0
2025-03-24,W02,Z2,Encroachment,10,9,19,408.03333333333336,767.72,8,0.8888888888888888
2025-03-31,W02,Z2,Encroachment,13,7,25,371.0833333333333,701.6833333333334,13,1.0
2025-04-07,W02,Z2,Encroachment,8,7,26,362.9166666666667,610.5033333333334,5,0.625
2025-04-14,W02,Z2,Encroachment,4,11,19,329.35,651.8333333333334,4,1.0
2025-04-21,W02,Z2,Encroachment,7,9,17,526.0833333333334,644.69,6,0.8571428571428571
2025-04-28,W02,Z2,Encroachment,11,6,21,496.04166666666663,835.9416666666666,9,0.9
2025-05-05,W02,Z2,Encroachment,7,8,19,404.7416666666667,719.3633333333333,6,1.0
2025-05-12,W02,Z2,Encroachment,2,7,14,353.9166666666667,511.5533333333334,1,0.5
2025-05-19,W02,Z2,Encroachment,9,6,17,550.0833333333333,974.0666666666666,7,0.7777777777777778
2025-05-26,W02,Z2,Encroachment,5,9,13,191.0,533.4733333333334,3,0.6
2025-06-02,W02,Z2,Encroachment,0,5,8,635.3666666666667,738.1466666666666,0,
2025-06-09,W02,Z2,Encroachment,0,4,4,494.6166666666667,1277.4816666666668,0,
2025-06-16,W02,Z2,Encroachment,0,4,0,697.8416666666667,968.8050000000001,0,
2025-06-23,W02,Z2,Encroachment,0,0,0,,,0,
2024-12-30,W02,Z2,Garbage,4,3,1,14.95,21.509999999999998,0,0.0
2025-01-06,W02,Z2,Garbage,9,7,3,27.416666666666668,37.63666666666668,0,0.0
2025-01-13,W02,Z2,Garbage,9,11,0,36.18333333333333,47.083333333333336,0,0.0
2025-01-20,W02,Z2,Garbage,13,10,1,24.766666666666666,78.70833333333334,0,0.0
2025-01-27,W02,Z2,Garbage,4,4,1,50.666666666666664,91.345,0,0.0
2025-02-03,W02,Z2,Garbage,8,9,0,27.3,49.08333333333334,0,0.0
2025-02-10,W02,Z2,Garbage,13,10,2,24.75,48.106666666666655,0,0.0
2025-02-17,W02,Z2,Garbage,6,4,3,18.875,27.803333333333335,0,0.0
2025-02-24,W02,Z2,Garbage,7,9,1,35.61666666666667,71.78,0,0.0
2025-03-03,W02,Z2,Garbage,10,8,3,32.516666666666666,55.584999999999994,0,0.0
2025-03-10,W02,Z2,Garbage,5,6,2,39.25,66.90833333333333,0,0.0
2025-03-17,W02,Z2,Garbage,7,7,2,30.733333333333334,46.726666666666674,0,0.0
2025-03-24,W02,Z2,Garbage,9,6,4,36.875,89.99166666666667,0,0.0
2025-03-31,W02,Z2,Garbage,4,5,2,56.71666666666667,85.76333333333334,0,0.0
2025-04-07,W02,Z2,Garbage,12,9,4,29.85,50.45333333333333,0,0.0
2025-04-14,W02,Z2,Garbage,8,12,0,34.50833333333333,48.275,0,0.0
2025-04-21,W02,Z2,Garbage,14,10,4,28.941666666666666,62.12166666666666,0,0.0
2025-04-28,W02,Z2,Garbage,7,8,1,28.28333333333333,49.32833333333333,0,0.0
2025-05-05,W02,Z2,Garbage,7,3,3,26.433333333333334,35.75333333333334,0,0.0
2025-05-12,W02,Z2,Garbage,4,6,1,30.166666666666664,49.71666666666667,0,0.0
2025-05-19,W02,Z2,Garbage,8,8,1,31.25,70.70666666666666,0,0.0
2025-05-26,W02,Z2,Garbage,7,8,0,34.075,54.18666666666667,0,0.0
2025-06-02,W02,Z2,Garbage,0,0,0,,,0,
2025-06-09,W02,Z2,Garbage,0,0,0,,,0,
2025-06-16,W02,Z2,Garbage,0,0,0,,,0,
2025-06-23,W02,Z2,Garbage,0,0,0,,,0,
2024-12-30,W02,Z2,Property Tax,5,0,5,,,2,0.4
2025-01-06,W02,Z2,Property Tax,7,5,7,108.41666666666667,115.36333333333334,1,0.14285714285714285
2025-01-13,W02,Z2,Property Tax,11,13,5,69.68333333333334,200.6966666666667,0,0.0
2025-01-20,W02,Z2,Property Tax,4,7,1,102.4,155.04333333333332,0,0.0
2025-01-27,W02,Z2,Property Tax,9,6,4,58.69166666666666,82.125,1,0.1111111111111111
2025-02-03,W02,Z2,Property Tax,8,7,4,102.25,149.20666666666668,1,0.14285714285714285
2025-02-10,W02,Z2,Property Tax,11,10,5,79.14166666666667,115.45999999999998,0,0.0
2025-02-17,W02,Z2,Property Tax,4,6,2,69.88333333333333,108.025,0,0.0
2025-02-24,W02,Z2,Property Tax,8,7,3,92.25,126.16000000000003,1,0.125
2025-03-03,W02,Z2,Property Tax,4,6,0,72.9,195.1,0,0.0
2025-03-10,W02,Z2,Property Tax,8,7,1,49.63333333333333,66.74000000000001,0,0.0
2025-03-17,W02,Z2,Property Tax,13,5,7,51.2,89.75333333333333,1,0.09090909090909091
2025-03-24,W02,Z2,Property Tax,9,13,3,63.81666666666667,91.15666666666667,1,0.1111111111111111
2025-03-31,W02,Z2,Property Tax,9,4,7,166.3416666666667,314.52833333333336,0,0.0
2025-04-07,W02,Z2,Property Tax,15,13,8,90.15,136.5066666666667,0,0.0
2025-04-14,W02,Z2,Property Tax,4,11,1,90.71666666666667,132.21666666666667,1,0.25
2025-04-21,W02,Z2,Property Tax,16,9,6,76.81666666666666,128.68333333333337,0,0.0
2025-04-28,W02,Z2,Property Tax,4,7,3,60.3,113.65666666666668,0,0.0
2025-05-05,W02,Z2,Property Tax,4,5,2,115.0,127.84333333333333,0,0.0
2025-05-12,W02,Z2,Property Tax,3,3,2,104.25,108.58333333333334,0,0.0
2025-05-19,W02,Z2,Property Tax,11,7,5,57.68333333333333,91.02333333333334,0,0.0
2025-05-26,W02,Z2,Property Tax,8,9,2,74.46666666666667,113.59,0,0.0
2025-06-02,W02,Z2,Property Tax,0,2,0,124.99166666666667,135.025,0,
2025-06-09,W02,Z2,Property Tax,0,0,0,,,0,
2025-06-16,W02,Z2,Property Tax,0,0,0,,,0,
2025-06-23,W02,Z2,Property Tax,0,0,0,,,0,
2024-12-30,W02,Z2,Road Repair,7,0,5,,,4,0.8
2025-01-06,W02,Z2,Road Repair,11,2,12,85.40833333333333,85.54833333333333,6,0.6666666666666666
2025-01-13,W02,Z2,Road Repair,7,8,10,198.18333333333334,286.62333333333333,4,0.6666666666666666
2025-01-20,W02,Z2,Road Repair,8,6,11,265.42499999999995,406.3833333333333,6,0.8571428571428571
2025-01-27,W02,Z2,Road Repair,8,8,10,292.76666666666665,510.2416666666666,2,0.2857142857142857
2025-02-03,W02,Z2,Road Repair,10,8,12,174.36666666666667,396.50166666666667,7,0.7
2025-02-10,W02,Z2,Road Repair,13,5,20,144.0,320.3833333333333,9,0.6923076923076923
2025-02-17,W02,Z2,Road Repair,6,12,14,188.36666666666667,340.1533333333333,5,0.8333333333333334
2025-02-24,W02,Z2,Road Repair,13,5,21,411.6166666666667,556.3833333333334,10,0.8333333333333334
2025-03-03,W02,Z2,Road Repair,2,8,15,328.4,434.2066666666666,1,0.5
2025-03-10,W02,Z2,Road Repair,7,9,11,401.1333333333333,570.4566666666667,4,0.8
2025-03-17,W02,Z2,Road Repair,6,6,11,317.16666666666663,664.7166666666667,5,0.8333333333333334
2025-03-24,W02,Z2,Road Repair,3,7,6,300.6666666666667,525.8866666666668,2,1.0
2025-03-31,W02,Z2,Road Repair,8,5,9,292.75,664.08,7,0.875
2025-04-07,W02,Z2,Road Repair,7,6,10,182.45,241.575,4,0.5714285714285714
2025-04-14,W02,Z2,Road Repair,7,7,10,250.45,329.26,7,1.0
2025-04-21,W02,Z2,Road Repair,13,8,15,196.625,239.73999999999998,9,0.6923076923076923
2025-04-28,W02,Z2,Road Repair,7,7,15,208.96666666666667,622.5033333333334,6,0.8571428571428571
2025-05-05,W02,Z2,Road Repair,8,7,15,222.58333333333334,362.1500000000001,6,0.8571428571428571
2025-05-12,W02,Z2,Road Repair,6,9,12,236.35,587.7533333333333,4,0.6666666666666666
2025-05-19,W02,Z2,Road Repair,7,5,14,300.6,424.71333333333337,7,1.0
2025-05-26,W02,Z2,Road Repair,11,10,14,401.94166666666666,609.1799999999998,9,0.9
2025-06-02,W02,Z2,Road Repair,0,7,7,227.05,237.74333333333334,0,
2025-06-09,W02,Z2,Road Repair,0,6,1,377.775,464.76666666666665,0,
2025-06-16,W02,Z2,Road Repair,0,1,0,422.7,422.7,0,
2025-06-23,W02,Z2,Road Repair,0,0,0,,,0,
2024-12-30,W02,Z2,Stray Animals,2,2,0,20.575,25.275,0,0.0
2025-01-06,W02,Z2,Stray Animals,7,6,1,8.566666666666666,12.925,0,0.0
2025-01-13,W02,Z2,Stray Animals,10,10,0,11.3,25.455,0,0.0
2025-01-20,W02,Z2,Stray Animals,9,7,1,8.433333333333334,21.546666666666667,0,0.0
2025-01-27,W02,Z2,Stray Animals,12,13,0,10.75,23.796666666666674,0,0.0
2025-02-03,W02,Z2,Stray Animals,9,7,1,8.766666666666667,14.130000000000003,0,0.0
2025-02-10,W02,Z2,Stray Animals,5,6,0,21.325,38.2,0,0.0
2025-02-17,W02,Z2,Stray Animals,10,5,5,32.38333333333333,37.96,0,0.0
2025-02-24,W02,Z2,Stray Animals,6,11,0,16.266666666666666,32.95,0,0.0
2025-03-03,W02,Z2,Stray Animals,6,6,0,18.333333333333332,41.925,0,0.0
2025-03-10,W02,Z2,Stray Animals,9,8,0,13.866666666666667,24.16333333333333,0,0.0
2025-03-17,W02,Z2,Stray Animals,9,9,0,13.15,16.30666666666667,0,0.0
2025-03-24,W02,Z2,Stray Animals,7,6,0,18.058333333333334,23.375,0,0.0
2025-03-31,W02,Z2,Stray Animals,8,7,0,9.816666666666666,21.89,0,0.0
2025-04-07,W02,Z2,Stray Animals,9,8,0,14.858333333333334,18.08,0,0.0
2025-04-14,W02,Z2,Stray Animals,6,5,1,11.9,34.98333333333334,0,0.0
2025-04-21,W02,Z2,Stray Animals,6,6,1,8.683333333333334,15.583333333333332,0,0.0
2025-04-28,W02,Z2,Stray Animals,8,8,1,14.941666666666666,29.994999999999997,0,0.0
2025-05-05,W02,Z2,Stray Animals,13,11,1,8.766666666666667,16.566666666666666,0,0.0
2025-05-12,W02,Z2,Stray Animals,9,9,1,10.183333333333334,27.500000000000007,0,0.0
2025-05-19,W02,Z2,Stray Animals,9,7,2,15.2,22.423333333333336,0,0.0
2025-05-26,W02,Z2,Stray Animals,6,6,0,21.766666666666666,32.75833333333333,0,0.0
2025-06-02,W02,Z2,Stray Animals,0,0,0,,,0,
2025-06-09,W02,Z2,Stray Animals,0,0,0,,,0,
2025-06-16,W02,Z2,Stray Animals,0,0,0,,,0,
2025-06-23,W02,Z2,Stray Animals,0,0,0,,,0,
2024-12-30,W02,Z2,Streetlight,2,2,0,15.608333333333334,19.255000000000003,0,0.0
2025-01-06,W02,Z2,Streetlight,12,11,1,11.333333333333334,28.3,0,0.0
2025-01-13,W02,Z2,Streetlight,7,7,1,26.65,32.24,0,0.0
2025-01-20,W02,Z2,Streetlight,9,7,1,15.783333333333333,35.19,0,0.0
2025-01-27,W02,Z2,Streetlight,4,4,1,14.158333333333331,23.315,0,0.0
2025-02-03,W02,Z2,Streetlight,10,9,1,15.0,45.07666666666667,0,0.0
2025-02-10,W02,Z2,Streetlight,12,11,1,19.916666666666668,42.15,0,0.0
2025-02-17,W02,Z2,Streetlight,9,8,2,17.15,36.505,0,0.0
2025-02-24,W02,Z2,Streetlight,9,8,2,25.924999999999997,30.369999999999997,0,0.0
2025-03-03,W02,Z2,Streetlight,8,9,0,21.05,48.873333333333335,0,0.0
2025-03-10,W02,Z2,Streetlight,7,4,2,26.491666666666667,50.068333333333335,0,0.0
2025-03-17,W02,Z2,Streetlight,2,4,0,19.625,24.53333333333333,0,0.0
2025-03-24,W02,Z2,Streetlight,11,11,0,13.65,24.966666666666665,0,0.0
2025-03-31,W02,Z2,Streetlight,6,3,2,16.883333333333333,31.563333333333333,0,0.0
2025-04-07,W02,Z2,Streetlight,11,10,2,16.683333333333334,22.17333333333333,0,0.0
2025-04-14,W02,Z2,Streetlight,7,8,1,17.858333333333334,40.26166666666666,0,0.0
2025-04-21,W02,Z2,Streetlight,12,10,3,15.208333333333334,21.54166666666666,0,0.0
2025-04-28,W02,Z2,Streetlight,8,11,0,17.616666666666667,37.3,0,0.0
2025-05-05,W02,Z2,Streetlight,9,6,2,18.275,27.558333333333334,0,0.0
2025-05-12,W02,Z2,Streetlight,6,5,1,16.116666666666667,19.513333333333335,0,0.0
2025-05-19,W02,Z2,Streetlight,6,5,2,13.433333333333334,27.01,0,0.0
2025-05-26,W02,Z2,Streetlight,8,9,0,23.6,31.166666666666668,0,0.0
2025-06-02,W02,Z2,Streetlight,0,0,0,,,0,
2025-06-09,W02,Z2,Streetlight,0,0,0,,,0,
2025-06-16,W02,Z2,Streetlight,0,0,0,,,0,
2025-06-23,W02,Z2,Streetlight,0,0,0,,,0,
2024-12-30,W02,Z2,Water Supply,4,3,0,49.06666666666667,55.92,0,0.0
2025-01-06,W02,Z2,Water Supply,17,11,6,44.7,120.35,2,0.11764705882352941
2025-01-13,W02,Z2,Water Supply,9,10,5,63.28333333333333,132.2733333333333,0,0.0
2025-01-20,W02,Z2,Water Supply,13,12,3,56.66666666666667,85.43666666666667,1,0.1
2025-01-27,W02,Z2,Water Supply,7,5,5,52.983333333333334,140.46666666666667,0,0.0
2025-02-03,W02,Z2,Water Supply,7,12,0,48.8,95.04166666666667,0,0.0
2025-02-10,W02,Z2,Water Supply,7,4,3,43.56666666666666,54.098333333333336,0,0.0
2025-02-17,W02,Z2,Water Supply,7,6,3,46.1,66.31666666666666,1,0.16666666666666666
2025-02-24,W02,Z2,Water Supply,8,8,3,35.083333333333336,100.10833333333332,0,0.0
2025-03-03,W02,Z2,Water Supply,8,9,2,46.88333333333333,84.40333333333334,0,0.0
2025-03-10,W02,Z2,Water Supply,9,9,1,46.3,92.94000000000001,0,0.0
2025-03-17,W02,Z2,Water Supply,6,5,2,38.86666666666667,56.31,0,0.0
2025-03-24,W02,Z2,Water Supply,7,4,4,53.06666666666666,59.47,0,0.0
2025-03-31,W02,Z2,Water Supply,5,7,1,48.25,96.05000000000001,1,0.25
2025-04-07,W02,Z2,Water Supply,8,6,2,43.50833333333333,145.5,0,0.0
2025-04-14,W02,Z2,Water Supply,11,9,2,41.61666666666667,81.86,1,0.1111111111111111
2025-04-21,W02,Z2,Water Supply,7,6,3,63.483333333333334,141.43333333333334,0,0.0
2025-04-28,W02,Z2,Water Supply,8,10,1,51.4,78.975,0,0.0
2025-05-05,W02,Z2,Water Supply,7,2,6,19.041666666666668,22.30166666666667,1,0.14285714285714285
2025-05-12,W02,Z2,Water Supply,6,10,1,65.61666666666666,104.83499999999998,0,0.0
2025-05-19,W02,Z2,Water Supply,8,8,1,50.30833333333334,93.99,0,0.0
2025-05-26,W02,Z2,Water Supply,6,3,3,49.983333333333334,59.85,0,0.0
2025-06-02,W02,Z2,Water Supply,0,3,0,59.15,60.81666666666667,0,
2025-06-09,W02,Z2,Water Supply,0,0,0,,,0,
2025-06-16,W02,Z2,Water Supply,0,0,0,,,0,
2025-06-23,W02,Z2,Water Supply,0,0,0,,,0,
2024-12-30,W03,Z3,Drainage,4,0,4,,,4,1.0
2025-01-06,W03,Z3,Drainage,10,0,14,,,10,1.0
2025-01-13,W03,Z3,Drainage,15,0,29,,,15,1.0
2025-01-20,W03,Z3,Drainage,10,0,39,,,10,1.0
2025-01-27,W03,Z3,Drainage,11,0,50,,,11,1.0
2025-02-03,W03,Z3,Drainage,9,0,59,,,9,1.0
2025-02-10,W03,Z3,Drainage,8,0,67,,,8,1.0
2025-02-17,W03,Z3,Drainage,9,0,76,,,9,1.0
2025-02-24,W03,Z3,Drainage,5,0,81,,,5,1.0
2025-03-03,W03,Z3,Drainage,7,0,88,,,7,1.0
2025-03-10,W03,Z3,Drainage,9,0,97,,,9,1.0
2025-03-17,W03,Z3,Drainage,12,0,109,,,12,1.0
2025-03-24,W03,Z3,Drainage,10,0,119,,,10,1.0
2025-03-31,W03,Z3,Drainage,5,0,124,,,5,1.0
2025-04-07,W03,Z3,Drainage,12,0,136,,,12,1.0
2025-04-14,W03,Z3,Drainage,5,0,141,,,5,1.0
2025-04-21,W03,Z3,Drainage,5,0,146,,,5,1.0
2025-04-28,W03,Z3,Drainage,5,0,151,,,5,1.0
2025-05-05,W03,Z3,Drainage,8,0,159,,,8,1.0
2025-05-12,W03,Z3,Drainage,2,0,161,,,2,1.0
2025-05-19,W03,Z3,Drainage,7,0,168,,,7,1.0
2025-05-26,W03,Z3,Drainage,7,0,175,,,7,1.0
2025-06-02,W03,Z3,Drainage,0,0,175,,,0,
2025-06-09,W03,Z3,Drainage,0,0,175,,,0,
2025-06-16,W03,Z3,Drainage,0,0,175,,,0,
2025-06-23,W03,Z3,Drainage,0,0,175,,,0,
2024-12-30,W03,Z3,Encroachment,5,0,5,,,5,1.0
2025-01-06,W03,Z3,Encroachment,8,0,13,,,8,1.0
2025-01-13,W03,Z3,Encroachment,5,0,18,,,5,1.0
2025-01-20,W03,Z3,Encroachment,7,0,25,,,7,1.0
2025-01-27,W03,Z3,Encroachment,5,0,30,,,5,1.0
2025-02-03,W03,Z3,Encroachment,8,0,38,,,8,1.0
2025-02-10,W03,Z3,Encroachment,5,0,43,,,5,1.0
2025-02-17,W03,Z3,Encroachment,9,0,52,,,9,1.0
2025-02-24,W03,Z3,Encroachment,11,0,63,,,11,1.0
2025-03-03,W03,Z3,Encroachment,8,0,71,,,8,1.0
2025-03-10,W03,Z3,Encroachment,11,0,82,,,11,1.0
2025-03-17,W03,Z3,Encroachment,4,0,86,,,4,1.0
2025-03-24,W03,Z3,Encroachment,12,0,98,,,12,1.0
2025-03-31,W03,Z3,Encroachment,12,0,110,,,12,1.0
2025-04-07,W03,Z3,Encroachment,10,0,120,,,10,1.0
2025-04-14,W03,Z3,Encroachment,12,0,132,,,12,1.0
2025-04-21,W03,Z3,Encroachment,6,0,138,,,6,1.0
2025-04-28,W03,Z3,Encroachment,8,0,146,,,8,1.0
2025-05-05,W03,Z3,Encroachment,1,0,147,,,1,1.0
2025-05-12,W03,Z3,Encroachment,9,0,156,,,9,1.0
2025-05-19,W03,Z3,Encroachment,10,0,166,,,10,1.0
2025-05-26,W03,Z3,Encroachment,9,0,175,,,9,1.0
2025-06-02,W03,Z3,Encroachment,0,0,175,,,0,
2025-06-09,W03,Z3,Encroachment,0,0,175,,,0,
2025-06-16,W03,Z3,Encroachment,0,0,175,,,0,
2025-06-23,W03,Z3,Encroachment,0,0,175,,,0,
2024-12-30,W03,Z3,Garbage,8,0,8,,,8,1.0
2025-01-06,W03,Z3,Garbage,8,0,16,,,8,1.0
2025-01-13,W03,Z3,Garbage,11,0,27,,,11,1.0
2025-01-20,W03,Z3,Garbage,1,0,28,,,1,1.0
2025-01-27,W03,Z3,Garbage,7,0,35,,,7,1.0
2025-02-03,W03,Z3,Garbage,10,0,45,,,10,1.0
2025-02-10,W03,Z3,Garbage,6,0,51,,,6,1.0
2025-02-17,W03,Z3,Garbage,7,0,58,,,7,1.0
2025-02-24,W03,Z3,Garbage,6,0,64,,,6,1.0
2025-03-03,W03,Z3,Garbage,9,0,73,,,9,1.0
2025-03-10,W03,Z3,Garbage,10,0,83,,,10,1.0
2025-03-17,W03,Z3,Garbage,8,0,91,,,8,1.0
2025-03-24,W03,Z3,Garbage,8,0,99,,,8,1.0
2025-03-31,W03,Z3,Garbage,12,0,111,,,12,1.0
2025-04-07,W03,Z3,Garbage,10,0,121,,,10,1.0
2025-04-14,W03,Z3,Garbage,8,0,129,,,8,1.0
2025-04-21,W03,Z3,Garbage,5,0,134,,,5,1.0
2025-04-28,W03,Z3,Garbage,10,0,144,,,10,1.0
2025-05-05,W03,Z3,Garbage,8,0,152,,,8,1.0
2025-05-12,W03,Z3,Garbage,3,0,155,,,3,1.0
2025-05-19,W03,Z3,Garbage,12,0,167,,,12,1.0
2025-05-26,W03,Z3,Garbage,8,0,175,,,8,1.0
2025-06-02,W03,Z3,Garbage,0,0,175,,,0,
2025-06-09,W03,Z3,Garbage,0,0,175,,,0,
2025-06-16,W03,Z3,Garbage,0,0,175,,,0,
2025-06-23,W03,Z3,Garbage,0,0,175,,,0,
2024-12-30,W03,Z3,Property Tax,2,0,2,,,2,1.0
2025-01-06,W03,Z3,Property Tax,7,0,9,,,7,1.0
2025-01-13,W03,Z3,Property Tax,8,0,17,,,8,1.0
2025-01-20,W03,Z3,Property Tax,10,0,27,,,10,1.0
2025-01-27,W03,Z3,Property Tax,6,0,33,,,6,1.0
2025-02-03,W03,Z3,Property Tax,7,0,40,,,7,1.0
2025-02-10,W03,Z3,Property Tax,9,0,49,,,9,1.0
2025-02-17,W03,Z3,Property Tax,10,0,59,,,10,1.0
2025-02-24,W03,Z3,Property Tax,13,0,72,,,13,1.0
2025-03-03,W03,Z3,Property Tax,10,0,82,,,10,1.0
2025-03-10,W03,Z3,Property Tax,7,0,89,,,7,1.0
2025-03-17,W03,Z3,Property Tax,10,0,99,,,10,1.0
2025-03-24,W03,Z3,Property Tax,8,0,107,,,8,1.0
2025-03-31,W03,Z3,Property Tax,2,0,109,,,2,1.0
2025-04-07,W03,Z3,Property Tax,8,0,117,,,8,1.0
2025-04-14,W03,Z3,Property Tax,7,0,124,,,7,1.0
2025-04-21,W03,Z3,Property Tax,9,0,133,,,9,1.0
2025-04-28,W03,Z3,Property Tax,13,0,146,,,13,1.0
2025-05-05,W03,Z3,Property Tax,7,0,153,,,7,1.0
2025-05-12,W03,Z3,Property Tax,5,0,158,,,5,1.0
2025-05-19,W03,Z3,Property Tax,11,0,169,,,11,1.0
2025-05-26,W03,Z3,Property Tax,6,0,175,,,6,1.0
2025-06-02,W03,Z3,Property Tax,0,0,175,,,0,
2025-06-09,W03,Z3,Property Tax,0,0,175,,,0,
2025-06-16,W03,Z3,Property Tax,0,0,175,,,0,
2025-06-23,W03,Z3,Property Tax,0,0,175,,,0,
2024-12-30,W03,Z3,Road Repair,8,0,8,,,8,1.0
2025-01-06,W03,Z3,Road Repair,10,0,18,,,10,1.0
2025-01-13,W03,Z3,Road Repair,9,0,27,,,9,1.0
2025-01-20,W03,Z3,Road Repair,4,0,31,,,4,1.0
2025-01-27,W03,Z3,Road Repair,7,0,38,,,7,1.0
2025-02-03,W03,Z3,Road Repair,11,0,49,,,11,1.0
2025-02-10,W03,Z3,Road Repair,7,0,56,,,7,1.0
2025-02-17,W03,Z3,Road Repair,5,0,61,,,5,1.0
2025-02-24,W03,Z3,Road Repair,10,0,71,,,10,1.0
2025-03-03,W03,Z3,Road Repair,3,0,74,,,3,1.0
2025-03-10,W03,Z3,Road Repair,8,0,82,,,8,1.0
2025-03-17,W03,Z3,Road Repair,7,0,89,,,7,1.0
2025-03-24,W03,Z3,Road Repair,7,0,96,,,7,1.0
2025-03-31,W03,Z3,Road Repair,11,0,107,,,11,1.0
2025-04-07,W03,Z3,Road Repair,9,0,116,,,9,1.0
2025-04-14,W03,Z3,Road Repair,7,0,123,,,7,1.0
2025-04-21,W03,Z3,Road Repair,7,0,130,,,7,1.0
2025-04-28,W03,Z3,Road Repair,7,0,137,,,7,1.0
2025-05-05,W03,Z3,Road Repair,12,0,149,,,12,1.0
2025-05-12,W03,Z3,Road Repair,5,0,154,,,5,1.0
2025-05-19,W03,Z3,Road Repair,11,0,165,,,11,1.0
2025-05-26,W03,Z3,Road Repair,10,0,175,,,10,1.0
2025-06-02,W03,Z3,Road Repair,0,0,175,,,0,
2025-06-09,W03,Z3,Road Repair,0,0,175,,,0,
2025-06-16,W03,Z3,Road Repair,0,0,175,,,0,
2025-06-23,W03,Z3,Road Repair,0,0,175,,,0,
2024-12-30,W03,Z3,Stray Animals,6,0,6,,,6,1.0
2025-01-06,W03,Z3,Stray Animals,11,0,17,,,11,1.0
2025-01-13,W03,Z3,Stray Animals,8,0,25,,,8,1.0
2025-01-20,W03,Z3,Stray Animals,5,0,30,,,5,1.0
2025-01-27,W03,Z3,Stray Animals,11,0,41,,,11,1.0
2025-02-03,W03,Z3,Stray Animals,9,0,50,,,9,1.0
2025-02-10,W03,Z3,Stray Animals,8,0,58,,,8,1.0
2025-02-17,W03,Z3,Stray Animals,7,0,65,,,7,1.0
2025-02-24,W03,Z3,Stray Animals,8,0,73,,,8,1.0
2025-03-03,W03,Z3,Stray Animals,11,0,84,,,11,1.0
2025-03-10,W03,Z3,Stray Animals,10,0,94,,,10,1.0
2025-03-17,W03,Z3,Stray Animals,8,0,102,,,8,1.0
2025-03-24,W03,Z3,Stray Animals,4,0,106,,,4,1.0
2025-03-31,W03,Z3,Stray Animals,9,0,115,,,9,1.0
2025-04-07,W03,Z3,Stray Animals,7,0,122,,,7,1.0
2025-04-14,W03,Z3,Stray Animals,10,0,132,,,10,1.0
2025-04-21,W03,Z3,Stray Animals,11,0,143,,,11,1.0
2025-04-28,W03,Z3,Stray Animals,4,0,147,,,4,1.0
2025-05-05,W03,Z3,Stray Animals,7,0,154,,,7,1.0
2025-05-12,W03,Z3,Stray Animals,8,0,162,,,8,1.0
2025-05-19,W03,Z3,Stray Animals,10,0,172,,,10,1.0
2025-05-26,W03,Z3,Stray Animals,3,0,175,,,3,1.0
2025-06-02,W03,Z3,Stray Animals,0,0,175,,,0,
2025-06-09,W03,Z3,Stray Animals,0,0,175,,,0,
2025-06-16,W03,Z3,Stray Animals,0,0,175,,,0,
2025-06-23,W03,Z3,Stray Animals,0,0,175,,,0,
2024-12-30,W03,Z3,Streetlight,5,0,5,,,5,1.0
2025-01-06,W03,Z3,Streetlight,8,0,13,,,8,1.0
2025-01-13,W03,Z3,Streetlight,6,0,19,,,6,1.0
2025-01-20,W03,Z3,Streetlight,6,0,25,,,6,1.0
2025-01-27,W03,Z3,Streetlight,7,0,32,,,7,1.0
2025-02-03,W03,Z3,Streetlight,6,0,38,,,6,1.0
2025-02-10,W03,Z3,Streetlight,5,0,43,,,5,1.0
2025-02-17,W03,Z3,Streetlight,8,0,51,,,8,1.0
2025-02-24,W03,Z3,Streetlight,7,0,58,,,7,1.0
2025-03-03,W03,Z3,Streetlight,9,0,67,,,9,1.0
2025-03-10,W03,Z3,Streetlight,7,0,74,,,7,1.0
2025-03-17,W03,Z3,Streetlight,11,0,85,,,11,1.0
2025-03-24,W03,Z3,Streetlight,8,0,93,,,8,1.0
2025-03-31,W03,Z3,Streetlight,3,0,96,,,3,1.0
2025-04-07,W03,Z3,Streetlight,7,0,103,,,7,1.0
2025-04-14,W03,Z3,Streetlight,9,0,112,,,9,1.0
2025-04-21,W03,Z3,Streetlight,9,0,121,,,9,1.0
2025-04-28,W03,Z3,Streetlight,11,0,132,,,11,1.0
2025-05-05,W03,Z3,Streetlight,8,0,140,,,8,1.0
2025-05-12,W03,Z3,Streetlight,14,0,154,,,14,1.0
2025-05-19,W03,Z3,Streetlight,11,0,165,,,11,1.0
2025-05-26,W03,Z3,Streetlight,10,0,175,,,10,1.0
2025-06-02,W03,Z3,Streetlight,0,0,175,,,0,
2025-06-09,W03,Z3,Streetlight,0,0,175,,,0,
2025-06-16,W03,Z3,Streetlight,0,0,175,,,0,
2025-06-23,W03,Z3,Streetlight,0,0,175,,,0,
2024-12-30,W03,Z3,Water Supply,6,0,6,,,6,1.0
2025-01-06,W03,Z3,Water Supply,6,0,12,,,6,1.0
2025-01-13,W03,Z3,Water Supply,6,0,18,,,6,1.0
2025-01-20,W03,Z3,Water Supply,8,0,26,,,8,1.0
2025-01-27,W03,Z3,Water Supply,8,0,34,,,8,1.0
2025-02-03,W03,Z3,Water Supply,5,0,39,,,5,1.0
2025-02-10,W03,Z3,Water Supply,4,0,43,,,4,1.0
2025-02-17,W03,Z3,Water Supply,7,0,50,,,7,1.0
2025-02-24,W03,Z3,Water Supply,6,0,56,,,6,1.0
2025-03-03,W03,Z3,Water Supply,7,0,63,,,7,1.0
2025-03-10,W03,Z3,Water Supply,11,0,74,,,11,1.0
2025-03-17,W03,Z3,Water Supply,11,0,85,,,11,1.0
2025-03-24,W03,Z3,Water Supply,9,0,94,,,9,1.0
2025-03-31,W03,Z3,Water Supply,8,0,102,,,8,1.0
2025-04-07,W03,Z3,Water Supply,9,0,111,,,9,1.0
2025-04-14,W03,Z3,Water Supply,9,0,120,,,9,1.0
2025-04-21,W03,Z3,Water Supply,8,0,128,,,8,1.0
2025-04-28,W03,Z3,Water Supply,12,0,140,,,12,1.0
2025-05-05,W03,Z3,Water Supply,6,0,146,,,6,1.0
2025-05-12,W03,Z3,Water Supply,11,0,157,,,11,1.0
2025-05-19,W03,Z3,Water Supply,14,0,171,,,14,1.0
2025-05-26,W03,Z3,Water Supply,4,0,175,,,4,1.0
2025-06-02,W03,Z3,Water Supply,0,0,175,,,0,
2025-06-09,W03,Z3,Water Supply,0,0,175,,,0,
2025-06-16,W03,Z3,Water Supply,0,0,175,,,0,
2025-06-23,W03,Z3,Water Supply,0,0,175,,,0,
2024-12-30,W04,Z4,Drainage,4,0,4,,,2,0.5
2025-01-06,W04,Z4,Drainage,8,7,5,82.66666666666667,157.59,1,0.125
2025-01-13,W04,Z4,Drainage,14,13,6,59.86666666666667,130.7466666666667,2,0.14285714285714285
2025-01-20,W04,Z4,Drainage,9,8,5,104.23333333333333,353.41166666666663,1,0.14285714285714285
2025-01-27,W04,Z4,Drainage,10,7,8,90.38333333333334,221.7333333333334,2,0.2
2025-02-03,W04,Z4,Drainage,11,8,7,77.49166666666667,253.15499999999994,3,0.42857142857142855
2025-02-10,W04,Z4,Drainage,8,8,7,105.4,163.575,3,0.375
2025-02-17,W04,Z4,Drainage,12,10,9,157.5,357.37166666666667,3,0.25
2025-02-24,W04,Z4,Drainage,5,9,5,117.38333333333334,206.45000000000002,1,0.2
2025-03-03,W04,Z4,Drainage,7,10,0,85.81666666666666,185.08666666666662,0,0.0
2025-03-10,W04,Z4,Drainage,8,2,6,98.14166666666667,106.26833333333333,2,0.25
2025-03-17,W04,Z4,Drainage,8,7,6,90.35,171.0266666666667,4,0.5714285714285714
2025-03-24,W04,Z4,Drainage,7,5,8,107.35,206.48333333333335,3,0.42857142857142855
2025-03-31,W04,Z4,Drainage,10,8,10,114.36666666666667,301.13,3,0.3
2025-04-07,W04,Z4,Drainage,8,11,6,181.03333333333333,360.48333333333335,1,0.14285714285714285
2025-04-14,W04,Z4,Drainage,4,8,2,78.8,150.89333333333332,0,0.0
2025-04-21,W04,Z4,Drainage,9,8,2,83.50833333333333,126.27999999999999,1,0.125
2025-04-28,W04,Z4,Drainage,4,4,1,72.44166666666666,190.35000000000002,0,0.0
2025-05-05,W04,Z4,Drainage,6,5,2,60.75,91.62333333333333,1,0.16666666666666666
2025-05-12,W04,Z4,Drainage,8,4,6,85.69166666666666,150.86,2,0.25
2025-05-19,W04,Z4,Drainage,10,8,8,139.47500000000002,193.7233333333333,1,0.1
2025-05-26,W04,Z4,Drainage,5,8,5,114.29166666666666,187.97499999999997,1,0.2
2025-06-02,W04,Z4,Drainage,0,5,0,161.13333333333333,343.69,0,
2025-06-09,W04,Z4,Drainage,0,0,0,,,0,
2025-06-16,W04,Z4,Drainage,0,0,0,,,0,
2025-06-23,W04,Z4,Drainage,0,0,0,,,0,
2024-12-30,W04,Z4,Encroachment,6,0,6,,,5,0.8333333333333334
2025-01-06,W04,Z4,Encroachment,18,3,20,122.53333333333333,174.92000000000002,15,0.8823529411764706
2025-01-13,W04,Z4,Encroachment,8,4,24,208.59166666666667,293.935,6,0.75
2025-01-20,W04,Z4,Encroachment,2,8,18,322.6166666666667,421.2416666666667,2,1.0
2025-01-27,W04,Z4,Encroachment,10,10,18,349.575,541.0983333333334,9,0.9
2025-02-03,W04,Z4,Encroachment,10,6,21,486.5416666666667,717.0833333333333,8,0.8888888888888888
2025-02-10,W04,Z4,Encroachment,13,9,23,243.55,798.85,10,0.9090909090909091
2025-02-17,W04,Z4,Encroachment,7,10,20,375.26666666666665,860.6833333333333,6,0.8571428571428571
2025-02-24,W04,Z4,Encroachment,5,7,18,333.68333333333334,533.9366666666667,4,0.8
2025-03-03,W04,Z4,Encroachment,6,6,18,384.425,565.0833333333334,6,1.0
2025-03-10,W04,Z4,Encroachment,9,9,18,320.48333333333335,825.5933333333334,9,1.0
2025-03-17,W04,Z4,Encroachment,7,6,18,267.8083333333333,883.6083333333333,6,1.0
2025-03-24,W04,Z4,Encroachment,9,8,19,406.9083333333333,925.4716666666667,9,1.0
2025-03-31,W04,Z4,Encroachment,7,6,18,325.73333333333335,408.9083333333333,5,1.0
2025-04-07,W04,Z4,Encroachment,8,4,22,478.76666666666665,643.6516666666668,8,1.0
2025-04-14,W04,Z4,Encroachment,5,8,19,396.55833333333334,1101.7633333333333,4,0.8
2025-04-21,W04,Z4,Encroachment,7,8,18,288.2583333333333,635.2633333333333,6,0.8571428571428571
2025-04-28,W04,Z4,Encroachment,7,5,18,365.8333333333333,730.19,5,1.0
2025-05-05,W04,Z4,Encroachment,8,8,16,462.9666666666667,876.8783333333332,4,0.6666666666666666
2025-05-12,W04,Z4,Encroachment,8,7,17,524.75,805.3266666666668,8,1.0
2025-05-19,W04,Z4,Encroachment,8,10,15,421.2083333333333,734.165,8,1.0
2025-05-26,W04,Z4,Encroachment,7,7,14,346.1333333333333,662.0300000000002,6,1.0
2025-06-02,W04,Z4,Encroachment,0,6,8,370.14166666666665,529.1416666666667,0,
2025-06-09,W04,Z4,Encroachment,0,3,5,518.2166666666667,592.2433333333333,0,
2025-06-16,W04,Z4,Encroachment,0,3,2,578.1666666666666,581.1266666666667,0,
2025-06-23,W04,Z4,Encroachment,0,0,2,,,0,
2024-12-30,W04,Z4,Garbage,5,2,3,41.50833333333334,43.86166666666667,0,0.0
2025-01-06,W04,Z4,Garbage,12,11,4,36.15,79.23333333333333,0,0.0
2025-01-13,W04,Z4,Garbage,10,12,1,34.99166666666667,75.39166666666668,0,0.0
2025-01-20,W04,Z4,Garbage,9,7,3,35.516666666666666,65.31333333333335,0,0.0
2025-01-27,W04,Z4,Garbage,8,9,2,36.93333333333333,68.23,0,0.0
2025-02-03,W04,Z4,Garbage,7,6,2,22.40833333333333,66.43333333333334,0,0.0
2025-02-10,W04,Z4,Garbage,7,9,0,29.483333333333334,39.43,0,0.0
2025-02-17,W04,Z4,Garbage,6,4,2,39.80833333333334,69.89166666666667,0,0.0
2025-02-24,W04,Z4,Garbage,9,9,2,24.4,31.893333333333334,0,0.0
2025-03-03,W04,Z4,Garbage,4,5,1,29.383333333333333,50.50666666666667,0,0.0
2025-03-10,W04,Z4,Garbage,5,5,1,31.5,53.61666666666667,0,0.0
2025-03-17,W04,Z4,Garbage,10,8,1,49.974999999999994,72.625,0,0.0
2025-03-24,W04,Z4,Garbage,6,7,0,31.516666666666666,80.62,0,0.0
2025-03-31,W04,Z4,Garbage,9,7,1,24.016666666666666,52.78666666666667,0,0.0
2025-04-07,W04,Z4,Garbage,10,9,1,31.716666666666665,61.57666666666667,0,0.0
2025-04-14,W04,Z4,Garbage,6,5,1,27.433333333333334,61.35333333333333,0,0.0
2025-04-21,W04,Z4,Garbage,14,13,1,24.566666666666666,53.276666666666664,0,0.0
2025-04-28,W04,Z4,Garbage,8,6,2,30.4,52.766666666666666,0,0.0
2025-05-05,W04,Z4,Garbage,7,7,2,28.383333333333333,33.22,0,0.0
2025-05-12,W04,Z4,Garbage,4,5,1,43.86666666666667,77.23666666666668,0,0.0
2025-05-19,W04,Z4,Garbage,10,6,4,31.575,41.86666666666667,0,0.0
2025-05-26,W04,Z4,Garbage,9,11,0,41.93333333333333,75.81666666666666,0,0.0
2025-06-02,W04,Z4,Garbage,0,0,0,,,0,
2025-06-09,W04,Z4,Garbage,0,0,0,,,0,
2025-06-16,W04,Z4,Garbage,0,0,0,,,0,
2025-06-23,W04,Z4,Garbage,0,0,0,,,0,
2024-12-30,W04,Z4,Property Tax,7,1,5,107.03333333333333,107.03333333333333,1,0.16666666666666666
2025-01-06,W04,Z4,Property Tax,6,6,4,79.775,89.925,1,0.2
2025-01-13,W04,Z4,Property Tax,8,8,4,64.81666666666666,143.03666666666663,0,0.0
2025-01-20,W04,Z4,Property Tax,9,9,4,67.21666666666667,119.97333333333333,1,0.1111111111111111
2025-01-27,W04,Z4,Property Tax,11,9,6,63.983333333333334,139.53,0,0.0
2025-02-03,W04,Z4,Property Tax,8,10,4,69.06666666666666,161.5499999999999,1,0.125
2025-02-10,W04,Z4,Property Tax,11,7,6,77.8,432.47000000000025,1,0.1111111111111111
2025-02-17,W04,Z4,Property Tax,6,7,5,91.25,238.7033333333334,1,0.16666666666666666
2025-02-24,W04,Z4,Property Tax,9,9,5,78.43333333333334,228.07333333333335,1,0.1111111111111111
2025-03-03,W04,Z4,Property Tax,10,12,3,43.4,112.74833333333333,1,0.1
2025-03-10,W04,Z4,Property Tax,8,6,3,73.725,154.99166666666667,1,0.16666666666666666
2025-03-17,W04,Z4,Property Tax,6,6,2,81.29166666666666,168.94166666666666,1,0.2
2025-03-24,W04,Z4,Property Tax,5,5,1,65.43333333333334,128.75333333333336,0,0.0
2025-03-31,W04,Z4,Property Tax,8,6,3,88.21666666666667,126.82499999999999,1,0.125
2025-04-07,W04,Z4,Property Tax,10,7,6,115.88333333333334,141.00333333333333,0,0.0
2025-04-14,W04,Z4,Property Tax,7,9,4,94.01666666666667,147.29333333333335,1,0.14285714285714285
2025-04-21,W04,Z4,Property Tax,6,7,3,84.95,128.3,0,0.0
2025-04-28,W04,Z4,Property Tax,6,5,3,65.21666666666667,218.01666666666665,1,0.2
2025-05-05,W04,Z4,Property Tax,11,7,5,57.333333333333336,106.56333333333338,0,0.0
2025-05-12,W04,Z4,Property Tax,15,13,5,60.233333333333334,144.61666666666667,2,0.15384615384615385
2025-05-19,W04,Z4,Property Tax,4,6,3,101.8,188.30833333333334,1,0.25
2025-05-26,W04,Z4,Property Tax,4,5,2,92.15,149.8466666666667,0,0.0
2025-06-02,W04,Z4,Property Tax,0,2,0,132.74166666666667,139.30833333333334,0,
2025-06-09,W04,Z4,Property Tax,0,0,0,,,0,
2025-06-16,W04,Z4,Property Tax,0,0,0,,,0,
2025-06-23,W04,Z4,Property Tax,0,0,0,,,0,
2024-12-30,W04,Z4,Road Repair,6,0,6,,,4,0.6666666666666666
2025-01-06,W04,Z4,Road Repair,12,3,14,102.4,143.81333333333333,7,0.6363636363636364
2025-01-13,W04,Z4,Road Repair,10,10,14,204.73333333333332,269.8883333333333,9,0.9
2025-01-20,W04,Z4,Road Repair,7,8,13,232.27499999999998,354.49833333333333,5,0.7142857142857143
2025-01-27,W04,Z4,Road Repair,9,7,15,214.6,307.08666666666664,2,0.2222222222222222
2025-02-03,W04,Z4,Road Repair,8,11,11,167.85,514.7833333333333,6,0.8571428571428571
2025-02-10,W04,Z4,Road Repair,7,4,14,215.18333333333334,538.9750000000001,5,0.7142857142857143
2025-02-17,W04,Z4,Road Repair,11,11,13,269.8,668.8833333333333,9,0.9
2025-02-24,W04,Z4,Road Repair,9,2,20,242.25833333333333,280.6116666666667,7,0.7777777777777778
2025-03-03,W04,Z4,Road Repair,7,13,13,230.01666666666668,464.73,6,1.0
2025-03-10,W04,Z4,Road Repair,7,10,9,304.2,403.33,2,0.3333333333333333
2025-03-17,W04,Z4,Road Repair,3,7,5,161.9,275.5666666666667,3,1.0
2025-03-24,W04,Z4,Road Repair,7,5,7,234.5,933.0266666666668,3,0.42857142857142855
2025-03-31,W04,Z4,Road Repair,7,3,11,145.6,273.5733333333333,6,0.8571428571428571
2025-04-07,W04,Z4,Road Repair,12,7,16,223.83333333333334,393.59333333333336,9,0.75
2025-04-14,W04,Z4,Road Repair,6,8,14,220.49166666666667,410.87499999999994,2,0.3333333333333333
2025-04-21,W04,Z4,Road Repair,9,9,13,261.1666666666667,423.90000000000003,8,1.0
2025-04-28,W04,Z4,Road Repair,6,7,11,262.45,567.09,4,0.8
2025-05-05,W04,Z4,Road Repair,7,5,12,375.75,556.1833333333333,3,0.5
2025-05-12,W04,Z4,Road Repair,11,6,15,192.61666666666667,384.01666666666665,8,0.8888888888888888
2025-05-19,W04,Z4,Road Repair,6,4,16,368.975,622.5216666666666,4,0.8
2025-05-26,W04,Z4,Road Repair,8,9,13,286.3,410.7633333333334,5,0.8333333333333334
2025-06-02,W04,Z4,Road Repair,0,9,4,325.78333333333336,860.9,0,
2025-06-09,W04,Z4,Road Repair,0,2,2,528.4583333333334,649.2650000000001,0,
2025-06-16,W04,Z4,Road Repair,0,0,2,,,0,
2025-06-23,W04,Z4,Road Repair,0,2,0,771.2833333333333,929.8166666666667,0,
2024-12-30,W04,Z4,Stray Animals,8,6,2,12.041666666666666,14.808333333333334,0,0.0
2025-01-06,W04,Z4,Stray Animals,8,10,0,14.9,46.166666666666664,0,0.0
2025-01-13,W04,Z4,Stray Animals,11,8,2,16.883333333333333,27.264999999999993,0,0.0
2025-01-20,W04,Z4,Stray Animals,7,9,0,11.183333333333334,20.34,0,0.0
2025-01-27,W04,Z4,Stray Animals,8,7,1,18.25,24.710000000000004,0,0.0
2025-02-03,W04,Z4,Stray Animals,10,10,0,10.733333333333334,19.639999999999993,0,0.0
2025-02-10,W04,Z4,Stray Animals,13,12,1,9.541666666666666,14.530000000000001,0,0.0
2025-02-17,W04,Z4,Stray Animals,7,7,1,11.316666666666666,20.88666666666667,0,0.0
2025-02-24,W04,Z4,Stray Animals,6,7,0,16.266666666666666,36.536666666666676,0,0.0
2025-03-03,W04,Z4,Stray Animals,7,6,0,13.733333333333334,24.6,0,0.0
2025-03-10,W04,Z4,Stray Animals,6,6,0,11.816666666666666,21.166666666666664,0,0.0
2025-03-17,W04,Z4,Stray Animals,6,6,0,10.825,29.266666666666666,0,0.0
2025-03-24,W04,Z4,Stray Animals,11,8,1,7.841666666666667,13.981666666666666,0,0.0
2025-03-31,W04,Z4,Stray Animals,6,5,1,7.7,22.753333333333334,0,0.0
2025-04-07,W04,Z4,Stray Animals,9,9,0,10.25,25.42,0,0.0
2025-04-14,W04,Z4,Stray Animals,6,6,0,10.95,23.425,0,0.0
2025-04-21,W04,Z4,Stray Animals,8,5,0,13.95,26.060000000000002,0,0.0
2025-04-28,W04,Z4,Stray Animals,11,9,2,13.233333333333333,22.166666666666668,0,0.0
2025-05-05,W04,Z4,Stray Animals,6,8,0,13.841666666666667,19.28,0,0.0
2025-05-12,W04,Z4,Stray Animals,5,4,0,12.1,15.05,0,0.0
2025-05-19,W04,Z4,Stray Animals,11,10,1,21.575000000000003,29.35499999999999,0,0.0
2025-05-26,W04,Z4,Stray Animals,5,5,0,12.416666666666666,36.81333333333333,0,0.0
2025-06-02,W04,Z4,Stray Animals,0,0,0,,,0,
2025-06-09,W04,Z4,Stray Animals,0,0,0,,,0,
2025-06-16,W04,Z4,Stray Animals,0,0,0,,,0,
2025-06-23,W04,Z4,Stray Animals,0,0,0,,,0,
2024-12-30,W04,Z4,Streetlight,3,1,2,16.066666666666666,16.066666666666666,0,0.0
2025-01-06,W04,Z4,Streetlight,6,7,0,15.466666666666667,27.14333333333334,0,0.0
2025-01-13,W04,Z4,Streetlight,6,5,1,17.433333333333334,19.076666666666668,0,0.0
2025-01-20,W04,Z4,Streetlight,14,15,0,15.4,20.366666666666667,0,0.0
2025-01-27,W04,Z4,Streetlight,11,6,4,13.441666666666666,29.65833333333333,0,0.0
2025-02-03,W04,Z4,Streetlight,11,14,0,19.424999999999997,44.24333333333333,0,0.0
2025-02-10,W04,Z4,Streetlight,6,6,0,19.183333333333334,34.875,0,0.0
2025-02-17,W04,Z4,Streetlight,14,11,3,15.2,33.7,0,0.0
2025-02-24,W04,Z4,Streetlight,8,8,1,13.391666666666666,25.34,0,0.0
2025-03-03,W04,Z4,Streetlight,5,5,0,26.0,33.93333333333334,0,0.0
2025-03-10,W04,Z4,Streetlight,12,11,1,19.233333333333334,23.166666666666668,0,0.0
2025-03-17,W04,Z4,Streetlight,8,8,0,14.816666666666666,22.1,0,0.0
2025-03-24,W04,Z4,Streetlight,6,3,2,13.866666666666667,16.933333333333334,0,0.0
2025-03-31,W04,Z4,Streetlight,6,7,0,18.233333333333334,34.57333333333334,0,0.0
2025-04-07,W04,Z4,Streetlight,8,6,0,14.325,26.633333333333333,0,0.0
2025-04-14,W04,Z4,Streetlight,11,9,1,20.266666666666666,27.58,0,0.0
2025-04-21,W04,Z4,Streetlight,9,10,0,20.333333333333332,45.86499999999999,0,0.0
2025-04-28,W04,Z4,Streetlight,5,4,1,20.191666666666666,37.693333333333335,0,0.0
2025-05-05,W04,Z4,Streetlight,6,5,2,28.866666666666667,37.516666666666666,0,0.0
2025-05-12,W04,Z4,Streetlight,9,11,0,19.883333333333333,26.016666666666666,0,0.0
2025-05-19,W04,Z4,Streetlight,6,3,2,18.566666666666666,32.16666666666667,0,0.0
2025-05-26,W04,Z4,Streetlight,5,6,1,17.566666666666666,24.675,0,0.0
2025-06-02,W04,Z4,Streetlight,0,1,0,65.16666666666667,65.16666666666667,0,
2025-06-09,W04,Z4,Streetlight,0,0,0,,,0,
2025-06-16,W04,Z4,Streetlight,0,0,0,,,0,
2025-06-23,W04,Z4,Streetlight,0,0,0,,,0,
2024-12-30,W04,Z4,Water Supply,7,4,3,40.25,61.01833333333333,0,0.0
2025-01-06,W04,Z4,Water Supply,5,5,3,62.43333333333333,133.73333333333335,0,0.0
2025-01-13,W04,Z4,Water Supply,7,8,1,53.45,89.17666666666666,0,0.0
2025-01-20,W04,Z4,Water Supply,11,7,5,44.916666666666664,65.51,1,0.09090909090909091
2025-01-27,W04,Z4,Water Supply,10,7,8,58.9,113.37666666666668,0,0.0
2025-02-03,W04,Z4,Water Supply,12,16,4,49.75833333333333,134.11666666666667,0,0.0
2025-02-10,W04,Z4,Water Supply,7,7,4,79.81666666666666,96.39,0,0.0
2025-02-17,W04,Z4,Water Supply,7,8,2,30.983333333333334,70.53333333333333,1,0.16666666666666666
2025-02-24,W04,Z4,Water Supply,11,7,6,43.2,74.87333333333335,0,0.0
2025-03-03,W04,Z4,Water Supply,11,13,2,84.45,160.34666666666666,0,0.0
2025-03-10,W04,Z4,Water Supply,5,6,1,56.575,72.83333333333334,0,0.0
2025-03-17,W04,Z4,Water Supply,4,3,1,55.13333333333333,92.76,0,0.0
2025-03-24,W04,Z4,Water Supply,7,4,4,40.95,51.105000000000004,0,0.0
2025-03-31,W04,Z4,Water Supply,9,10,2,66.63333333333334,99.54333333333332,0,0.0
2025-04-07,W04,Z4,Water Supply,7,5,3,56.833333333333336,93.11333333333334,0,0.0
2025-04-14,W04,Z4,Water Supply,5,5,3,56.266666666666666,114.38666666666668,0,0.0
2025-04-21,W04,Z4,Water Supply,5,8,0,57.108333333333334,80.82166666666666,0,0.0
2025-04-28,W04,Z4,Water Supply,12,5,6,55.916666666666664,98.27333333333334,0,0.0
2025-05-05,W04,Z4,Water Supply,11,13,2,64.36666666666666,137.02000000000004,0,0.0
2025-05-12,W04,Z4,Water Supply,7,3,5,82.36666666666666,101.35333333333332,0,0.0
2025-05-19,W04,Z4,Water Supply,9,12,1,42.55,90.15833333333333,0,0.0
2025-05-26,W04,Z4,Water Supply,6,6,0,34.625,94.50833333333333,0,0.0
2025-06-02,W04,Z4,Water Supply,0,0,0,,,0,
2025-06-09,W04,Z4,Water Supply,0,0,0,,,0,
2025-06-16,W04,Z4,Water Supply,0,0,0,,,0,
2025-06-23,W04,Z4,Water Supply,0,0,0,,,0,
2024-12-30,W05,Z0,Drainage,6,1,4,113.75,113.75,2,0.4
2025-01-06,W05,Z0,Drainage,7,7,3,67.3,162.1166666666667,1,0.16666666666666666
2025-01-13,W05,Z0,Drainage,5,3,3,187.05,227.37,0,0.0
2025-01-20,W05,Z0,Drainage,8,5,5,84.55,119.81333333333335,1,0.14285714285714285
2025-01-27,W05,Z0,Drainage,6,7,4,89.35,167.23,1,0.16666666666666666
2025-02-03,W05,Z0,Drainage,4,5,3,93.85,163.16666666666669,0,0.0
2025-02-10,W05,Z0,Drainage,2,3,2,120.85,124.59666666666666,0,0.0
2025-02-17,W05,Z0,Drainage,8,6,4,101.65833333333333,115.61666666666667,1,0.125
2025-02-24,W05,Z0,Drainage,9,7,6,61.516666666666666,131.74666666666673,4,0.4444444444444444
2025-03-03,W05,Z0,Drainage,6,5,7,100.65,171.12,1,0.16666666666666666
2025-03-10,W05,Z0,Drainage,9,8,7,87.45833333333333,280.86833333333334,0,0.0
2025-03-17,W05,Z0,Drainage,10,11,6,84.13333333333334,210.36666666666667,1,0.1
2025-03-24,W05,Z0,Drainage,11,10,6,118.63333333333333,153.465,1,0.1
2025-03-31,W05,Z0,Drainage,14,11,8,101.9,146.1,1,0.07692307692307693
2025-04-07,W05,Z0,Drainage,12,15,5,105.36666666666666,141.04333333333332,1,0.08333333333333333
2025-04-14,W05,Z0,Drainage,7,8,4,121.44166666666666,396.2133333333333,1,0.14285714285714285
2025-04-21,W05,Z0,Drainage,6,4,4,107.99166666666667,188.36333333333334,0,0.0
2025-04-28,W05,Z0,Drainage,7,6,5,74.275,135.7,3,0.42857142857142855
2025-05-05,W05,Z0,Drainage,12,8,9,112.96666666666667,241.97666666666666,1,0.08333333333333333
2025-05-12,W05,Z0,Drainage,7,10,6,102.69999999999999,134.225,0,0.0
2025-05-19,W05,Z0,Drainage,6,8,4,86.99166666666667,191.86999999999995,0,0.0
2025-05-26,W05,Z0,Drainage,13,8,7,102.24166666666667,137.10999999999999,5,0.45454545454545453
2025-06-02,W05,Z0,Drainage,0,5,2,216.78333333333333,245.91,0,
2025-06-09,W05,Z0,Drainage,0,1,1,351.96666666666664,351.96666666666664,0,
2025-06-16,W05,Z0,Drainage,0,1,0,511.3666666666667,511.3666666666667,0,
2025-06-23,W05,Z0,Drainage,0,0,0,,,0,
2024-12-30,W05,Z0,Encroachment,4,0,4,,,4,1.0
2025-01-06,W05,Z0,Encroachment,12,0,16,,,10,0.8333333333333334
2025-01-13,W05,Z0,Encroachment,7,6,17,249.3,374.35833333333335,7,1.0
2025-01-20,W05,Z0,Encroachment,8,6,17,403.18333333333334,462.76666666666665,5,0.8333333333333334
2025-01-27,W05,Z0,Encroachment,10,5,21,251.08333333333334,439.2966666666667,7,0.7777777777777778
2025-02-03,W05,Z0,Encroachment,9,6,23,374.6166666666667,529.3,6,0.75
2025-02-10,W05,Z0,Encroachment,10,9,24,295.35,611.8266666666667,10,1.0
2025-02-17,W05,Z0,Encroachment,8,6,26,617.4416666666667,1039.925,8,1.0
2025-02-24,W05,Z0,Encroachment,8,8,24,378.83333333333337,635.1583333333333,6,1.0
2025-03-03,W05,Z0,Encroachment,4,12,15,395.3833333333333,796.0016666666667,3,1.0
2025-03-10,W05,Z0,Encroachment,7,7,14,473.8,707.6600000000001,6,1.0
2025-03-17,W05,Z0,Encroachment,10,6,18,385.06666666666666,784.4916666666666,7,0.7
2025-03-24,W05,Z0,Encroachment,8,11,15,313.8833333333333,1222.95,8,1.0
2025-03-31,W05,Z0,Encroachment,6,5,14,284.98333333333335,334.5233333333333,4,1.0
2025-04-07,W05,Z0,Encroachment,13,6,21,378.35833333333335,589.8,13,1.0
2025-04-14,W05,Z0,Encroachment,5,7,18,278.23333333333335,501.9800000000001,4,1.0
2025-04-21,W05,Z0,Encroachment,5,5,18,233.21666666666667,382.68,4,0.8
2025-04-28,W05,Z0,Encroachment,7,8,17,384.26666666666665,573.3349999999999,6,0.8571428571428571
2025-05-05,W05,Z0,Encroachment,13,8,21,546.9,922.8,12,1.0
2025-05-12,W05,Z0,Encroachment,8,6,23,382.9,869.175,8,1.0
2025-05-19,W05,Z0,Encroachment,10,10,23,405.1333333333333,514.6733333333333,7,0.7
2025-05-26,W05,Z0,Encroachment,3,8,18,300.2583333333333,464.4766666666667,3,1.0
2025-06-02,W05,Z0,Encroachment,0,11,7,460.4,607.85,0,
2025-06-09,W05,Z0,Encroachment,0,2,5,391.91666666666663,455.9033333333333,0,
2025-06-16,W05,Z0,Encroachment,0,3,2,696.8,814.2133333333334,0,
2025-06-23,W05,Z0,Encroachment,0,1,1,1097.6333333333334,1097.6333333333334,0,
2024-12-30,W05,Z0,Garbage,1,1,0,26.016666666666666,26.016666666666666,0,0.0
2025-01-06,W05,Z0,Garbage,10,6,2,41.141666666666666,71.03333333333333,0,0.0
2025-01-13,W05,Z0,Garbage,8,8,1,26.616666666666667,33.29,0,0.0
2025-01-20,W05,Z0,Garbage,6,6,1,34.416666666666664,58.18333333333334,0,0.0
2025-01-27,W05,Z0,Garbage,7,5,2,39.55,65.96333333333334,0,0.0
2025-02-03,W05,Z0,Garbage,6,7,1,42.583333333333336,103.10333333333334,0,0.0
2025-02-10,W05,Z0,Garbage,7,6,2,24.308333333333334,37.75833333333333,0,0.0
2025-02-17,W05,Z0,Garbage,5,6,1,37.61666666666667,69.75,0,0.0
2025-02-24,W05,Z0,Garbage,9,7,2,26.583333333333332,61.660000000000004,0,0.0
2025-03-03,W05,Z0,Garbage,6,6,1,26.241666666666667,54.79166666666667,0,0.0
2025-03-10,W05,Z0,Garbage,12,10,2,32.09166666666667,47.751666666666665,0,0.0
2025-03-17,W05,Z0,Garbage,9,8,3,31.21666666666667,60.94833333333333,0,0.0
2025-03-24,W05,Z0,Garbage,10,13,0,31.466666666666665,66.34666666666666,0,0.0
2025-03-31,W05,Z0,Garbage,10,7,3,38.68333333333333,51.303333333333335,0,0.0
2025-04-07,W05,Z0,Garbage,13,12,3,37.975,52.50000000000001,0,0.0
2025-04-14,W05,Z0,Garbage,8,10,1,17.483333333333334,45.42833333333333,0,0.0
2025-04-21,W05,Z0,Garbage,10,8,2,33.041666666666664,41.809999999999995,0,0.0
2025-04-28,W05,Z0,Garbage,7,7,2,33.96666666666667,42.36333333333334,0,0.0
2025-05-05,W05,Z0,Garbage,9,9,1,26.75,61.52666666666667,0,0.0
2025-05-12,W05,Z0,Garbage,8,8,1,33.858333333333334,57.599999999999994,0,0.0
2025-05-19,W05,Z0,Garbage,7,6,1,27.84166666666667,54.491666666666674,0,0.0
2025-05-26,W05,Z0,Garbage,7,6,1,25.21666666666667,61.16666666666667,0,0.0
2025-06-02,W05,Z0,Garbage,0,1,0,93.16666666666667,93.16666666666667,0,
2025-06-09,W05,Z0,Garbage,0,0,0,,,0,
2025-06-16,W05,Z0,Garbage,0,0,0,,,0,
2025-06-23,W05,Z0,Garbage,0,0,0,,,0,
2024-12-30,W05,Z0,Property Tax,8,1,5,75.3,75.3,1,0.16666666666666666
2025-01-06,W05,Z0,Property Tax,4,5,3,116.48333333333333,153.8,0,0.0
2025-01-13,W05,Z0,Property Tax,7,6,3,99.95833333333334,208.7,0,0.0
2025-01-20,W05,Z0,Property Tax,10,9,4,66.63333333333334,108.13666666666667,1,0.1
2025-01-27,W05,Z0,Property Tax,5,5,4,84.3,166.10000000000002,0,0.0
2025-02-03,W05,Z0,Property Tax,14,13,4,62.3,98.64000000000001,0,0.0
2025-02-10,W05,Z0,Property Tax,7,7,4,91.16666666666667,145.23000000000002,2,0.2857142857142857
2025-02-17,W05,Z0,Property Tax,8,7,4,130.0,197.88333333333333,1,0.14285714285714285
2025-02-24,W05,Z0,Property Tax,6,8,2,101.16666666666666,177.51666666666665,0,0.0
2025-03-03,W05,Z0,Property Tax,6,6,2,45.86666666666667,70.74166666666667,0,0.0
2025-03-10,W05,Z0,Property Tax,7,6,3,82.975,138.29999999999998,1,0.14285714285714285
2025-03-17,W05,Z0,Property Tax,4,4,3,65.64166666666667,89.405,0,0.0
2025-03-24,W05,Z0,Property Tax,6,6,2,77.13333333333333,216.81666666666666,1,0.2
2025-03-31,W05,Z0,Property Tax,9,8,3,62.40833333333333,136.935,2,0.2222222222222222
2025-04-07,W05,Z0,Property Tax,11,7,6,76.95,182.60333333333335,1,0.1
2025-04-14,W05,Z0,Property Tax,15,12,6,83.15833333333333,125.18833333333333,0,0.0
2025-04-21,W05,Z0,Property Tax,12,12,4,84.42500000000001,135.27333333333334,1,0.1
2025-04-28,W05,Z0,Property Tax,10,8,6,64.625,180.70666666666665,0,0.0
2025-05-05,W05,Z0,Property Tax,7,11,2,82.71666666666667,106.3,0,0.0
2025-05-12,W05,Z0,Property Tax,5,5,2,117.48333333333333,141.79000000000002,0,0.0
2025-05-19,W05,Z0,Property Tax,8,8,2,57.958333333333336,115.14166666666665,1,0.125
2025-05-26,W05,Z0,Property Tax,6,4,4,46.333333333333336,127.42500000000001,1,0.16666666666666666
2025-06-02,W05,Z0,Property Tax,0,4,0,156.33333333333334,182.865,0,
2025-06-09,W05,Z0,Property Tax,0,0,0,,,0,
2025-06-16,W05,Z0,Property Tax,0,0,0,,,0,
2025-06-23,W05,Z0,Property Tax,0,0,0,,,0,
2024-12-30,W05,Z0,Road Repair,3,0,2,,,1,0.5
2025-01-06,W05,Z0,Road Repair,10,4,8,135.35000000000002,160.35666666666668,7,0.7
2025-01-13,W05,Z0,Road Repair,11,3,16,208.95,296.4166666666667,10,0.9090909090909091
2025-01-20,W05,Z0,Road Repair,7,9,13,217.58333333333334,366.8233333333333,4,0.6666666666666666
2025-01-27,W05,Z0,Road Repair,10,7,15,302.85,478.98,8,0.8888888888888888
2025-02-03,W05,Z0,Road Repair,12,10,16,283.15,377.42,6,0.5454545454545454
2025-02-10,W05,Z0,Road Repair,7,6,17,216.21666666666664,317.3666666666667,5,0.7142857142857143
2025-02-17,W05,Z0,Road Repair,7,10,11,238.975,474.265,4,1.0
2025-02-24,W05,Z0,Road Repair,13,6,18,332.725,935.0666666666666,10,0.7692307692307693
2025-03-03,W05,Z0,Road Repair,7,11,14,242.31666666666666,547.1,3,0.42857142857142855
2025-03-10,W05,Z0,Road Repair,10,8,16,264.5083333333333,345.03,5,0.5
2025-03-17,W05,Z0,Road Repair,6,8,14,159.47500000000002,564.3983333333333,6,1.0
2025-03-24,W05,Z0,Road Repair,6,7,12,327.8666666666667,541.5133333333334,4,0.8
2025-03-31,W05,Z0,Road Repair,5,8,8,336.04166666666663,742.4583333333333,2,0.5
2025-04-07,W05,Z0,Road Repair,9,4,13,162.975,267.75166666666667,5,0.5555555555555556
2025-04-14,W05,Z0,Road Repair,5,10,8,210.04166666666669,581.3149999999999,5,1.0
2025-04-21,W05,Z0,Road Repair,7,5,10,324.23333333333335,624.1,3,0.42857142857142855
2025-04-28,W05,Z0,Road Repair,11,9,11,142.21666666666667,263.6366666666667,6,0.6
2025-05-05,W05,Z0,Road Repair,3,6,7,211.73333333333335,331.6,1,0.5
2025-05-12,W05,Z0,Road Repair,5,4,7,261.64166666666665,389.0533333333334,3,0.75
2025-05-19,W05,Z0,Road Repair,9,4,12,203.50833333333333,320.73333333333335,8,0.8888888888888888
2025-05-26,W05,Z0,Road Repair,12,8,15,226.41666666666666,645.1416666666667,9,0.8181818181818182
2025-06-02,W05,Z0,Road Repair,0,7,8,287.6166666666667,407.2066666666667,0,
2025-06-09,W05,Z0,Road Repair,0,2,6,475.0083333333333,495.9216666666666,0,
2025-06-16,W05,Z0,Road Repair,0,4,2,536.4416666666666,572.48,0,
2025-06-23,W05,Z0,Road Repair,0,2,0,603.5083333333333,617.395,0,
2024-12-30,W05,Z0,Stray Animals,5,4,1,19.491666666666667,74.20833333333334,0,0.0
2025-01-06,W05,Z0,Stray Animals,9,9,1,20.816666666666666,32.59333333333334,0,0.0
2025-01-13,W05,Z0,Stray Animals,13,13,0,10.983333333333333,23.313333333333336,0,0.0
2025-01-20,W05,Z0,Stray Animals,5,5,0,14.783333333333333,17.833333333333336,0,0.0
2025-01-27,W05,Z0,Stray Animals,9,6,2,7.891666666666667,18.4,0,0.0
2025-02-03,W05,Z0,Stray Animals,10,11,1,14.766666666666667,33.68333333333333,0,0.0
2025-02-10,W05,Z0,Stray Animals,5,4,2,16.683333333333334,22.608333333333334,0,0.0
2025-02-17,W05,Z0,Stray Animals,10,9,2,17.35,25.796666666666667,0,0.0
2025-02-24,W05,Z0,Stray Animals,2,4,0,9.783333333333333,14.488333333333333,0,0.0
2025-03-03,W05,Z0,Stray Animals,8,7,1,12.05,24.90666666666667,0,0.0
2025-03-10,W05,Z0,Stray Animals,13,10,3,14.083333333333334,52.056666666666665,0,0.0
2025-03-17,W05,Z0,Stray Animals,7,10,0,14.425,19.255,0,0.0
2025-03-24,W05,Z0,Stray Animals,13,10,2,9.158333333333333,14.47333333333333,0,0.0
2025-03-31,W05,Z0,Stray Animals,7,7,2,8.816666666666666,15.210000000000003,0,0.0
2025-04-07,W05,Z0,Stray Animals,4,6,0,21.516666666666666,27.525,0,0.0
2025-04-14,W05,Z0,Stray Animals,8,8,0,9.775,23.58833333333333,0,0.0
2025-04-21,W05,Z0,Stray Animals,9,8,0,17.78333333333333,29.746666666666663,0,0.0
2025-04-28,W05,Z0,Stray Animals,6,4,0,10.925,16.265,0,0.0
2025-05-05,W05,Z0,Stray Animals,11,10,0,12.825,22.49,0,0.0
2025-05-12,W05,Z0,Stray Animals,8,8,0,8.758333333333333,20.718333333333334,0,0.0
2025-05-19,W05,Z0,Stray Animals,8,7,0,10.166666666666666,21.25,0,0.0
2025-05-26,W05,Z0,Stray Animals,5,3,0,15.166666666666666,17.313333333333333,0,0.0
2025-06-02,W05,Z0,Stray Animals,0,0,0,,,0,
2025-06-09,W05,Z0,Stray Animals,0,0,0,,,0,
2025-06-16,W05,Z0,Stray Animals,0,0,0,,,0,
2025-06-23,W05,Z0,Stray Animals,0,0,0,,,0,
2024-12-30,W05,Z0,Streetlight,6,5,0,16.05,32.63666666666667,0,0.0
2025-01-06,W05,Z0,Streetlight,9,5,3,10.833333333333334,21.883333333333333,0,0.0
2025-01-13,W05,Z0,Streetlight,11,12,1,19.191666666666666,30.645,0,0.0
2025-01-20,W05,Z0,Streetlight,4,4,0,18.558333333333334,21.845,0,0.0
2025-01-27,W05,Z0,Streetlight,8,6,1,18.733333333333334,33.96666666666667,0,0.0
2025-02-03,W05,Z0,Streetlight,6,7,0,14.716666666666667,26.200000000000003,0,0.0
2025-02-10,W05,Z0,Streetlight,6,6,0,26.725,35.625,0,0.0
2025-02-17,W05,Z0,Streetlight,11,10,0,10.108333333333334,29.174999999999997,0,0.0
2025-02-24,W05,Z0,Streetlight,8,5,2,21.066666666666666,24.073333333333334,0,0.0
2025-03-03,W05,Z0,Streetlight,13,13,2,19.783333333333335,54.92333333333334,0,0.0
2025-03-10,W05,Z0,Streetlight,8,6,4,15.349999999999998,46.675,0,0.0
2025-03-17,W05,Z0,Streetlight,10,11,2,30.433333333333334,53.983333333333334,0,0.0
2025-03-24,W05,Z0,Streetlight,9,10,1,13.658333333333333,22.47166666666666,0,0.0
2025-03-31,W05,Z0,Streetlight,5,6,0,17.816666666666666,40.04166666666667,0,0.0
2025-04-07,W05,Z0,Streetlight,10,9,1,15.1,36.50666666666667,0,0.0
2025-04-14,W05,Z0,Streetlight,6,6,0,13.883333333333333,41.725,0,0.0
2025-04-21,W05,Z0,Streetlight,13,10,2,17.266666666666666,26.25166666666666,0,0.0
2025-04-28,W05,Z0,Streetlight,8,10,0,14.675,28.939999999999998,0,0.0
2025-05-05,W05,Z0,Streetlight,7,6,1,12.675,19.458333333333332,0,0.0
2025-05-12,W05,Z0,Streetlight,10,7,1,23.333333333333332,28.376666666666665,0,0.0
2025-05-19,W05,Z0,Streetlight,3,3,1,30.333333333333332,53.92,0,0.0
2025-05-26,W05,Z0,Streetlight,4,4,1,22.708333333333332,34.29166666666667,0,0.0
2025-06-02,W05,Z0,Streetlight,0,1,0,47.766666666666666,47.766666666666666,0,
2025-06-09,W05,Z0,Streetlight,0,0,0,,,0,
2025-06-16,W05,Z0,Streetlight,0,0,0,,,0,
2025-06-23,W05,Z0,Streetlight,0,0,0,,,0,
2024-12-30,W05,Z0,Water Supply,13,6,4,52.891666666666666,63.641666666666666,0,0.0
2025-01-06,W05,Z0,Water Supply,14,12,5,57.391666666666666,89.24666666666667,0,0.0
2025-01-13,W05,Z0,Water Supply,6,9,2,60.88333333333333,138.29666666666665,0,0.0
2025-01-20,W05,Z0,Water Supply,7,8,1,40.075,100.08999999999997,0,0.0
2025-01-27,W05,Z0,Water Supply,7,3,5,62.8,66.76,0,0.0
2025-02-03,W05,Z0,Water Supply,8,11,2,63.5,105.46666666666667,0,0.0
2025-02-10,W05,Z0,Water Supply,9,9,2,40.016666666666666,92.28000000000002,0,0.0
2025-02-17,W05,Z0,Water Supply,6,4,2,79.0,109.74166666666667,0,0.0
2025-02-24,W05,Z0,Water Supply,6,5,1,28.916666666666668,53.85,0,0.0
2025-03-03,W05,Z0,Water Supply,5,5,1,45.21666666666667,68.08666666666667,0,0.0
2025-03-10,W05,Z0,Water Supply,9,7,2,55.31666666666667,79.72666666666667,0,0.0
2025-03-17,W05,Z0,Water Supply,12,11,2,45.083333333333336,112.71666666666667,1,0.09090909090909091
2025-03-24,W05,Z0,Water Supply,7,8,1,62.25,141.10666666666663,0,0.0
2025-03-31,W05,Z0,Water Supply,8,5,3,44.2,101.56333333333333,1,0.14285714285714285
2025-04-07,W05,Z0,Water Supply,7,10,0,63.04166666666667,115.40333333333332,0,0.0
2025-04-14,W05,Z0,Water Supply,5,2,2,19.691666666666666,21.631666666666668,0,0.0
2025-04-21,W05,Z0,Water Supply,11,7,6,29.65,65.66666666666667,0,0.0
2025-04-28,W05,Z0,Water Supply,5,8,3,51.983333333333334,102.10166666666665,0,0.0
2025-05-05,W05,Z0,Water Supply,5,6,2,69.68333333333334,125.19166666666666,0,0.0
2025-05-12,W05,Z0,Water Supply,10,10,1,41.625,58.75,0,0.0
2025-05-19,W05,Z0,Water Supply,11,8,4,34.824999999999996,75.32,0,0.0
2025-05-26,W05,Z0,Water Supply,4,8,0,39.175,59.01833333333333,0,0.0
2025-06-02,W05,Z0,Water Supply,0,0,0,,,0,
2025-06-09,W05,Z0,Water Supply,0,0,0,,,0,
2025-06-16,W05,Z0,Water Supply,0,0,0,,,0,
2025-06-23,W05,Z0,Water Supply,0,0,0,,,0,
2024-12-30,W06,Z1,Drainage,6,2,4,58.43333333333334,60.31333333333333,1,0.16666666666666666
2025-01-06,W06,Z1,Drainage,7,7,4,75.71666666666667,134.4366666666667,1,0.14285714285714285
2025-01-13,W06,Z1,Drainage,5,5,3,162.41666666666666,178.47,0,0.0
2025-01-20,W06,Z1,Drainage,9,3,7,135.3,150.95333333333335,4,0.5714285714285714
2025-01-27,W06,Z1,Drainage,9,11,4,103.51666666666667,208.96666666666667,0,0.0
2025-02-03,W06,Z1,Drainage,10,8,6,109.85,142.16666666666666,0,0.0
2025-02-10,W06,Z1,Drainage,7,7,5,99.08333333333333,137.45666666666668,1,0.16666666666666666
2025-02-17,W06,Z1,Drainage,7,7,3,137.95,168.99,0,0.0
2025-02-24,W06,Z1,Drainage,12,8,7,78.025,135.31833333333333,0,0.0
2025-03-03,W06,Z1,Drainage,5,8,2,89.10833333333333,142.4033333333333,0,0.0
2025-03-10,W06,Z1,Drainage,10,5,7,67.66666666666667,94.33333333333334,6,0.6
2025-03-17,W06,Z1,Drainage,11,11,7,93.7,176.3,1,0.09090909090909091
2025-03-24,W06,Z1,Drainage,8,9,6,163.53333333333333,274.95666666666665,1,0.125
2025-03-31,W06,Z1,Drainage,7,7,6,122.76666666666667,167.93666666666667,0,0.0
2025-04-07,W06,Z1,Drainage,8,8,4,90.03333333333333,136.07999999999998,1,0.16666666666666666
2025-04-14,W06,Z1,Drainage,9,7,6,63.416666666666664,106.90333333333335,2,0.2222222222222222
2025-04-21,W06,Z1,Drainage,12,9,8,92.95,193.02000000000004,1,0.09090909090909091
2025-04-28,W06,Z1,Drainage,3,10,1,124.725,223.81666666666663,0,0.0
2025-05-05,W06,Z1,Drainage,11,4,8,66.525,73.65333333333334,1,0.09090909090909091
2025-05-12,W06,Z1,Drainage,9,12,5,120.50833333333333,147.66,0,0.0
2025-05-19,W06,Z1,Drainage,5,9,1,60.18333333333333,117.28000000000002,1,0.2
2025-05-26,W06,Z1,Drainage,5,5,1,70.78333333333333,168.78333333333333,0,0.0
2025-06-02,W06,Z1,Drainage,0,1,0,148.61666666666667,148.61666666666667,0,
2025-06-09,W06,Z1,Drainage,0,0,0,,,0,
2025-06-16,W06,Z1,Drainage,0,0,0,,,0,
2025-06-23,W06,Z1,Drainage,0,0,0,,,0,
2024-12-30,W06,Z1,Encroachment,5,0,5,,,5,1.0
2025-01-06,W06,Z1,Encroachment,8,0,13,,,8,1.0
2025-01-13,W06,Z1,Encroachment,6,3,16,344.85,351.45000000000005,5,0.8333333333333334
2025-01-20,W06,Z1,Encroachment,12,6,20,304.34166666666664,470.1,9,0.9
2025-01-27,W06,Z1,Encroachment,9,8,20,309.425,557.39,8,1.0
2025-02-03,W06,Z1,Encroachment,11,10,21,369.7083333333333,671.1633333333332,10,0.9090909090909091
2025-02-10,W06,Z1,Encroachment,7,10,18,258.6583333333333,701.3000000000001,5,0.7142857142857143
2025-02-17,W06,Z1,Encroachment,8,7,19,356.1666666666667,640.9166666666667,7,0.875
2025-02-24,W06,Z1,Encroachment,4,5,18,479.31666666666666,630.73,4,1.0
2025-03-03,W06,Z1,Encroachment,8,6,20,384.95833333333337,665.0916666666667,5,0.625
2025-03-10,W06,Z1,Encroachment,7,9,17,304.35,866.96,6,1.0
2025-03-17,W06,Z1,Encroachment,7,6,17,460.2416666666667,868.5333333333333,6,1.0
2025-03-24,W06,Z1,Encroachment,9,10,15,317.14166666666665,800.9333333333332,7,0.875
2025-03-31,W06,Z1,Encroachment,6,8,13,238.36666666666667,419.1833333333333,5,0.8333333333333334
2025-04-07,W06,Z1,Encroachment,3,3,13,305.0833333333333,397.27,3,1.0
2025-04-14,W06,Z1,Encroachment,14,6,20,492.75,994.9,12,0.9230769230769231
2025-04-21,W06,Z1,Encroachment,9,8,19,233.95833333333331,493.025,7,1.0
2025-04-28,W06,Z1,Encroachment,9,6,21,318.91666666666663,352.10833333333335,8,1.0
2025-05-05,W06,Z1,Encroachment,12,8,24,422.79166666666663,706.6916666666666,11,1.0
2025-05-12,W06,Z1,Encroachment,8,6,25,434.525,897.8583333333333,6,0.8571428571428571
2025-05-19,W06,Z1,Encroachment,8,9,24,423.46666666666664,478.55666666666673,7,0.875
2025-05-26,W06,Z1,Encroachment,5,6,23,425.7166666666667,695.675,5,1.0
2025-06-02,W06,Z1,Encroachment,0,10,13,687.0416666666666,1089.6916666666666,0,
2025-06-09,W06,Z1,Encroachment,0,7,6,393.5833333333333,626.2733333333333,0,
2025-06-16,W06,Z1,Encroachment,0,6,0,644.4666666666667,884.0833333333333,0,
2025-06-23,W06,Z1,Encroachment,0,0,0,,,0,
2024-12-30,W06,Z1,Garbage,4,3,1,22.25,46.489999999999995,0,0.0
2025-01-06,W06,Z1,Garbage,11,11,0,26.083333333333332,59.916666666666664,0,0.0
2025-01-13,W06,Z1,Garbage,4,1,2,28.316666666666666,28.316666666666666,0,0.0
2025-01-20,W06,Z1,Garbage,10,10,2,31.5,65.58166666666665,0,0.0
2025-01-27,W06,Z1,Garbage,5,6,1,23.475,88.375,0,0.0
2025-02-03,W06,Z1,Garbage,7,3,5,34.016666666666666,37.19,0,0.0
2025-02-10,W06,Z1,Garbage,6,10,0,36.5,54.868333333333325,0,0.0
2025-02-17,W06,Z1,Garbage,8,7,1,26.666666666666668,36.33,0,0.0
2025-02-24,W06,Z1,Garbage,7,5,2,21.833333333333332,34.943333333333335,1,0.16666666666666666
2025-03-03,W06,Z1,Garbage,12,8,6,38.724999999999994,58.99333333333333,0,0.0
2025-03-10,W06,Z1,Garbage,1,7,0,52.9,150.8033333333334,0,0.0
2025-03-17,W06,Z1,Garbage,12,10,2,28.875,48.49333333333333,0,0.0
2025-03-24,W06,Z1,Garbage,13,9,4,28.416666666666668,50.52000000000001,0,0.0
2025-03-31,W06,Z1,Garbage,6,9,0,22.133333333333333,89.08333333333334,0,0.0
2025-04-07,W06,Z1,Garbage,7,5,2,26.15,40.940000000000005,0,0.0
2025-04-14,W06,Z1,Garbage,8,8,1,28.133333333333333,44.07666666666667,0,0.0
2025-04-21,W06,Z1,Garbage,15,11,4,22.35,39.45,0,0.0
2025-04-28,W06,Z1,Garbage,9,11,2,27.216666666666665,55.2,0,0.0
2025-05-05,W06,Z1,Garbage,11,8,4,40.43333333333333,69.83833333333332,0,0.0
2025-05-12,W06,Z1,Garbage,7,9,1,27.3,67.27333333333333,0,0.0
2025-05-19,W06,Z1,Garbage,7,7,1,25.1,44.720000000000006,0,0.0
2025-05-26,W06,Z1,Garbage,5,4,1,45.7,50.501666666666665,0,0.0
2025-06-02,W06,Z1,Garbage,0,1,0,77.66666666666667,77.66666666666667,0,
2025-06-09,W06,Z1,Garbage,0,0,0,,,0,
2025-06-16,W06,Z1,Garbage,0,0,0,,,0,
2025-06-23,W06,Z1,Garbage,0,0,0,,,0,
2024-12-30,W06,Z1,Property Tax,9,4,4,72.96666666666667,78.625,0,0.0
2025-01-06,W06,Z1,Property Tax,8,8,4,64.60833333333333,119.20833333333333,0,0.0
2025-01-13,W06,Z1,Property Tax,9,7,6,53.03333333333333,112.80666666666667,1,0.1111111111111111
2025-01-20,W06,Z1,Property Tax,11,13,3,62.0,139.06000000000003,0,0.0
2025-01-27,W06,Z1,Property Tax,10,7,3,63.3,124.1866666666667,1,0.14285714285714285
2025-02-03,W06,Z1,Property Tax,9,7,4,51.53333333333333,118.53,0,0.0
2025-02-10,W06,Z1,Property Tax,6,7,3,76.78333333333333,181.52333333333337,0,0.0
2025-02-17,W06,Z1,Property Tax,3,4,2,70.16666666666666,113.03833333333334,2,0.6666666666666666
2025-02-24,W06,Z1,Property Tax,7,4,5,68.35833333333332,169.94833333333335,0,0.0
2025-03-03,W06,Z1,Property Tax,7,8,3,79.91666666666666,196.2133333333333,0,0.0
2025-03-10,W06,Z1,Property Tax,7,6,4,100.91666666666666,148.7,0,0.0
2025-03-17,W06,Z1,Property Tax,7,6,5,58.983333333333334,78.975,1,0.14285714285714285
2025-03-24,W06,Z1,Property Tax,6,9,2,96.73333333333333,167.13666666666668,1,0.16666666666666666
2025-03-31,W06,Z1,Property Tax,5,6,1,67.075,104.80833333333334,0,0.0
2025-04-07,W06,Z1,Property Tax,3,2,2,142.64999999999998,218.75666666666666,2,0.6666666666666666
2025-04-14,W06,Z1,Property Tax,5,3,3,84.08333333333333,176.20333333333332,0,0.0
2025-04-21,W06,Z1,Property Tax,7,5,5,66.71666666666667,185.59333333333336,0,0.0
2025-04-28,W06,Z1,Property Tax,12,9,6,84.03333333333333,126.09333333333333,1,0.1
2025-05-05,W06,Z1,Property Tax,14,11,8,80.41666666666667,104.75,1,0.07692307692307693
2025-05-12,W06,Z1,Property Tax,10,11,7,84.5,149.6,0,0.0
2025-05-19,W06,Z1,Property Tax,12,11,7,89.6,154.4,1,0.09090909090909091
2025-05-26,W06,Z1,Property Tax,8,10,4,89.80000000000001,156.505,0,0.0
2025-06-02,W06,Z1,Property Tax,0,4,0,125.44166666666666,165.29833333333335,0,
2025-06-09,W06,Z1,Property Tax,0,0,0,,,0,
2025-06-16,W06,Z1,Property Tax,0,0,0,,,0,
2025-06-23,W06,Z1,Property Tax,0,0,0,,,0,
2024-12-30,W06,Z1,Road Repair,4,0,3,,,1,0.3333333333333333
2025-01-06,W06,Z1,Road Repair,11,5,9,129.33333333333334,211.7066666666667,7,0.6363636363636364
2025-01-13,W06,Z1,Road Repair,3,4,7,188.28333333333333,271.58333333333337,2,1.0
2025-01-20,W06,Z1,Road Repair,7,3,11,286.21666666666664,301.00333333333333,5,0.7142857142857143
2025-01-27,W06,Z1,Road Repair,9,8,12,214.575,547.69,8,0.8888888888888888
2025-02-03,W06,Z1,Road Repair,8,7,13,236.93333333333334,325.52333333333337,7,0.875
2025-02-10,W06,Z1,Road Repair,8,4,16,298.6666666666667,391.1966666666667,5,0.7142857142857143
2025-02-17,W06,Z1,Road Repair,6,11,11,226.95,408.1166666666667,4,0.6666666666666666
2025-02-24,W06,Z1,Road Repair,11,10,12,140.31666666666666,444.19499999999994,6,0.5454545454545454
2025-03-03,W06,Z1,Road Repair,11,6,17,290.5833333333333,575.8916666666667,8,0.7272727272727273
2025-03-10,W06,Z1,Road Repair,7,6,17,245.15,475.775,3,0.5
2025-03-17,W06,Z1,Road Repair,10,8,19,250.94166666666666,514.0516666666666,9,0.9
2025-03-24,W06,Z1,Road Repair,13,11,21,346.8666666666667,671.65,12,0.9230769230769231
2025-03-31,W06,Z1,Road Repair,6,9,17,198.3,373.0933333333334,5,1.0
2025-04-07,W06,Z1,Road Repair,6,11,10,277.7,486.71666666666664,3,0.75
2025-04-14,W06,Z1,Road Repair,6,6,10,479.6,620.5916666666667,6,1.0
2025-04-21,W06,Z1,Road Repair,7,8,8,223.41666666666669,380.63166666666666,3,0.5
2025-04-28,W06,Z1,Road Repair,8,3,12,147.81666666666666,304.47,6,0.8571428571428571
2025-05-05,W06,Z1,Road Repair,13,9,15,290.8833333333333,471.77333333333337,9,0.75
2025-05-12,W06,Z1,Road Repair,8,8,14,192.33333333333331,253.04166666666669,5,0.7142857142857143
2025-05-19,W06,Z1,Road Repair,7,5,15,307.0,495.59333333333336,6,1.0
2025-05-26,W06,Z1,Road Repair,6,6,14,342.19166666666666,506.0083333333333,4,0.8
2025-06-02,W06,Z1,Road Repair,0,7,7,385.1,736.2800000000002,0,
2025-06-09,W06,Z1,Road Repair,0,4,3,469.1166666666667,826.0966666666668,0,
2025-06-16,W06,Z1,Road Repair,0,1,2,383.76666666666665,383.76666666666665,0,
2025-06-23,W06,Z1,Road Repair,0,1,1,1164.2833333333333,1164.2833333333333,0,
2024-12-30,W06,Z1,Stray Animals,2,2,0,10.2,15.306666666666667,0,0.0
2025-01-06,W06,Z1,Stray Animals,7,7,0,9.783333333333333,15.236666666666668,0,0.0
2025-01-13,W06,Z1,Stray Animals,9,9,0,14.616666666666667,20.45,0,0.0
2025-01-20,W06,Z1,Stray Animals,11,11,0,12.533333333333333,17.733333333333334,0,0.0
2025-01-27,W06,Z1,Stray Animals,5,5,0,12.233333333333333,27.97,0,0.0
2025-02-03,W06,Z1,Stray Animals,11,9,2,10.516666666666667,18.833333333333336,0,0.0
2025-02-10,W06,Z1,Stray Animals,4,5,1,12.283333333333333,15.260000000000002,0,0.0
2025-02-17,W06,Z1,Stray Animals,4,4,1,17.45,21.528333333333336,0,0.0
2025-02-24,W06,Z1,Stray Animals,9,7,1,8.85,12.983333333333334,0,0.0
2025-03-03,W06,Z1,Stray Animals,7,8,0,9.741666666666667,15.741666666666665,0,0.0
2025-03-10,W06,Z1,Stray Animals,7,6,0,9.583333333333334,14.758333333333333,0,0.0
2025-03-17,W06,Z1,Stray Animals,9,7,0,15.283333333333333,21.503333333333334,0,0.0
2025-03-24,W06,Z1,Stray Animals,7,7,0,11.766666666666667,24.39666666666667,0,0.0
2025-03-31,W06,Z1,Stray Animals,10,9,1,19.4,28.203333333333333,0,0.0
2025-04-07,W06,Z1,Stray Animals,9,8,1,13.458333333333332,27.711666666666662,0,0.0
2025-04-14,W06,Z1,Stray Animals,6,6,0,13.408333333333333,20.625,0,0.0
2025-04-21,W06,Z1,Stray Animals,10,9,0,9.933333333333334,19.353333333333335,0,0.0
2025-04-28,W06,Z1,Stray Animals,8,5,0,11.466666666666667,22.543333333333337,0,0.0
2025-05-05,W06,Z1,Stray Animals,12,12,0,12.308333333333334,20.48166666666667,0,0.0
2025-05-12,W06,Z1,Stray Animals,6,5,0,12.85,39.88333333333333,0,0.0
2025-05-19,W06,Z1,Stray Animals,13,12,1,15.041666666666666,23.996666666666666,0,0.0
2025-05-26,W06,Z1,Stray Animals,9,10,0,12.391666666666666,24.89333333333332,0,0.0
2025-06-02,W06,Z1,Stray Animals,0,0,0,,,0,
2025-06-09,W06,Z1,Stray Animals,0,0,0,,,0,
2025-06-16,W06,Z1,Stray Animals,0,0,0,,,0,
2025-06-23,W06,Z1,Stray Animals,0,0,0,,,0,
2024-12-30,W06,Z1,Streetlight,5,5,0,14.916666666666666,23.863333333333333,0,0.0
2025-01-06,W06,Z1,Streetlight,11,9,1,15.1,21.886666666666667,0,0.0
2025-01-13,W06,Z1,Streetlight,11,11,1,18.05,26.233333333333334,0,0.0
2025-01-20,W06,Z1,Streetlight,4,4,0,17.133333333333333,19.675,0,0.0
2025-01-27,W06,Z1,Streetlight,5,4,0,27.35,36.48166666666667,0,0.0
2025-02-03,W06,Z1,Streetlight,6,6,0,20.391666666666666,28.391666666666666,0,0.0
2025-02-10,W06,Z1,Streetlight,8,7,1,32.8,43.10333333333334,0,0.0
2025-02-17,W06,Z1,Streetlight,12,11,0,16.433333333333334,28.1,0,0.0
2025-02-24,W06,Z1,Streetlight,7,5,2,22.15,59.870000000000005,0,0.0
2025-03-03,W06,Z1,Streetlight,4,6,0,19.90833333333333,43.958333333333336,0,0.0
2025-03-10,W06,Z1,Streetlight,9,6,2,10.316666666666666,18.425,0,0.0
2025-03-17,W06,Z1,Streetlight,12,12,1,18.191666666666666,34.50000000000001,0,0.0
2025-03-24,W06,Z1,Streetlight,14,12,3,20.791666666666664,33.915000000000006,0,0.0
2025-03-31,W06,Z1,Streetlight,5,7,0,17.816666666666666,55.41000000000002,0,0.0
2025-04-07,W06,Z1,Streetlight,8,5,2,26.466666666666665,32.25,0,0.0
2025-04-14,W06,Z1,Streetlight,8,5,3,16.516666666666666,30.106666666666666,0,0.0
2025-04-21,W06,Z1,Streetlight,7,7,2,21.366666666666667,28.89,0,0.0
2025-04-28,W06,Z1,Streetlight,9,10,0,15.416666666666668,34.419999999999995,0,0.0
2025-05-05,W06,Z1,Streetlight,6,6,0,18.28333333333333,33.03333333333333,0,0.0
2025-05-12,W06,Z1,Streetlight,6,5,1,12.783333333333333,18.0,0,0.0
2025-05-19,W06,Z1,Streetlight,10,9,2,17.766666666666666,36.24,0,0.0
2025-05-26,W06,Z1,Streetlight,8,10,0,15.066666666666666,35.61,0,0.0
2025-06-02,W06,Z1,Streetlight,0,0,0,,,0,
2025-06-09,W06,Z1,Streetlight,0,0,0,,,0,
2025-06-16,W06,Z1,Streetlight,0,0,0,,,0,
2025-06-23,W06,Z1,Streetlight,0,0,0,,,0,
2024-12-30,W06,Z1,Water Supply,2,0,2,,,0,0.0
2025-01-06,W06,Z1,Water Supply,5,7,0,31.933333333333334,73.41000000000001,0,0.0
2025-01-13,W06,Z1,Water Supply,9,7,2,34.666666666666664,52.826666666666675,0,0.0
2025-01-20,W06,Z1,Water Supply,7,7,2,34.18333333333333,92.11333333333334,0,0.0
2025-01-27,W06,Z1,Water Supply,3,3,1,29.383333333333333,84.02333333333334,0,0.0
2025-02-03,W06,Z1,Water Supply,8,5,4,100.86666666666666,118.44333333333334,0,0.0
2025-02-10,W06,Z1,Water Supply,9,9,3,57.81666666666667,79.24,0,0.0
2025-02-17,W06,Z1,Water Supply,11,10,4,59.50833333333334,82.51499999999997,0,0.0
2025-02-24,W06,Z1,Water Supply,12,8,6,49.224999999999994,84.55,0,0.0
2025-03-03,W06,Z1,Water Supply,12,13,3,75.0,95.42666666666668,0,0.0
2025-03-10,W06,Z1,Water Supply,7,7,3,47.233333333333334,99.87000000000002,0,0.0
2025-03-17,W06,Z1,Water Supply,8,8,3,49.925,95.22999999999999,0,0.0
2025-03-24,W06,Z1,Water Supply,9,7,5,50.15,85.95333333333333,1,0.1111111111111111
2025-03-31,W06,Z1,Water Supply,7,8,4,58.61666666666667,114.87999999999997,0,0.0
2025-04-07,W06,Z1,Water Supply,9,9,2,53.86666666666667,80.32333333333332,0,0.0
2025-04-14,W06,Z1,Water Supply,9,6,5,72.3,95.03333333333333,0,0.0
2025-04-21,W06,Z1,Water Supply,8,7,4,44.983333333333334,107.98000000000002,0,0.0
2025-04-28,W06,Z1,Water Supply,12,11,4,50.583333333333336,81.48333333333333,1,0.09090909090909091
2025-05-05,W06,Z1,Water Supply,5,9,0,49.416666666666664,118.17000000000002,0,0.0
2025-05-12,W06,Z1,Water Supply,8,4,2,38.45,77.79833333333333,0,0.0
2025-05-19,W06,Z1,Water Supply,12,10,4,55.74166666666667,71.06666666666666,0,0.0
2025-05-26,W06,Z1,Water Supply,3,7,0,61.4,111.45,0,0.0
2025-06-02,W06,Z1,Water Supply,0,0,0,,,0,
2025-06-09,W06,Z1,Water Supply,0,0,0,,,0,
2025-06-16,W06,Z1,Water Supply,0,0,0,,,0,
2025-06-23,W06,Z1,Water Supply,0,0,0,,,0,
2024-12-30,W07,Z2,Drainage,3,0,3,,,2,0.6666666666666666
2025-01-06,W07,Z2,Drainage,4,4,3,100.4,187.60500000000002,1,0.25
2025-01-13,W07,Z2,Drainage,13,11,5,83.78333333333333,219.28333333333333,1,0.07692307692307693
2025-01-20,W07,Z2,Drainage,12,9,8,88.88333333333334,112.34333333333335,2,0.16666666666666666
2025-01-27,W07,Z2,Drainage,11,13,6,86.11666666666666,152.42666666666668,0,0.0
2025-02-03,W07,Z2,Drainage,9,7,7,88.55,113.16,2,0.25
2025-02-10,W07,Z2,Drainage,10,12,4,72.85,153.06333333333336,1,0.1111111111111111
2025-02-17,W07,Z2,Drainage,5,5,3,166.88333333333333,227.15,0,0.0
2025-02-24,W07,Z2,Drainage,7,4,5,119.09166666666667,201.7,1,0.16666666666666666
2025-03-03,W07,Z2,Drainage,9,6,8,87.55,160.375,1,0.1111111111111111
2025-03-10,W07,Z2,Drainage,9,11,5,105.93333333333334,165.78333333333333,0,0.0
2025-03-17,W07,Z2,Drainage,7,10,1,79.525,120.84166666666667,0,0.0
2025-03-24,W07,Z2,Drainage,10,4,6,96.40833333333333,135.2266666666667,2,0.2222222222222222
2025-03-31,W07,Z2,Drainage,7,10,3,94.43333333333334,203.69666666666666,1,0.14285714285714285
2025-04-07,W07,Z2,Drainage,8,3,8,85.8,142.13333333333333,3,0.375
2025-04-14,W07,Z2,Drainage,9,11,6,144.85,232.23333333333332,1,0.1111111111111111
2025-04-21,W07,Z2,Drainage,7,10,2,67.025,131.72666666666663,0,0.0
2025-04-28,W07,Z2,Drainage,2,3,1,96.15,107.01666666666667,0,0.0
2025-05-05,W07,Z2,Drainage,6,4,1,95.26666666666667,114.51666666666667,1,0.25
2025-05-12,W07,Z2,Drainage,8,2,7,61.84166666666667,75.90166666666667,0,0.0
2025-05-19,W07,Z2,Drainage,10,12,3,109.38333333333333,138.22,1,0.125
2025-05-26,W07,Z2,Drainage,9,6,6,83.825,179.83333333333331,2,0.2222222222222222
2025-06-02,W07,Z2,Drainage,0,5,1,130.73333333333332,183.51666666666668,0,
2025-06-09,W07,Z2,Drainage,0,1,0,254.33333333333334,254.33333333333334,0,
2025-06-16,W07,Z2,Drainage,0,0,0,,,0,
2025-06-23,W07,Z2,Drainage,0,0,0,,,0,
2024-12-30,W07,Z2,Encroachment,5,0,4,,,4,1.0
2025-01-06,W07,Z2,Encroachment,12,0,15,,,9,0.8181818181818182
2025-01-13,W07,Z2,Encroachment,5,5,15,254.21666666666667,314.9766666666667,4,0.8
2025-01-20,W07,Z2,Encroachment,8,5,18,327.6166666666667,487.4333333333334,7,0.875
2025-01-27,W07,Z2,Encroachment,9,10,17,311.7166666666667,567.2666666666667,6,0.6666666666666666
2025-02-03,W07,Z2,Encroachment,10,6,20,291.89166666666665,703.6500000000001,8,0.8888888888888888
2025-02-10,W07,Z2,Encroachment,6,10,16,233.02499999999998,393.69166666666666,6,1.0
2025-02-17,W07,Z2,Encroachment,6,5,17,661.1833333333333,879.7433333333333,6,1.0
2025-02-24,W07,Z2,Encroachment,5,5,17,373.21666666666664,500.6666666666667,4,0.8
2025-03-03,W07,Z2,Encroachment,7,5,19,325.21666666666664,900.5500000000002,7,1.0
2025-03-10,W07,Z2,Encroachment,8,6,20,436.625,861.4666666666667,7,1.0
2025-03-17,W07,Z2,Encroachment,8,6,22,451.5083333333333,896.3583333333333,7,0.875
2025-03-24,W07,Z2,Encroachment,7,8,20,356.4666666666667,902.8566666666665,5,0.8333333333333334
2025-03-31,W07,Z2,Encroachment,10,12,16,379.8416666666667,679.715,8,1.0
2025-04-07,W07,Z2,Encroachment,11,3,23,263.9166666666667,706.73,10,1.0
2025-04-14,W07,Z2,Encroachment,9,5,26,605.9,1144.16,7,0.875
2025-04-21,W07,Z2,Encroachment,10,11,25,425.15,510.0833333333333,9,0.9
2025-04-28,W07,Z2,Encroachment,9,11,21,327.6333333333333,695.7333333333333,7,1.0
2025-05-05,W07,Z2,Encroachment,5,9,17,344.21666666666664,544.86,5,1.0
2025-05-12,W07,Z2,Encroachment,10,5,21,322.65,923.8333333333335,8,0.8888888888888888
2025-05-19,W07,Z2,Encroachment,6,9,18,347.1333333333333,699.5166666666667,6,1.0
2025-05-26,W07,Z2,Encroachment,9,5,22,526.5,975.9366666666667,9,1.0
2025-06-02,W07,Z2,Encroachment,0,8,14,332.51666666666665,869.4116666666666,0,
2025-06-09,W07,Z2,Encroachment,0,11,3,567.6166666666667,776.8333333333334,0,
2025-06-16,W07,Z2,Encroachment,0,2,1,538.125,558.8383333333334,0,
2025-06-23,W07,Z2,Encroachment,0,0,1,,,0,
2024-12-30,W07,Z2,Garbage,7,4,3,26.71666666666667,52.31833333333334,0,0.0
2025-01-06,W07,Z2,Garbage,8,10,1,24.241666666666667,54.25333333333332,0,0.0
2025-01-13,W07,Z2,Garbage,3,3,0,26.733333333333334,58.599999999999994,0,0.0
2025-01-20,W07,Z2,Garbage,1,1,0,14.016666666666667,14.016666666666667,0,0.0
2025-01-27,W07,Z2,Garbage,7,5,1,18.8,46.903333333333336,0,0.0
2025-02-03,W07,Z2,Garbage,6,6,1,30.05833333333333,87.75,0,0.0
2025-02-10,W07,Z2,Garbage,12,8,4,22.933333333333334,41.535000000000004,0,0.0
2025-02-17,W07,Z2,Garbage,7,10,1,32.15,119.0,0,0.0
2025-02-24,W07,Z2,Garbage,10,6,4,40.25,78.71666666666667,0,0.0
2025-03-03,W07,Z2,Garbage,9,10,1,31.90833333333333,51.414999999999985,0,0.0
2025-03-10,W07,Z2,Garbage,8,7,1,31.45,78.75,0,0.0
2025-03-17,W07,Z2,Garbage,7,7,0,30.966666666666665,56.51666666666667,0,0.0
2025-03-24,W07,Z2,Garbage,6,6,0,35.24166666666667,55.50833333333333,0,0.0
2025-03-31,W07,Z2,Garbage,16,14,1,30.108333333333334,38.69166666666667,0,0.0
2025-04-07,W07,Z2,Garbage,7,6,2,21.616666666666667,31.708333333333336,0,0.0
2025-04-14,W07,Z2,Garbage,8,8,2,21.058333333333334,40.731666666666655,0,0.0
2025-04-21,W07,Z2,Garbage,8,7,3,34.983333333333334,92.99333333333334,0,0.0
2025-04-28,W07,Z2,Garbage,9,11,1,29.95,82.86666666666666,0,0.0
2025-05-05,W07,Z2,Garbage,8,8,0,22.308333333333334,55.123333333333335,0,0.0
2025-05-12,W07,Z2,Garbage,10,7,1,39.03333333333333,53.32666666666667,0,0.0
2025-05-19,W07,Z2,Garbage,5,6,0,30.225,77.875,0,0.0
2025-05-26,W07,Z2,Garbage,13,12,1,34.45,57.89833333333333,0,0.0
2025-06-02,W07,Z2,Garbage,0,1,0,105.83333333333333,105.83333333333333,0,
2025-06-09,W07,Z2,Garbage,0,0,0,,,0,
2025-06-16,W07,Z2,Garbage,0,0,0,,,0,
2025-06-23,W07,Z2,Garbage,0,0,0,,,0,
2024-12-30,W07,Z2,Property Tax,1,0,1,,,0,0.0
2025-01-06,W07,Z2,Property Tax,11,4,6,51.541666666666664,84.01,2,0.2222222222222222
2025-01-13,W07,Z2,Property Tax,7,8,5,90.96666666666667,220.77999999999997,1,0.14285714285714285
2025-01-20,W07,Z2,Property Tax,6,6,4,74.03333333333333,100.63333333333333,0,0.0
2025-01-27,W07,Z2,Property Tax,7,8,3,65.225,155.89166666666668,1,0.14285714285714285
2025-02-03,W07,Z2,Property Tax,7,5,5,36.95,65.17666666666668,1,0.14285714285714285
2025-02-10,W07,Z2,Property Tax,12,11,6,58.916666666666664,269.9,1,0.08333333333333333
2025-02-17,W07,Z2,Property Tax,9,10,4,74.81666666666666,131.69666666666663,0,0.0
2025-02-24,W07,Z2,Property Tax,15,11,7,51.4,72.23333333333333,0,0.0
2025-03-03,W07,Z2,Property Tax,6,12,1,62.358333333333334,119.47666666666667,0,0.0
2025-03-10,W07,Z2,Property Tax,10,3,7,79.96666666666667,133.87333333333333,1,0.1111111111111111
2025-03-17,W07,Z2,Property Tax,4,8,2,88.32499999999999,136.905,0,0.0
2025-03-24,W07,Z2,Property Tax,10,10,2,89.15,145.18999999999994,1,0.1
2025-03-31,W07,Z2,Property Tax,16,11,7,59.983333333333334,129.61666666666667,1,0.0625
2025-04-07,W07,Z2,Property Tax,7,10,2,69.15,121.62166666666663,0,0.0
2025-04-14,W07,Z2,Property Tax,6,6,0,55.43333333333334,144.08333333333331,0,0.0
2025-04-21,W07,Z2,Property Tax,3,2,0,44.358333333333334,49.37833333333333,0,0.0
2025-04-28,W07,Z2,Property Tax,9,6,3,56.175,71.53333333333333,2,0.2222222222222222
2025-05-05,W07,Z2,Property Tax,9,7,5,90.61666666666666,173.87333333333333,0,0.0
2025-05-12,W07,Z2,Property Tax,7,8,4,94.03333333333333,117.62666666666667,0,0.0
2025-05-19,W07,Z2,Property Tax,7,9,1,59.416666666666664,122.21333333333332,0,0.0
2025-05-26,W07,Z2,Property Tax,6,6,1,60.44166666666667,107.96666666666667,0,0.0
2025-06-02,W07,Z2,Property Tax,0,1,0,104.1,104.1,0,
2025-06-09,W07,Z2,Property Tax,0,0,0,,,0,
2025-06-16,W07,Z2,Property Tax,0,0,0,,,0,
2025-06-23,W07,Z2,Property Tax,0,0,0,,,0,
2024-12-30,W07,Z2,Road Repair,5,0,5,,,5,1.0
2025-01-06,W07,Z2,Road Repair,6,1,9,188.43333333333334,188.43333333333334,5,1.0
2025-01-13,W07,Z2,Road Repair,11,7,12,207.3,335.73,7,0.7
2025-01-20,W07,Z2,Road Repair,11,4,19,318.1333333333333,508.4566666666667,11,1.0
2025-01-27,W07,Z2,Road Repair,8,11,14,293.55,517.6166666666667,3,0.5
2025-02-03,W07,Z2,Road Repair,6,11,9,242.78333333333333,632.9333333333333,4,0.6666666666666666
2025-02-10,W07,Z2,Road Repair,5,9,5,289.1333333333333,455.53999999999996,4,0.8
2025-02-17,W07,Z2,Road Repair,6,2,9,352.73333333333335,470.9333333333333,6,1.0
2025-02-24,W07,Z2,Road Repair,7,6,10,254.375,355.98333333333335,1,0.14285714285714285
2025-03-03,W07,Z2,Road Repair,6,7,8,154.1,284.2633333333334,5,1.0
2025-03-10,W07,Z2,Road Repair,7,5,9,213.65,318.19000000000005,4,0.6666666666666666
2025-03-17,W07,Z2,Road Repair,5,4,10,371.5,532.49,4,0.8
2025-03-24,W07,Z2,Road Repair,14,9,15,180.28333333333333,388.37333333333333,12,0.8571428571428571
2025-03-31,W07,Z2,Road Repair,12,7,20,246.16666666666666,451.5066666666668,10,0.8333333333333334
2025-04-07,W07,Z2,Road Repair,5,9,15,246.3,339.2733333333333,2,0.5
2025-04-14,W07,Z2,Road Repair,8,9,13,254.46666666666667,490.88666666666666,4,0.5714285714285714
2025-04-21,W07,Z2,Road Repair,11,10,14,243.56666666666666,479.80499999999995,8,0.7272727272727273
2025-04-28,W07,Z2,Road Repair,7,11,10,239.05,454.73333333333335,5,0.7142857142857143
2025-05-05,W07,Z2,Road Repair,11,5,13,194.0,224.41333333333336,7,0.875
2025-05-12,W07,Z2,Road Repair,11,10,13,240.9,465.76166666666666,6,0.6
2025-05-19,W07,Z2,Road Repair,8,10,10,236.94166666666666,360.6433333333333,4,0.5714285714285714
2025-05-26,W07,Z2,Road Repair,5,7,8,148.26666666666668,410.60000000000014,4,0.8
2025-06-02,W07,Z2,Road Repair,0,6,2,282.85833333333335,413.9083333333333,0,
2025-06-09,W07,Z2,Road Repair,0,1,1,363.5,363.5,0,
2025-06-16,W07,Z2,Road Repair,0,1,0,399.7,399.7,0,
2025-06-23,W07,Z2,Road Repair,0,0,0,,,0,
2024-12-30,W07,Z2,Stray Animals,8,7,1,9.15,13.776666666666667,0,0.0
2025-01-06,W07,Z2,Stray Animals,11,10,1,15.666666666666668,20.078333333333333,0,0.0
2025-01-13,W07,Z2,Stray Animals,7,8,0,13.416666666666668,24.868333333333332,0,0.0
2025-01-20,W07,Z2,Stray Animals,7,5,1,11.583333333333334,13.8,0,0.0
2025-01-27,W07,Z2,Stray Animals,8,7,1,11.283333333333333,25.49333333333334,0,0.0
2025-02-03,W07,Z2,Stray Animals,8,9,0,11.866666666666667,26.006666666666668,0,0.0
2025-02-10,W07,Z2,Stray Animals,7,7,0,7.733333333333333,20.886666666666667,0,0.0
2025-02-17,W07,Z2,Stray Animals,11,10,0,9.491666666666667,19.726666666666667,0,0.0
2025-02-24,W07,Z2,Stray Animals,6,6,0,17.341666666666665,39.49166666666667,0,0.0
2025-03-03,W07,Z2,Stray Animals,6,4,1,21.683333333333334,33.96333333333334,0,0.0
2025-03-10,W07,Z2,Stray Animals,6,6,0,11.675,18.65833333333333,0,0.0
2025-03-17,W07,Z2,Stray Animals,10,10,0,13.458333333333332,19.011666666666663,0,0.0
2025-03-24,W07,Z2,Stray Animals,8,6,1,8.483333333333334,12.625,0,0.0
2025-03-31,W07,Z2,Stray Animals,6,7,0,13.183333333333334,20.363333333333337,0,0.0
2025-04-07,W07,Z2,Stray Animals,5,5,0,12.316666666666666,21.44666666666667,0,0.0
2025-04-14,W07,Z2,Stray Animals,9,9,0,9.55,20.46666666666667,0,0.0
2025-04-21,W07,Z2,Stray Animals,10,5,2,13.25,28.9,0,0.0
2025-04-28,W07,Z2,Stray Animals,6,7,1,12.883333333333333,23.97000000000001,0,0.0
2025-05-05,W07,Z2,Stray Animals,10,11,0,9.533333333333333,15.116666666666667,0,0.0
2025-05-12,W07,Z2,Stray Animals,11,8,2,12.533333333333333,23.333333333333332,0,0.0
2025-05-19,W07,Z2,Stray Animals,6,6,2,7.016666666666667,12.491666666666667,0,0.0
2025-05-26,W07,Z2,Stray Animals,9,10,0,11.266666666666666,29.203333333333322,0,0.0
2025-06-02,W07,Z2,Stray Animals,0,0,0,,,0,
2025-06-09,W07,Z2,Stray Animals,0,0,0,,,0,
2025-06-16,W07,Z2,Stray Animals,0,0,0,,,0,
2025-06-23,W07,Z2,Stray Animals,0,0,0,,,0,
2024-12-30,W07,Z2,Streetlight,6,4,2,18.475,21.89666666666667,0,0.0
2025-01-06,W07,Z2,Streetlight,6,6,0,13.524999999999999,21.166666666666664,0,0.0
2025-01-13,W07,Z2,Streetlight,4,3,0,13.516666666666667,15.21,0,0.0
2025-01-20,W07,Z2,Streetlight,11,9,1,11.85,27.95,0,0.0
2025-01-27,W07,Z2,Streetlight,11,12,0,15.083333333333332,34.53666666666667,0,0.0
2025-02-03,W07,Z2,Streetlight,3,2,1,16.983333333333334,19.556666666666665,0,0.0
2025-02-10,W07,Z2,Streetlight,9,9,0,17.266666666666666,26.360000000000003,0,0.0
2025-02-17,W07,Z2,Streetlight,12,12,0,16.508333333333333,20.893333333333334,0,0.0
2025-02-24,W07,Z2,Streetlight,8,6,1,14.6,21.183333333333334,0,0.0
2025-03-03,W07,Z2,Streetlight,1,2,0,25.84166666666667,36.968333333333334,0,0.0
2025-03-10,W07,Z2,Streetlight,9,6,0,13.391666666666666,25.616666666666667,0,0.0
2025-03-17,W07,Z2,Streetlight,8,7,0,18.216666666666665,28.47,0,0.0
2025-03-24,W07,Z2,Streetlight,6,5,0,11.883333333333333,15.82,0,0.0
2025-03-31,W07,Z2,Streetlight,10,7,2,17.533333333333335,34.733333333333334,0,0.0
2025-04-07,W07,Z2,Streetlight,11,11,2,16.85,28.6,0,0.0
2025-04-14,W07,Z2,Streetlight,6,7,1,14.85,32.39000000000001,0,0.0
2025-04-21,W07,Z2,Streetlight,11,11,1,26.483333333333334,43.9,0,0.0
2025-04-28,W07,Z2,Streetlight,5,5,1,25.333333333333332,43.233333333333334,0,0.0
2025-05-05,W07,Z2,Streetlight,8,9,0,19.966666666666665,38.83666666666667,0,0.0
2025-05-12,W07,Z2,Streetlight,13,9,3,14.25,20.890000000000004,0,0.0
2025-05-19,W07,Z2,Streetlight,13,16,0,15.583333333333332,44.525000000000006,0,0.0
2025-05-26,W07,Z2,Streetlight,4,4,0,20.65833333333333,30.738333333333333,0,0.0
2025-06-02,W07,Z2,Streetlight,0,0,0,,,0,
2025-06-09,W07,Z2,Streetlight,0,0,0,,,0,
2025-06-16,W07,Z2,Streetlight,0,0,0,,,0,
2025-06-23,W07,Z2,Streetlight,0,0,0,,,0,
2024-12-30,W07,Z2,Water Supply,6,5,1,36.18333333333333,50.47666666666667,0,0.0
2025-01-06,W07,Z2,Water Supply,8,6,3,52.09166666666667,67.13333333333333,0,0.0
2025-01-13,W07,Z2,Water Supply,8,9,2,55.1,93.24000000000001,0,0.0
2025-01-20,W07,Z2,Water Supply,5,5,2,46.11666666666667,93.61,0,0.0
2025-01-27,W07,Z2,Water Supply,7,6,2,45.58333333333333,103.35,0,0.0
2025-02-03,W07,Z2,Water Supply,10,8,2,53.733333333333334,95.67999999999999,0,0.0
2025-02-10,W07,Z2,Water Supply,5,5,1,57.5,114.56666666666666,0,0.0
2025-02-17,W07,Z2,Water Supply,11,7,3,38.15,64.52000000000001,1,0.1111111111111111
2025-02-24,W07,Z2,Water Supply,12,7,7,40.28333333333333,68.42666666666668,0,0.0
2025-03-03,W07,Z2,Water Supply,8,12,3,49.275,141.7533333333334,0,0.0
2025-03-10,W07,Z2,Water Supply,10,11,2,40.766666666666666,113.46666666666667,0,0.0
2025-03-17,W07,Z2,Water Supply,6,7,1,79.75,104.20666666666666,0,0.0
2025-03-24,W07,Z2,Water Supply,7,3,4,13.233333333333333,24.88666666666667,0,0.0
2025-03-31,W07,Z2,Water Supply,8,12,0,37.90833333333333,56.61666666666667,0,0.0
2025-04-07,W07,Z2,Water Supply,8,5,3,50.61666666666667,63.083333333333336,0,0.0
2025-04-14,W07,Z2,Water Supply,4,6,1,56.45,108.525,0,0.0
2025-04-21,W07,Z2,Water Supply,9,6,3,40.45,75.7,0,0.0
2025-04-28,W07,Z2,Water Supply,10,10,2,43.71666666666667,88.335,0,0.0
2025-05-05,W07,Z2,Water Supply,7,7,2,45.95,75.20333333333335,0,0.0
2025-05-12,W07,Z2,Water Supply,10,8,3,38.75833333333334,67.85166666666666,0,0.0
2025-05-19,W07,Z2,Water Supply,11,6,7,31.4,125.84166666666667,1,0.1
2025-05-26,W07,Z2,Water Supply,5,9,2,70.75,143.13666666666666,0,0.0
2025-06-02,W07,Z2,Water Supply,0,2,0,73.40833333333333,93.84166666666667,0,
2025-06-09,W07,Z2,Water Supply,0,0,0,,,0,
2025-06-16,W07,Z2,Water Supply,0,0,0,,,0,
2025-06-23,W07,Z2,Water Supply,0,0,0,,,0,
2024-12-30,W08,Z3,Drainage,4,1,3,99.95,99.95,1,0.25
2025-01-06,W08,Z3,Drainage,6,4,4,119.96666666666667,170.57166666666666,1,0.2
2025-01-13,W08,Z3,Drainage,8,5,6,120.86666666666666,170.86333333333334,2,0.2857142857142857
2025-01-20,W08,Z3,Drainage,8,7,7,82.15,150.25000000000006,1,0.125
2025-01-27,W08,Z3,Drainage,9,10,6,89.44166666666666,153.4366666666666,0,0.0
2025-02-03,W08,Z3,Drainage,6,8,4,90.71666666666667,228.48999999999995,1,0.16666666666666666
2025-02-10,W08,Z3,Drainage,6,6,4,139.875,189.75833333333333,1,0.16666666666666666
2025-02-17,W08,Z3,Drainage,15,9,10,63.03333333333333,163.71,4,0.26666666666666666
2025-02-24,W08,Z3,Drainage,2,12,0,140.21666666666667,176.73333333333335,0,0.0
2025-03-03,W08,Z3,Drainage,10,3,7,52.4,94.01333333333335,3,0.3
2025-03-10,W08,Z3,Drainage,8,7,8,120.0,267.99666666666667,4,0.5
2025-03-17,W08,Z3,Drainage,13,10,10,121.19999999999999,182.1483333333333,1,0.08333333333333333
2025-03-24,W08,Z3,Drainage,9,11,7,107.26666666666667,133.06666666666666,0,0.0
2025-03-31,W08,Z3,Drainage,10,11,5,118.05,229.88333333333333,2,0.2222222222222222
2025-04-07,W08,Z3,Drainage,8,7,5,99.4,190.90666666666667,3,0.42857142857142855
2025-04-14,W08,Z3,Drainage,9,7,7,86.71666666666667,177.78333333333336,2,0.2222222222222222
2025-04-21,W08,Z3,Drainage,6,8,3,53.975,198.25333333333333,0,0.0
2025-04-28,W08,Z3,Drainage,10,8,4,81.46666666666667,291.1716666666666,2,0.2222222222222222
2025-05-05,W08,Z3,Drainage,9,5,6,101.98333333333333,128.75,1,0.14285714285714285
2025-05-12,W08,Z3,Drainage,9,7,8,130.83333333333334,212.29666666666668,1,0.1111111111111111
2025-05-19,W08,Z3,Drainage,5,9,4,113.2,142.45666666666665,0,0.0
2025-05-26,W08,Z3,Drainage,5,6,2,101.375,403.93333333333334,0,0.0
2025-06-02,W08,Z3,Drainage,0,2,0,312.6833333333333,432.25666666666666,0,
2025-06-09,W08,Z3,Drainage,0,0,0,,,0,
2025-06-16,W08,Z3,Drainage,0,0,0,,,0,
2025-06-23,W08,Z3,Drainage,0,0,0,,,0,
2024-12-30,W08,Z3,Encroachment,6,0,6,,,5,0.8333333333333334
2025-01-06,W08,Z3,Encroachment,3,1,8,114.53333333333333,114.53333333333333,2,0.6666666666666666
2025-01-13,W08,Z3,Encroachment,13,4,17,314.7583333333333,378.00666666666666,9,0.6923076923076923
2025-01-20,W08,Z3,Encroachment,9,9,17,162.43333333333334,300.3766666666667,7,0.7777777777777778
2025-01-27,W08,Z3,Encroachment,9,7,19,293.78333333333336,613.0766666666667,9,1.0
2025-02-03,W08,Z3,Encroachment,4,3,20,346.26666666666665,645.2666666666667,4,1.0
2025-02-10,W08,Z3,Encroachment,7,5,21,455.21666666666664,538.4866666666667,5,0.8333333333333334
2025-02-17,W08,Z3,Encroachment,6,13,14,503.78333333333336,789.4133333333334,6,1.0
2025-02-24,W08,Z3,Encroachment,9,6,16,284.7583333333333,673.1833333333334,6,0.75
2025-03-03,W08,Z3,Encroachment,4,7,11,297.8833333333333,534.6166666666667,1,0.5
2025-03-10,W08,Z3,Encroachment,6,7,10,253.6,501.6366666666667,5,0.8333333333333334
2025-03-17,W08,Z3,Encroachment,9,6,12,514.125,888.3416666666667,8,1.0
2025-03-24,W08,Z3,Encroachment,14,6,20,220.45,278.55833333333334,12,0.8571428571428571
2025-03-31,W08,Z3,Encroachment,8,8,20,225.25833333333333,385.36499999999995,7,0.875
2025-04-07,W08,Z3,Encroachment,5,8,16,319.3833333333333,613.01,4,1.0
2025-04-14,W08,Z3,Encroachment,11,8,19,353.7833333333333,486.5233333333333,10,0.9090909090909091
2025-04-21,W08,Z3,Encroachment,6,6,19,287.19166666666666,892.125,6,1.0
2025-04-28,W08,Z3,Encroachment,8,7,20,327.75,835.9233333333333,6,0.75
2025-05-05,W08,Z3,Encroachment,12,9,22,379.76666666666665,554.6400000000001,10,0.9090909090909091
2025-05-12,W08,Z3,Encroachment,13,8,25,431.10833333333335,586.0933333333334,9,0.8181818181818182
2025-05-19,W08,Z3,Encroachment,8,9,23,315.8666666666667,475.18666666666667,6,0.8571428571428571
2025-05-26,W08,Z3,Encroachment,5,8,18,395.05,421.1,2,0.6666666666666666
2025-06-02,W08,Z3,Encroachment,0,11,7,383.1,1007.05,0,
2025-06-09,W08,Z3,Encroachment,0,1,6,461.1333333333333,461.1333333333333,0,
2025-06-16,W08,Z3,Encroachment,0,4,2,643.2833333333333,778.6133333333333,0,
2025-06-23,W08,Z3,Encroachment,0,0,2,,,0,
2024-12-30,W08,Z3,Garbage,8,7,0,33.233333333333334,43.223333333333336,0,0.0
2025-01-06,W08,Z3,Garbage,11,9,2,30.566666666666666,57.19666666666667,0,0.0
2025-01-13,W08,Z3,Garbage,7,7,2,27.733333333333334,63.09333333333334,0,0.0
2025-01-20,W08,Z3,Garbage,12,10,3,40.90833333333333,72.5133333333333,0,0.0
2025-01-27,W08,Z3,Garbage,10,10,3,38.0,57.43833333333329,0,0.0
2025-02-03,W08,Z3,Garbage,7,9,1,28.05,47.223333333333336,0,0.0
2025-02-10,W08,Z3,Garbage,5,6,0,24.308333333333334,34.40833333333333,0,0.0
2025-02-17,W08,Z3,Garbage,7,5,1,22.016666666666666,59.35666666666667,0,0.0
2025-02-24,W08,Z3,Garbage,10,7,4,24.45,46.903333333333336,0,0.0
2025-03-03,W08,Z3,Garbage,3,7,0,21.566666666666666,34.23333333333334,0,0.0
2025-03-10,W08,Z3,Garbage,11,9,2,42.11666666666667,57.406666666666666,0,0.0
2025-03-17,W08,Z3,Garbage,6,6,1,42.43333333333333,46.266666666666666,0,0.0
2025-03-24,W08,Z3,Garbage,7,5,2,29.1,38.53333333333333,0,0.0
2025-03-31,W08,Z3,Garbage,7,8,1,35.28333333333333,47.12833333333333,0,0.0
2025-04-07,W08,Z3,Garbage,8,9,0,27.3,45.55666666666667,0,0.0
2025-04-14,W08,Z3,Garbage,9,5,3,41.9,70.79,0,0.0
2025-04-21,W08,Z3,Garbage,5,7,1,26.583333333333332,61.52333333333334,0,0.0
2025-04-28,W08,Z3,Garbage,6,6,1,23.708333333333336,53.725,0,0.0
2025-05-05,W08,Z3,Garbage,8,6,0,23.991666666666667,30.34166666666667,0,0.0
2025-05-12,W08,Z3,Garbage,13,8,3,34.766666666666666,48.06833333333333,0,0.0
2025-05-19,W08,Z3,Garbage,5,7,0,31.533333333333335,44.300000000000004,0,0.0
2025-05-26,W08,Z3,Garbage,10,9,1,36.7,52.88666666666667,0,0.0
2025-06-02,W08,Z3,Garbage,0,1,0,69.58333333333333,69.58333333333333,0,
2025-06-09,W08,Z3,Garbage,0,0,0,,,0,
2025-06-16,W08,Z3,Garbage,0,0,0,,,0,
2025-06-23,W08,Z3,Garbage,0,0,0,,,0,
2024-12-30,W08,Z3,Property Tax,3,1,2,78.8,78.8,0,0.0
2025-01-06,W08,Z3,Property Tax,7,6,3,44.224999999999994,74.40833333333333,1,0.14285714285714285
2025-01-13,W08,Z3,Property Tax,3,3,3,75.35,127.55,1,0.3333333333333333
2025-01-20,W08,Z3,Property Tax,9,6,5,61.71666666666667,263.9083333333333,2,0.25
2025-01-27,W08,Z3,Property Tax,11,8,7,66.41666666666666,235.14833333333334,1,0.1
2025-02-03,W08,Z3,Property Tax,9,10,6,75.69166666666666,199.39166666666662,2,0.2222222222222222
2025-02-10,W08,Z3,Property Tax,7,10,3,54.875,115.51666666666664,0,0.0
2025-02-17,W08,Z3,Property Tax,9,9,3,49.88333333333333,152.51000000000005,0,0.0
2025-02-24,W08,Z3,Property Tax,9,9,3,58.416666666666664,99.42,1,0.1111111111111111
2025-03-03,W08,Z3,Property Tax,6,6,3,69.21666666666667,104.225,0,0.0
2025-03-10,W08,Z3,Property Tax,10,6,6,99.54166666666666,178.50833333333333,0,0.0
2025-03-17,W08,Z3,Property Tax,11,11,6,65.76666666666667,140.9,2,0.18181818181818182
2025-03-24,W08,Z3,Property Tax,6,9,2,49.6,203.22,0,0.0
2025-03-31,W08,Z3,Property Tax,6,6,1,78.25833333333334,104.2,1,0.2
2025-04-07,W08,Z3,Property Tax,11,8,2,62.708333333333336,122.08833333333331,1,0.1111111111111111
2025-04-14,W08,Z3,Property Tax,6,7,1,53.03333333333333,141.8666666666667,0,0.0
2025-04-21,W08,Z3,Property Tax,8,2,5,122.43333333333334,130.91333333333333,0,0.0
2025-04-28,W08,Z3,Property Tax,8,10,3,45.849999999999994,95.9983333333333,0,0.0
2025-05-05,W08,Z3,Property Tax,10,6,7,68.79166666666666,122.51666666666667,2,0.2
2025-05-12,W08,Z3,Property Tax,9,9,7,49.4,155.05,0,0.0
2025-05-19,W08,Z3,Property Tax,11,11,3,100.76666666666667,161.08333333333334,0,0.0
2025-05-26,W08,Z3,Property Tax,6,7,2,82.66666666666667,152.56,1,0.16666666666666666
2025-06-02,W08,Z3,Property Tax,0,2,0,172.03333333333333,196.54,0,
2025-06-09,W08,Z3,Property Tax,0,0,0,,,0,
2025-06-16,W08,Z3,Property Tax,0,0,0,,,0,
2025-06-23,W08,Z3,Property Tax,0,0,0,,,0,
2024-12-30,W08,Z3,Road Repair,8,1,7,115.38333333333334,115.38333333333334,6,0.75
2025-01-06,W08,Z3,Road Repair,5,2,10,82.64166666666667,102.12833333333333,3,0.6
2025-01-13,W08,Z3,Road Repair,6,5,11,212.83333333333334,294.6033333333333,3,0.5
2025-01-20,W08,Z3,Road Repair,6,7,10,191.65,434.27666666666664,6,1.0
2025-01-27,W08,Z3,Road Repair,11,6,14,305.8416666666667,586.1333333333333,8,0.8
2025-02-03,W08,Z3,Road Repair,11,7,15,278.4166666666667,430.97,6,0.75
2025-02-10,W08,Z3,Road Repair,12,8,18,183.88333333333333,401.08166666666665,5,0.45454545454545453
2025-02-17,W08,Z3,Road Repair,2,11,9,242.05,484.3,1,0.5
2025-02-24,W08,Z3,Road Repair,16,8,17,216.79166666666666,529.4983333333333,9,0.5625
2025-03-03,W08,Z3,Road Repair,11,8,19,139.56666666666666,692.285,9,0.9
2025-03-10,W08,Z3,Road Repair,9,14,14,263.8666666666667,377.96999999999997,6,0.6666666666666666
2025-03-17,W08,Z3,Road Repair,11,9,14,201.58333333333334,349.66,7,0.7777777777777778
2025-03-24,W08,Z3,Road Repair,8,8,13,210.11666666666667,317.77166666666665,5,0.7142857142857143
2025-03-31,W08,Z3,Road Repair,9,10,12,206.54166666666669,453.64666666666653,7,0.7777777777777778
2025-04-07,W08,Z3,Road Repair,8,6,14,232.18333333333334,324.2583333333333,6,0.75
2025-04-14,W08,Z3,Road Repair,4,11,6,239.65,518.4833333333333,2,0.6666666666666666
2025-04-21,W08,Z3,Road Repair,6,2,10,215.325,217.57166666666666,2,0.3333333333333333
2025-04-28,W08,Z3,Road Repair,7,10,6,155.825,421.405,3,0.5
2025-05-05,W08,Z3,Road Repair,9,3,11,239.16666666666666,245.43333333333334,7,0.875
2025-05-12,W08,Z3,Road Repair,4,7,7,222.06666666666666,561.2366666666669,2,0.6666666666666666
2025-05-19,W08,Z3,Road Repair,7,7,7,246.3,286.26,4,0.5714285714285714
2025-05-26,W08,Z3,Road Repair,5,4,8,326.625,435.83000000000004,5,1.0
2025-06-02,W08,Z3,Road Repair,0,4,4,241.14166666666665,275.73333333333335,0,
2025-06-09,W08,Z3,Road Repair,0,3,1,368.8,373.16,0,
2025-06-16,W08,Z3,Road Repair,0,0,1,,,0,
2025-06-23,W08,Z3,Road Repair,0,1,0,661.1166666666667,661.1166666666667,0,
2024-12-30,W08,Z3,Stray Animals,11,10,1,13.491666666666667,24.923333333333336,0,0.0
2025-01-06,W08,Z3,Stray Animals,6,7,0,11.166666666666666,20.483333333333338,0,0.0
2025-01-13,W08,Z3,Stray Animals,10,9,0,8.25,18.870000000000005,0,0.0
2025-01-20,W08,Z3,Stray Animals,11,7,3,12.4,25.813333333333336,0,0.0
2025-01-27,W08,Z3,Stray Animals,5,5,2,18.4,30.773333333333333,0,0.0
2025-02-03,W08,Z3,Stray Animals,6,5,1,12.2,20.303333333333335,0,0.0
2025-02-10,W08,Z3,Stray Animals,6,7,0,16.016666666666666,26.78666666666667,0,0.0
2025-02-17,W08,Z3,Stray Animals,9,6,2,15.274999999999999,19.275,0,0.0
2025-02-24,W08,Z3,Stray Animals,6,8,0,7.416666666666667,21.734999999999996,0,0.0
2025-03-03,W08,Z3,Stray Animals,8,6,0,18.175,38.11666666666667,0,0.0
2025-03-10,W08,Z3,Stray Animals,9,6,2,15.375,27.575,0,0.0
2025-03-17,W08,Z3,Stray Animals,7,7,2,15.833333333333334,20.413333333333338,0,0.0
2025-03-24,W08,Z3,Stray Animals,7,9,0,14.233333333333333,27.70333333333334,0,0.0
2025-03-31,W08,Z3,Stray Animals,10,8,2,9.041666666666666,15.408333333333333,0,0.0
2025-04-07,W08,Z3,Stray Animals,4,6,0,15.183333333333334,55.849999999999994,0,0.0
2025-04-14,W08,Z3,Stray Animals,8,7,1,11.916666666666666,18.033333333333335,0,0.0
2025-04-21,W08,Z3,Stray Animals,13,12,1,11.183333333333334,21.830000000000002,0,0.0
2025-04-28,W08,Z3,Stray Animals,5,5,1,11.683333333333334,23.586666666666666,0,0.0
2025-05-05,W08,Z3,Stray Animals,8,8,1,10.733333333333334,18.711666666666666,0,0.0
2025-05-12,W08,Z3,Stray Animals,11,12,0,15.3,22.056666666666665,0,0.0
2025-05-19,W08,Z3,Stray Animals,6,6,0,5.3,9.508333333333333,0,0.0
2025-05-26,W08,Z3,Stray Animals,9,6,1,16.85,33.891666666666666,0,0.0
2025-06-02,W08,Z3,Stray Animals,0,1,0,35.56666666666667,35.56666666666667,0,
2025-06-09,W08,Z3,Stray Animals,0,0,0,,,0,
2025-06-16,W08,Z3,Stray Animals,0,0,0,,,0,
2025-06-23,W08,Z3,Stray Animals,0,0,0,,,0,
2024-12-30,W08,Z3,Streetlight,11,9,2,27.15,41.14,0,0.0
2025-01-06,W08,Z3,Streetlight,8,10,0,21.5,48.86666666666665,0,0.0
2025-01-13,W08,Z3,Streetlight,6,3,2,13.516666666666667,35.290000000000006,0,0.0
2025-01-20,W08,Z3,Streetlight,13,11,1,17.866666666666667,22.416666666666668,0,0.0
2025-01-27,W08,Z3,Streetlight,4,5,0,11.716666666666667,14.543333333333333,0,0.0
2025-02-03,W08,Z3,Streetlight,9,8,1,31.508333333333333,43.61333333333333,0,0.0
2025-02-10,W08,Z3,Streetlight,7,8,0,11.95,36.355,0,0.0
2025-02-17,W08,Z3,Streetlight,6,3,3,19.233333333333334,22.273333333333333,0,0.0
2025-02-24,W08,Z3,Streetlight,11,14,0,13.791666666666668,49.21833333333334,0,0.0
2025-03-03,W08,Z3,Streetlight,11,9,1,20.183333333333334,24.36,0,0.0
2025-03-10,W08,Z3,Streetlight,4,4,0,11.8,13.48,0,0.0
2025-03-17,W08,Z3,Streetlight,12,9,2,13.1,24.516666666666673,0,0.0
2025-03-24,W08,Z3,Streetlight,8,8,1,22.458333333333336,36.58833333333333,0,0.0
2025-03-31,W08,Z3,Streetlight,10,8,2,15.083333333333334,37.636666666666656,0,0.0
2025-04-07,W08,Z3,Streetlight,6,7,1,18.333333333333332,47.44666666666669,0,0.0
2025-04-14,W08,Z3,Streetlight,9,9,1,16.733333333333334,45.63,0,0.0
2025-04-21,W08,Z3,Streetlight,5,6,0,16.700000000000003,27.825,0,0.0
2025-04-28,W08,Z3,Streetlight,9,8,1,26.558333333333334,38.88166666666667,0,0.0
2025-05-05,W08,Z3,Streetlight,10,9,1,17.966666666666665,67.65666666666667,0,0.0
2025-05-12,W08,Z3,Streetlight,7,6,0,18.766666666666666,35.66666666666667,0,0.0
2025-05-19,W08,Z3,Streetlight,8,6,1,22.766666666666666,40.79166666666667,0,0.0
2025-05-26,W08,Z3,Streetlight,1,2,0,17.716666666666665,20.303333333333335,0,0.0
2025-06-02,W08,Z3,Streetlight,0,0,0,,,0,
2025-06-09,W08,Z3,Streetlight,0,0,0,,,0,
2025-06-16,W08,Z3,Streetlight,0,0,0,,,0,
2025-06-23,W08,Z3,Streetlight,0,0,0,,,0,
2024-12-30,W08,Z3,Water Supply,5,4,1,44.83333333333333,68.965,0,0.0
2025-01-06,W08,Z3,Water Supply,10,7,4,42.166666666666664,68.78333333333333,0,0.0
2025-01-13,W08,Z3,Water Supply,9,10,3,48.46666666666667,148.0933333333333,0,0.0
2025-01-20,W08,Z3,Water Supply,10,10,3,56.61666666666667,82.16833333333332,0,0.0
2025-01-27,W08,Z3,Water Supply,6,7,2,39.166666666666664,53.480000000000004,0,0.0
2025-02-03,W08,Z3,Water Supply,7,6,3,48.90833333333333,61.0,0,0.0
2025-02-10,W08,Z3,Water Supply,9,11,0,51.583333333333336,80.81666666666666,0,0.0
2025-02-17,W08,Z3,Water Supply,7,4,1,49.724999999999994,106.59666666666668,0,0.0
2025-02-24,W08,Z3,Water Supply,7,6,2,48.61666666666667,84.975,0,0.0
2025-03-03,W08,Z3,Water Supply,9,5,5,60.43333333333333,133.97,1,0.125
2025-03-10,W08,Z3,Water Supply,6,7,4,59.46666666666667,171.01333333333335,0,0.0
2025-03-17,W08,Z3,Water Supply,11,12,3,55.55,113.63166666666667,1,0.09090909090909091
2025-03-24,W08,Z3,Water Supply,13,9,5,55.166666666666664,111.45333333333335,0,0.0
2025-03-31,W08,Z3,Water Supply,8,11,2,49.46666666666667,78.95,0,0.0
2025-04-07,W08,Z3,Water Supply,9,8,0,44.54166666666667,63.17166666666667,0,0.0
2025-04-14,W08,Z3,Water Supply,9,5,4,50.81666666666667,99.97333333333333,0,0.0
2025-04-21,W08,Z3,Water Supply,4,8,0,56.275,119.02333333333333,0,0.0
2025-04-28,W08,Z3,Water Supply,7,4,2,48.21666666666667,81.66666666666667,0,0.0
2025-05-05,W08,Z3,Water Supply,6,5,2,60.93333333333333,137.06666666666666,0,0.0
2025-05-12,W08,Z3,Water Supply,6,5,2,36.2,85.86666666666667,0,0.0
2025-05-19,W08,Z3,Water Supply,10,10,2,46.891666666666666,69.33666666666667,0,0.0
2025-05-26,W08,Z3,Water Supply,7,7,1,46.016666666666666,76.32333333333335,0,0.0
2025-06-02,W08,Z3,Water Supply,0,1,0,73.08333333333333,73.08333333333333,0,
2025-06-09,W08,Z3,Water Supply,0,0,0,,,0,
2025-06-16,W08,Z3,Water Supply,0,0,0,,,0,
2025-06-23,W08,Z3,Water Supply,0,0,0,,,0,
2024-12-30,W09,Z4,Drainage,6,1,4,34.88333333333333,34.88333333333333,0,0.0
2025-01-06,W09,Z4,Drainage,13,7,10,88.78333333333333,114.50666666666667,1,0.07692307692307693
2025-01-13,W09,Z4,Drainage,11,13,8,117.68333333333334,165.06333333333333,0,0.0
2025-01-20,W09,Z4,Drainage,17,12,13,103.34166666666667,152.845,3,0.17647058823529413
2025-01-27,W09,Z4,Drainage,6,11,8,86.91666666666667,160.71666666666667,1,0.16666666666666666
2025-02-03,W09,Z4,Drainage,6,6,8,100.18333333333334,142.375,0,0.0
2025-02-10,W09,Z4,Drainage,6,10,4,104.21666666666667,404.48833333333334,2,0.3333333333333333
2025-02-17,W09,Z4,Drainage,6,6,4,87.18333333333334,140.675,1,0.16666666666666666
2025-02-24,W09,Z4,Drainage,12,7,8,143.15,203.59333333333336,2,0.18181818181818182
2025-03-03,W09,Z4,Drainage,9,12,5,103.56666666666666,188.44666666666666,0,0.0
2025-03-10,W09,Z4,Drainage,8,7,4,74.43333333333334,116.65333333333336,1,0.16666666666666666
2025-03-17,W09,Z4,Drainage,9,6,7,64.75,132.05,0,0.0
2025-03-24,W09,Z4,Drainage,10,9,5,64.48333333333333,154.70666666666668,2,0.2857142857142857
2025-03-31,W09,Z4,Drainage,6,7,4,148.78333333333333,162.68666666666667,1,0.16666666666666666
2025-04-07,W09,Z4,Drainage,7,5,5,91.28333333333333,188.18666666666667,0,0.0
2025-04-14,W09,Z4,Drainage,8,8,5,126.625,153.66833333333332,2,0.25
2025-04-21,W09,Z4,Drainage,11,6,8,109.71666666666667,320.9083333333333,4,0.4444444444444444
2025-04-28,W09,Z4,Drainage,7,10,5,145.03333333333333,239.88166666666666,2,0.2857142857142857
2025-05-05,W09,Z4,Drainage,7,6,4,122.85,222.75,0,0.0
2025-05-12,W09,Z4,Drainage,8,5,7,90.83333333333333,281.05333333333334,2,0.25
2025-05-19,W09,Z4,Drainage,8,7,8,131.55,202.21000000000004,4,0.5
2025-05-26,W09,Z4,Drainage,6,7,7,141.18333333333334,234.68333333333334,2,0.3333333333333333
2025-06-02,W09,Z4,Drainage,0,6,1,201.2,333.775,0,
2025-06-09,W09,Z4,Drainage,0,1,0,286.01666666666665,286.01666666666665,0,
2025-06-16,W09,Z4,Drainage,0,0,0,,,0,
2025-06-23,W09,Z4,Drainage,0,0,0,,,0,
2024-12-30,W09,Z4,Encroachment,2,0,2,,,2,1.0
2025-01-06,W09,Z4,Encroachment,15,1,16,242.01666666666668,242.01666666666668,15,1.0
2025-01-13,W09,Z4,Encroachment,6,2,20,245.13333333333333,286.05333333333334,6,1.0
2025-01-20,W09,Z4,Encroachment,7,1,26,422.85,422.85,5,0.7142857142857143
2025-01-27,W09,Z4,Encroachment,11,9,28,468.45,617.0533333333334,10,0.9090909090909091
2025-02-03,W09,Z4,Encroachment,9,11,24,302.8333333333333,711.2333333333333,7,1.0
2025-02-10,W09,Z4,Encroachment,11,12,23,392.7,670.6300000000001,10,0.9090909090909091
2025-02-17,W09,Z4,Encroachment,9,9,23,292.75,757.89,8,0.8888888888888888
2025-02-24,W09,Z4,Encroachment,7,10,19,302.3666666666667,862.1933333333332,6,1.0
2025-03-03,W09,Z4,Encroachment,11,6,23,349.7,789.4166666666666,9,0.9
2025-03-10,W09,Z4,Encroachment,7,10,20,303.0,707.3949999999998,6,0.8571428571428571
2025-03-17,W09,Z4,Encroachment,8,5,22,361.5833333333333,662.8233333333334,6,0.8571428571428571
2025-03-24,W09,Z4,Encroachment,9,10,21,358.425,458.36666666666656,9,1.0
2025-03-31,W09,Z4,Encroachment,10,7,23,443.75,1019.2533333333336,8,0.8888888888888888
2025-04-07,W09,Z4,Encroachment,8,5,26,438.8666666666667,1044.1766666666667,8,1.0
2025-04-14,W09,Z4,Encroachment,14,12,26,434.30833333333334,1266.3650000000002,11,0.9166666666666666
2025-04-21,W09,Z4,Encroachment,9,7,27,508.2,809.8566666666668,8,1.0
2025-04-28,W09,Z4,Encroachment,8,12,22,348.475,482.8966666666667,6,0.8571428571428571
2025-05-05,W09,Z4,Encroachment,7,11,17,450.3,571.8833333333333,6,1.0
2025-05-12,W09,Z4,Encroachment,4,5,16,450.43333333333334,898.4033333333333,3,0.75
2025-05-19,W09,Z4,Encroachment,7,7,15,432.05,776.1133333333333,5,0.8333333333333334
2025-05-26,W09,Z4,Encroachment,8,9,14,268.3,541.1933333333333,8,1.0
2025-06-02,W09,Z4,Encroachment,0,3,11,257.51666666666665,572.1166666666667,0,
2025-06-09,W09,Z4,Encroachment,0,5,6,349.9,706.26,0,
2025-06-16,W09,Z4,Encroachment,0,2,4,746.7083333333334,928.4083333333333,0,
2025-06-23,W09,Z4,Encroachment,0,2,2,1257.75,1776.5366666666666,0,
2024-12-30,W09,Z4,Garbage,4,4,0,24.525,31.48166666666667,0,0.0
2025-01-06,W09,Z4,Garbage,9,7,2,19.75,35.13333333333333,1,0.1111111111111111
2025-01-13,W09,Z4,Garbage,9,8,3,32.94166666666666,84.4683333333333,0,0.0
2025-01-20,W09,Z4,Garbage,7,9,0,35.81666666666667,94.70333333333333,0,0.0
2025-01-27,W09,Z4,Garbage,12,12,0,22.608333333333334,38.71,0,0.0
2025-02-03,W09,Z4,Garbage,13,11,2,19.2,27.1,0,0.0
2025-02-10,W09,Z4,Garbage,6,5,1,28.283333333333335,65.28,0,0.0
2025-02-17,W09,Z4,Garbage,12,9,4,31.983333333333334,43.26,0,0.0
2025-02-24,W09,Z4,Garbage,8,10,2,36.31666666666666,50.35499999999999,0,0.0
2025-03-03,W09,Z4,Garbage,3,3,2,52.95,57.04333333333334,0,0.0
2025-03-10,W09,Z4,Garbage,8,8,2,33.04166666666667,52.835,0,0.0
2025-03-17,W09,Z4,Garbage,9,8,1,19.583333333333336,29.69,0,0.0
2025-03-24,W09,Z4,Garbage,8,7,1,27.9,56.02000000000001,0,0.0
2025-03-31,W09,Z4,Garbage,13,13,0,27.6,45.976666666666674,0,0.0
2025-04-07,W09,Z4,Garbage,15,11,3,36.9,61.7,0,0.0
2025-04-14,W09,Z4,Garbage,7,10,0,57.375,96.22333333333333,0,0.0
2025-04-21,W09,Z4,Garbage,7,5,2,16.233333333333334,27.82,0,0.0
2025-04-28,W09,Z4,Garbage,9,8,2,38.733333333333334,49.5,0,0.0
2025-05-05,W09,Z4,Garbage,5,6,0,30.325,64.88333333333333,0,0.0
2025-05-12,W09,Z4,Garbage,7,4,2,15.483333333333334,25.50166666666667,0,0.0
2025-05-19,W09,Z4,Garbage,5,5,1,37.0,46.60666666666667,0,0.0
2025-05-26,W09,Z4,Garbage,11,11,1,33.55,52.083333333333336,0,0.0
2025-06-02,W09,Z4,Garbage,0,1,0,65.48333333333333,65.48333333333333,0,
2025-06-09,W09,Z4,Garbage,0,0,0,,,0,
2025-06-16,W09,Z4,Garbage,0,0,0,,,0,
2025-06-23,W09,Z4,Garbage,0,0,0,,,0,
2024-12-30,W09,Z4,Property Tax,8,4,4,37.375,63.13333333333334,0,0.0
2025-01-06,W09,Z4,Property Tax,7,5,5,93.71666666666667,128.67,0,0.0
2025-01-13,W09,Z4,Property Tax,12,8,9,62.08333333333333,117.74499999999999,0,0.0
2025-01-20,W09,Z4,Property Tax,7,13,2,87.45,127.14000000000001,0,0.0
2025-01-27,W09,Z4,Property Tax,9,9,1,54.083333333333336,100.45333333333335,0,0.0
2025-02-03,W09,Z4,Property Tax,5,4,1,75.66666666666666,92.31666666666666,1,0.25
2025-02-10,W09,Z4,Property Tax,9,5,3,57.11666666666667,158.0,0,0.0
2025-02-17,W09,Z4,Property Tax,11,10,4,53.79166666666667,84.57666666666667,3,0.2727272727272727
2025-02-24,W09,Z4,Property Tax,8,6,5,119.20833333333333,197.64166666666665,0,0.0
2025-03-03,W09,Z4,Property Tax,7,9,3,44.85,106.85333333333335,0,0.0
2025-03-10,W09,Z4,Property Tax,11,11,2,61.43333333333333,100.31666666666666,0,0.0
2025-03-17,W09,Z4,Property Tax,9,5,6,84.58333333333333,96.26,1,0.1111111111111111
2025-03-24,W09,Z4,Property Tax,10,12,4,60.358333333333334,96.94000000000001,0,0.0
2025-03-31,W09,Z4,Property Tax,11,13,2,63.45,135.78333333333336,1,0.09090909090909091
2025-04-07,W09,Z4,Property Tax,10,6,6,51.93333333333334,147.56666666666666,1,0.1
2025-04-14,W09,Z4,Property Tax,9,10,5,74.65833333333333,121.0233333333333,0,0.0
2025-04-21,W09,Z4,Property Tax,9,9,4,60.31666666666667,91.25333333333333,0,0.0
2025-04-28,W09,Z4,Property Tax,9,6,5,82.33333333333333,105.23333333333333,0,0.0
2025-05-05,W09,Z4,Property Tax,7,7,5,92.26666666666667,122.87,0,0.0
2025-05-12,W09,Z4,Property Tax,6,7,4,66.21666666666667,113.97333333333336,0,0.0
2025-05-19,W09,Z4,Property Tax,7,9,0,76.8,93.02666666666667,0,0.0
2025-05-26,W09,Z4,Property Tax,7,6,1,56.19166666666666,81.96666666666667,0,0.0
2025-06-02,W09,Z4,Property Tax,0,1,0,44.65,44.65,0,
2025-06-09,W09,Z4,Property Tax,0,0,0,,,0,
2025-06-16,W09,Z4,Property Tax,0,0,0,,,0,
2025-06-23,W09,Z4,Property Tax,0,0,0,,,0,
2024-12-30,W09,Z4,Road Repair,3,0,3,,,3,1.0
2025-01-06,W09,Z4,Road Repair,9,1,10,94.43333333333334,94.43333333333334,6,0.75
2025-01-13,W09,Z4,Road Repair,6,5,11,196.41666666666666,280.55333333333334,4,0.6666666666666666
2025-01-20,W09,Z4,Road Repair,5,8,7,210.15833333333333,310.66499999999996,4,1.0
2025-01-27,W09,Z4,Road Repair,10,5,11,193.38333333333333,329.10333333333335,4,0.4444444444444444
2025-02-03,W09,Z4,Road Repair,4,7,8,182.66666666666666,386.6933333333334,2,0.5
2025-02-10,W09,Z4,Road Repair,15,5,17,141.2,283.4066666666667,8,0.5714285714285714
2025-02-17,W09,Z4,Road Repair,7,7,17,134.5,545.6400000000001,3,0.42857142857142855
2025-02-24,W09,Z4,Road Repair,11,10,18,231.575,468.64166666666665,9,0.8181818181818182
2025-03-03,W09,Z4,Road Repair,11,11,15,263.78333333333336,477.46666666666664,5,0.625
2025-03-10,W09,Z4,Road Repair,4,4,15,166.00833333333333,350.5083333333333,4,1.0
2025-03-17,W09,Z4,Road Repair,9,9,13,388.03333333333336,603.5733333333335,6,0.8571428571428571
2025-03-24,W09,Z4,Road Repair,10,9,14,234.28333333333333,515.0933333333334,9,0.9
2025-03-31,W09,Z4,Road Repair,4,10,8,196.86666666666667,354.555,4,1.0
2025-04-07,W09,Z4,Road Repair,13,3,17,295.03333333333336,343.0866666666667,9,0.75
2025-04-14,W09,Z4,Road Repair,9,12,14,198.14166666666665,504.8683333333334,4,0.4444444444444444
2025-04-21,W09,Z4,Road Repair,7,7,13,194.86666666666667,402.7066666666667,5,0.8333333333333334
2025-04-28,W09,Z4,Road Repair,9,7,14,342.98333333333335,516.52,6,0.75
2025-05-05,W09,Z4,Road Repair,13,9,17,174.06666666666666,374.98,9,0.75
2025-05-12,W09,Z4,Road Repair,6,8,15,293.19166666666666,459.18,4,0.6666666666666666
2025-05-19,W09,Z4,Road Repair,8,12,11,303.3833333333333,531.82,4,0.5
2025-05-26,W09,Z4,Road Repair,15,12,14,129.85833333333332,454.3566666666667,7,0.4666666666666667
2025-06-02,W09,Z4,Road Repair,0,6,8,203.85000000000002,433.65,0,
2025-06-09,W09,Z4,Road Repair,0,6,2,317.3833333333333,538.4833333333333,0,
2025-06-16,W09,Z4,Road Repair,0,0,2,,,0,
2025-06-23,W09,Z4,Road Repair,0,1,1,715.2166666666667,715.2166666666667,0,
2024-12-30,W09,Z4,Stray Animals,6,4,1,22.8,25.85,0,0.0
2025-01-06,W09,Z4,Stray Animals,13,13,1,12.2,20.806666666666665,0,0.0
2025-01-13,W09,Z4,Stray Animals,11,11,1,10.766666666666667,25.133333333333333,0,0.0
2025-01-20,W09,Z4,Stray Animals,8,7,2,6.783333333333333,25.533333333333335,0,0.0
2025-01-27,W09,Z4,Stray Animals,13,13,0,12.85,16.483333333333334,0,0.0
2025-02-03,W09,Z4,Stray Animals,7,7,0,7.883333333333334,17.500000000000004,0,0.0
2025-02-10,W09,Z4,Stray Animals,4,4,0,12.216666666666667,13.843333333333334,0,0.0
2025-02-17,W09,Z4,Stray Animals,12,9,1,11.216666666666667,18.243333333333336,0,0.0
2025-02-24,W09,Z4,Stray Animals,9,9,1,16.85,27.523333333333333,0,0.0
2025-03-03,W09,Z4,Stray Animals,6,6,1,14.225,16.666666666666668,0,0.0
2025-03-10,W09,Z4,Stray Animals,8,9,0,10.166666666666666,12.776666666666667,0,0.0
2025-03-17,W09,Z4,Stray Animals,9,7,1,13.75,21.076666666666668,0,0.0
2025-03-24,W09,Z4,Stray Animals,7,7,1,9.65,22.960000000000004,0,0.0
2025-03-31,W09,Z4,Stray Animals,9,9,0,15.666666666666666,32.13666666666666,0,0.0
2025-04-07,W09,Z4,Stray Animals,8,8,0,12.108333333333334,16.098333333333333,0,0.0
2025-04-14,W09,Z4,Stray Animals,6,5,1,6.916666666666667,23.35666666666667,0,0.0
2025-04-21,W09,Z4,Stray Animals,10,10,0,15.625,22.53833333333333,0,0.0
2025-04-28,W09,Z4,Stray Animals,12,10,1,10.641666666666666,38.36999999999999,0,0.0
2025-05-05,W09,Z4,Stray Animals,8,6,1,18.416666666666668,32.675,0,0.0
2025-05-12,W09,Z4,Stray Animals,9,9,1,8.7,27.933333333333337,0,0.0
2025-05-19,W09,Z4,Stray Animals,10,8,2,9.475000000000001,13.241666666666665,0,0.0
2025-05-26,W09,Z4,Stray Animals,2,4,0,18.21666666666667,22.551666666666666,0,0.0
2025-06-02,W09,Z4,Stray Animals,0,0,0,,,0,
2025-06-09,W09,Z4,Stray Animals,0,0,0,,,0,
2025-06-16,W09,Z4,Stray Animals,0,0,0,,,0,
2025-06-23,W09,Z4,Stray Animals,0,0,0,,,0,
2024-12-30,W09,Z4,Streetlight,6,3,3,15.933333333333334,28.8,0,0.0
2025-01-06,W09,Z4,Streetlight,6,9,0,15.333333333333334,42.430000000000014,0,0.0
2025-01-13,W09,Z4,Streetlight,8,7,1,20.55,31.296666666666667,0,0.0
2025-01-20,W09,Z4,Streetlight,9,9,0,17.783333333333335,36.56333333333334,0,0.0
2025-01-27,W09,Z4,Streetlight,3,2,1,25.525,37.545,0,0.0
2025-02-03,W09,Z4,Streetlight,8,7,1,21.9,43.786666666666676,0,0.0
2025-02-10,W09,Z4,Streetlight,12,10,2,13.75,31.991666666666664,0,0.0
2025-02-17,W09,Z4,Streetlight,5,7,0,20.8,43.96333333333335,0,0.0
2025-02-24,W09,Z4,Streetlight,7,5,1,20.45,61.620000000000005,0,0.0
2025-03-03,W09,Z4,Streetlight,9,9,0,15.783333333333333,30.35333333333333,0,0.0
2025-03-10,W09,Z4,Streetlight,13,11,2,16.083333333333332,29.633333333333333,0,0.0
2025-03-17,W09,Z4,Streetlight,5,7,0,12.1,27.113333333333337,0,0.0
2025-03-24,W09,Z4,Streetlight,14,11,1,16.066666666666666,29.85,0,0.0
2025-03-31,W09,Z4,Streetlight,10,9,0,39.416666666666664,56.99,0,0.0
2025-04-07,W09,Z4,Streetlight,4,3,1,25.316666666666666,25.77,0,0.0
2025-04-14,W09,Z4,Streetlight,13,11,2,15.733333333333333,26.566666666666666,0,0.0
2025-04-21,W09,Z4,Streetlight,17,15,4,15.866666666666667,28.64333333333333,0,0.0
2025-04-28,W09,Z4,Streetlight,11,13,0,25.883333333333333,42.656666666666666,0,0.0
2025-05-05,W09,Z4,Streetlight,7,6,1,21.40833333333333,36.46666666666667,0,0.0
2025-05-12,W09,Z4,Streetlight,11,11,1,16.1,40.333333333333336,0,0.0
2025-05-19,W09,Z4,Streetlight,4,5,0,21.533333333333335,30.64,0,0.0
2025-05-26,W09,Z4,Streetlight,6,4,1,11.191666666666666,11.416666666666668,0,0.0
2025-06-02,W09,Z4,Streetlight,0,1,0,31.333333333333332,31.333333333333332,0,
2025-06-09,W09,Z4,Streetlight,0,0,0,,,0,
2025-06-16,W09,Z4,Streetlight,0,0,0,,,0,
2025-06-23,W09,Z4,Streetlight,0,0,0,,,0,
2024-12-30,W09,Z4,Water Supply,5,2,3,49.54166666666667,62.721666666666664,0,0.0
2025-01-06,W09,Z4,Water Supply,8,10,1,53.18333333333334,68.95833333333333,0,0.0
2025-01-13,W09,Z4,Water Supply,8,8,0,43.675,71.09333333333333,0,0.0
2025-01-20,W09,Z4,Water Supply,8,7,0,28.116666666666667,54.76666666666669,0,0.0
2025-01-27,W09,Z4,Water Supply,10,7,3,43.75,100.35000000000001,0,0.0
2025-02-03,W09,Z4,Water Supply,5,7,1,45.71666666666667,97.11666666666667,0,0.0
2025-02-10,W09,Z4,Water Supply,12,9,3,43.63333333333333,57.12333333333335,1,0.09090909090909091
2025-02-17,W09,Z4,Water Supply,7,6,3,52.58333333333333,162.44166666666666,0,0.0
2025-02-24,W09,Z4,Water Supply,8,8,2,60.65,88.14666666666666,0,0.0
2025-03-03,W09,Z4,Water Supply,9,6,5,52.358333333333334,55.275000000000006,0,0.0
2025-03-10,W09,Z4,Water Supply,12,13,3,53.75,104.75333333333333,0,0.0
2025-03-17,W09,Z4,Water Supply,12,10,5,47.46666666666667,91.19833333333334,0,0.0
2025-03-24,W09,Z4,Water Supply,8,8,4,68.125,137.62666666666667,0,0.0
2025-03-31,W09,Z4,Water Supply,11,14,1,33.3,81.75500000000004,0,0.0
2025-04-07,W09,Z4,Water Supply,9,8,2,38.91666666666667,54.084999999999994,0,0.0
2025-04-14,W09,Z4,Water Supply,10,6,6,37.80833333333334,76.71666666666667,0,0.0
2025-04-21,W09,Z4,Water Supply,12,13,3,57.46666666666667,102.78333333333333,0,0.0
2025-04-28,W09,Z4,Water Supply,7,9,0,48.13333333333333,76.31666666666669,0,0.0
2025-05-05,W09,Z4,Water Supply,6,2,4,68.45,82.53,0,0.0
2025-05-12,W09,Z4,Water Supply,6,7,2,43.166666666666664,103.04666666666668,0,0.0
2025-05-19,W09,Z4,Water Supply,5,5,1,34.43333333333333,53.24666666666667,0,0.0
2025-05-26,W09,Z4,Water Supply,10,9,1,53.4,117.72666666666667,0,0.0
2025-06-02,W09,Z4,Water Supply,0,1,0,103.11666666666666,103.11666666666666,0,
2025-06-09,W09,Z4,Water Supply,0,0,0,,,0,
2025-06-16,W09,Z4,Water Supply,0,0,0,,,0,
2025-06-23,W09,Z4,Water Supply,0,0,0,,,0,
2024-12-30,W10,Z0,Drainage,10,0,10,,,3,0.3
2025-01-06,W10,Z0,Drainage,9,10,6,88.875,134.56499999999997,0,0.0
2025-01-13,W10,Z0,Drainage,5,7,3,128.93333333333334,217.77,1,0.25
2025-01-20,W10,Z0,Drainage,5,4,3,49.30833333333334,128.41500000000002,0,0.0
2025-01-27,W10,Z0,Drainage,11,7,7,53.21666666666667,130.8866666666667,2,0.18181818181818182
2025-02-03,W10,Z0,Drainage,4,9,2,99.33333333333333,181.81,0,0.0
2025-02-10,W10,Z0,Drainage,10,6,4,78.31666666666666,96.28333333333333,1,0.125
2025-02-17,W10,Z0,Drainage,7,8,3,108.225,171.72666666666666,1,0.14285714285714285
2025-02-24,W10,Z0,Drainage,21,16,8,78.81666666666666,147.50833333333333,2,0.09523809523809523
2025-03-03,W10,Z0,Drainage,10,13,4,76.46666666666667,175.98666666666668,1,0.1111111111111111
2025-03-10,W10,Z0,Drainage,8,7,5,106.6,145.23333333333335,0,0.0
2025-03-17,W10,Z0,Drainage,8,10,3,71.15833333333333,82.30333333333333,2,0.25
2025-03-24,W10,Z0,Drainage,12,9,6,89.9,135.94000000000003,1,0.08333333333333333
2025-03-31,W10,Z0,Drainage,9,7,6,77.78333333333333,234.47333333333341,2,0.2857142857142857
2025-04-07,W10,Z0,Drainage,6,8,4,98.17500000000001,213.03833333333333,2,0.3333333333333333
2025-04-14,W10,Z0,Drainage,6,8,2,98.83333333333334,196.79166666666666,1,0.16666666666666666
2025-04-21,W10,Z0,Drainage,5,4,3,100.40833333333333,165.36166666666668,1,0.2
2025-04-28,W10,Z0,Drainage,8,5,5,95.78333333333333,141.18666666666667,2,0.2857142857142857
2025-05-05,W10,Z0,Drainage,12,9,7,79.11666666666666,182.74,2,0.18181818181818182
2025-05-12,W10,Z0,Drainage,4,9,2,118.43333333333334,170.0966666666667,0,0.0
2025-05-19,W10,Z0,Drainage,9,4,7,72.38333333333333,193.16500000000002,1,0.1111111111111111
2025-05-26,W10,Z0,Drainage,8,10,5,77.8,102.24666666666664,3,0.375
2025-06-02,W10,Z0,Drainage,0,5,0,183.66666666666666,372.40000000000003,0,
2025-06-09,W10,Z0,Drainage,0,0,0,,,0,
2025-06-16,W10,Z0,Drainage,0,0,0,,,0,
2025-06-23,W10,Z0,Drainage,0,0,0,,,0,
2024-12-30,W10,Z0,Encroachment,6,0,6,,,6,1.0
2025-01-06,W10,Z0,Encroachment,8,0,14,,,8,1.0
2025-01-13,W10,Z0,Encroachment,9,3,20,181.41666666666666,278.0566666666666,8,0.8888888888888888
2025-01-20,W10,Z0,Encroachment,10,7,23,320.35,512.34,8,0.8
2025-01-27,W10,Z0,Encroachment,8,9,22,295.6,506.52000000000004,7,0.875
2025-02-03,W10,Z0,Encroachment,10,14,18,337.51666666666665,640.7933333333334,9,0.9
2025-02-10,W10,Z0,Encroachment,12,9,21,367.65,507.52,11,0.9166666666666666
2025-02-17,W10,Z0,Encroachment,6,6,21,300.3666666666667,394.975,5,0.8333333333333334
2025-02-24,W10,Z0,Encroachment,4,10,14,432.0916666666667,536.0166666666667,3,1.0
2025-03-03,W10,Z0,Encroachment,8,3,17,477.3666666666667,531.42,6,1.0
2025-03-10,W10,Z0,Encroachment,9,6,20,463.95,714.7166666666667,9,1.0
2025-03-17,W10,Z0,Encroachment,8,12,16,387.1583333333333,866.6500000000001,8,1.0
2025-03-24,W10,Z0,Encroachment,4,7,13,278.96666666666664,511.22,4,1.0
2025-03-31,W10,Z0,Encroachment,14,6,20,328.8416666666667,424.7416666666667,12,0.9230769230769231
2025-04-07,W10,Z0,Encroachment,11,7,22,261.9166666666667,565.3266666666667,8,0.8888888888888888
2025-04-14,W10,Z0,Encroachment,5,7,19,301.93333333333334,348.68666666666667,4,1.0
2025-04-21,W10,Z0,Encroachment,15,10,23,347.2166666666667,988.4749999999999,12,0.8571428571428571
2025-04-28,W10,Z0,Encroachment,12,8,25,379.45833333333337,687.87,9,0.9
2025-05-05,W10,Z0,Encroachment,8,10,23,289.0333333333333,445.68166666666656,7,0.875
2025-05-12,W10,Z0,Encroachment,3,11,15,549.6833333333333,879.6666666666666,3,1.0
2025-05-19,W10,Z0,Encroachment,11,6,18,387.1916666666667,623.4833333333333,8,0.8888888888888888
2025-05-26,W10,Z0,Encroachment,6,5,19,229.15,330.7366666666667,5,0.8333333333333334
2025-06-02,W10,Z0,Encroachment,0,8,11,261.4083333333333,798.0283333333333,0,
2025-06-09,W10,Z0,Encroachment,0,6,5,624.2666666666667,941.3,0,
2025-06-16,W10,Z0,Encroachment,0,1,4,420.68333333333334,420.68333333333334,0,
2025-06-23,W10,Z0,Encroachment,0,2,2,715.4916666666667,761.6316666666667,0,
2024-12-30,W10,Z0,Garbage,4,3,1,18.6,24.026666666666667,0,0.0
2025-01-06,W10,Z0,Garbage,11,10,1,28.441666666666666,43.30833333333333,0,0.0
2025-01-13,W10,Z0,Garbage,13,10,3,25.191666666666666,55.01499999999999,0,0.0
2025-01-20,W10,Z0,Garbage,8,8,2,46.86666666666667,74.82166666666666,0,0.0
2025-01-27,W10,Z0,Garbage,10,10,1,35.025000000000006,64.08333333333333,0,0.0
2025-02-03,W10,Z0,Garbage,8,7,2,31.933333333333334,60.29666666666668,0,0.0
2025-02-10,W10,Z0,Garbage,6,6,2,42.53333333333333,92.63333333333333,0,0.0
2025-02-17,W10,Z0,Garbage,12,12,1,27.516666666666666,43.781666666666666,0,0.0
2025-02-24,W10,Z0,Garbage,8,8,0,35.58333333333333,70.03999999999999,0,0.0
2025-03-03,W10,Z0,Garbage,11,8,3,23.18333333333333,42.87333333333333,0,0.0
2025-03-10,W10,Z0,Garbage,10,8,4,35.075,77.66,0,0.0
2025-03-17,W10,Z0,Garbage,5,7,1,37.5,83.91333333333334,0,0.0
2025-03-24,W10,Z0,Garbage,7,7,1,23.833333333333332,46.480000000000004,0,0.0
2025-03-31,W10,Z0,Garbage,2,2,1,43.775000000000006,57.248333333333335,0,0.0
2025-04-07,W10,Z0,Garbage,10,7,3,25.083333333333332,40.67666666666668,0,0.0
2025-04-14,W10,Z0,Garbage,8,10,1,37.15,62.194999999999965,0,0.0
2025-04-21,W10,Z0,Garbage,9,8,2,45.858333333333334,59.224999999999994,0,0.0
2025-04-28,W10,Z0,Garbage,7,7,2,50.516666666666666,99.09333333333335,0,0.0
2025-05-05,W10,Z0,Garbage,11,8,3,30.949999999999996,57.89833333333332,0,0.0
2025-05-12,W10,Z0,Garbage,7,5,4,44.75,72.75999999999999,0,0.0
2025-05-19,W10,Z0,Garbage,10,8,6,39.00833333333333,58.38833333333333,1,0.1
2025-05-26,W10,Z0,Garbage,10,15,1,36.61666666666667,105.12666666666667,0,0.0
2025-06-02,W10,Z0,Garbage,0,1,0,46.43333333333333,46.43333333333333,0,
2025-06-09,W10,Z0,Garbage,0,0,0,,,0,
2025-06-16,W10,Z0,Garbage,0,0,0,,,0,
2025-06-23,W10,Z0,Garbage,0,0,0,,,0,
2024-12-30,W10,Z0,Property Tax,7,4,2,27.816666666666666,51.61166666666668,0,0.0
2025-01-06,W10,Z0,Property Tax,6,5,3,59.75,84.31333333333333,1,0.16666666666666666
2025-01-13,W10,Z0,Property Tax,7,4,6,76.275,115.49666666666667,1,0.14285714285714285
2025-01-20,W10,Z0,Property Tax,13,10,8,69.5,203.55499999999992,0,0.0
2025-01-27,W10,Z0,Property Tax,6,11,3,84.46666666666667,132.96666666666667,0,0.0
2025-02-03,W10,Z0,Property Tax,4,5,2,39.666666666666664,83.48333333333333,0,0.0
2025-02-10,W10,Z0,Property Tax,8,8,1,75.15,90.69333333333333,0,0.0
2025-02-17,W10,Z0,Property Tax,10,6,4,58.18333333333334,95.96666666666667,2,0.2222222222222222
2025-02-24,W10,Z0,Property Tax,2,2,4,148.46666666666664,154.85333333333332,0,0.0
2025-03-03,W10,Z0,Property Tax,12,12,4,65.58333333333334,182.79333333333335,1,0.08333333333333333
2025-03-10,W10,Z0,Property Tax,7,7,4,67.91666666666667,118.60666666666668,0,0.0
2025-03-17,W10,Z0,Property Tax,9,8,4,103.44166666666666,178.59499999999997,1,0.125
2025-03-24,W10,Z0,Property Tax,8,7,5,62.95,192.14333333333337,1,0.125
2025-03-31,W10,Z0,Property Tax,8,8,4,117.17500000000001,183.97166666666664,1,0.14285714285714285
2025-04-07,W10,Z0,Property Tax,11,10,4,72.675,157.70666666666668,0,0.0
2025-04-14,W10,Z0,Property Tax,12,8,8,46.74166666666667,187.9783333333333,1,0.08333333333333333
2025-04-21,W10,Z0,Property Tax,10,11,7,112.2,159.9,2,0.2
2025-04-28,W10,Z0,Property Tax,4,9,1,94.15,272.99666666666667,0,0.0
2025-05-05,W10,Z0,Property Tax,15,5,9,52.03333333333333,92.01,3,0.23076923076923078
2025-05-12,W10,Z0,Property Tax,9,14,3,90.18333333333334,158.73833333333337,1,0.125
2025-05-19,W10,Z0,Property Tax,13,11,4,36.18333333333333,219.51666666666668,1,0.08333333333333333
2025-05-26,W10,Z0,Property Tax,7,7,3,80.15,149.75000000000006,2,0.3333333333333333
2025-06-02,W10,Z0,Property Tax,0,2,1,150.64166666666665,182.52833333333334,0,
2025-06-09,W10,Z0,Property Tax,0,1,0,362.4166666666667,362.4166666666667,0,
2025-06-16,W10,Z0,Property Tax,0,0,0,,,0,
2025-06-23,W10,Z0,Property Tax,0,0,0,,,0,
2024-12-30,W10,Z0,Road Repair,9,0,9,,,8,0.8888888888888888
2025-01-06,W10,Z0,Road Repair,10,6,12,194.34166666666667,215.34166666666667,6,0.6666666666666666
2025-01-13,W10,Z0,Road Repair,7,6,12,184.44166666666666,305.1333333333333,4,0.6666666666666666
2025-01-20,W10,Z0,Road Repair,3,8,6,248.10833333333335,462.05833333333334,2,1.0
2025-01-27,W10,Z0,Road Repair,7,5,7,328.65,454.5,4,0.6666666666666666
2025-02-03,W10,Z0,Road Repair,15,7,13,149.71666666666667,268.5233333333334,8,0.6153846153846154
2025-02-10,W10,Z0,Road Repair,5,7,11,216.93333333333334,314.23,3,0.6
2025-02-17,W10,Z0,Road Repair,9,7,12,235.93333333333334,553.7733333333335,7,0.875
2025-02-24,W10,Z0,Road Repair,8,3,17,297.21666666666664,572.7366666666667,6,0.75
2025-03-03,W10,Z0,Road Repair,7,9,15,269.35,482.7466666666668,5,0.7142857142857143
2025-03-10,W10,Z0,Road Repair,14,11,17,230.76666666666668,519.3833333333333,6,0.46153846153846156
2025-03-17,W10,Z0,Road Repair,8,11,14,191.08333333333334,318.03333333333336,5,0.625
2025-03-24,W10,Z0,Road Repair,8,9,13,201.21666666666667,573.0833333333335,6,0.75
2025-03-31,W10,Z0,Road Repair,10,11,11,224.35,422.0,6,0.6666666666666666
2025-04-07,W10,Z0,Road Repair,10,6,14,169.48333333333335,410.54999999999995,8,0.8888888888888888
2025-04-14,W10,Z0,Road Repair,7,6,14,227.925,291.93333333333334,4,0.6666666666666666
2025-04-21,W10,Z0,Road Repair,8,9,13,315.0,399.5566666666667,7,0.875
2025-04-28,W10,Z0,Road Repair,11,11,13,244.33333333333334,416.78333333333336,7,0.6363636363636364
2025-05-05,W10,Z0,Road Repair,9,9,13,243.28333333333333,527.0766666666667,8,0.8888888888888888
2025-05-12,W10,Z0,Road Repair,8,6,15,271.525,327.70833333333337,5,0.625
2025-05-19,W10,Z0,Road Repair,7,8,14,255.75,412.855,7,1.0
2025-05-26,W10,Z0,Road Repair,8,7,13,267.8,566.5366666666667,2,0.3333333333333333
2025-06-02,W10,Z0,Road Repair,0,10,3,234.85,413.6166666666666,0,
2025-06-09,W10,Z0,Road Repair,0,2,1,700.2833333333333,795.35,0,
2025-06-16,W10,Z0,Road Repair,0,1,0,593.75,593.75,0,
2025-06-23,W10,Z0,Road Repair,0,0,0,,,0,
2024-12-30,W10,Z0,Stray Animals,7,4,2,12.616666666666667,20.28666666666667,0,0.0
2025-01-06,W10,Z0,Stray Animals,10,12,0,11.958333333333332,16.03,0,0.0
2025-01-13,W10,Z0,Stray Animals,6,6,0,14.158333333333333,24.241666666666667,0,0.0
2025-01-20,W10,Z0,Stray Animals,13,11,0,10.1,17.083333333333332,0,0.0
2025-01-27,W10,Z0,Stray Animals,11,9,0,9.516666666666667,18.21333333333333,0,0.0
2025-02-03,W10,Z0,Stray Animals,7,5,1,10.95,18.05666666666667,0,0.0
2025-02-10,W10,Z0,Stray Animals,5,6,0,15.025,30.883333333333333,0,0.0
2025-02-17,W10,Z0,Stray Animals,11,10,1,20.541666666666664,30.906666666666666,0,0.0
2025-02-24,W10,Z0,Stray Animals,13,13,1,7.883333333333334,22.860000000000003,0,0.0
2025-03-03,W10,Z0,Stray Animals,7,7,0,11.766666666666667,29.226666666666674,0,0.0
2025-03-10,W10,Z0,Stray Animals,9,9,0,12.716666666666667,19.95,0,0.0
2025-03-17,W10,Z0,Stray Animals,7,7,0,8.5,17.81666666666667,0,0.0
2025-03-24,W10,Z0,Stray Animals,9,9,0,9.316666666666666,19.936666666666667,0,0.0
2025-03-31,W10,Z0,Stray Animals,9,9,0,11.45,21.463333333333335,0,0.0
2025-04-07,W10,Z0,Stray Animals,4,4,0,15.641666666666666,22.245,0,0.0
2025-04-14,W10,Z0,Stray Animals,6,5,1,10.1,12.84,0,0.0
2025-04-21,W10,Z0,Stray Animals,9,6,2,17.90833333333333,24.275,0,0.0
2025-04-28,W10,Z0,Stray Animals,9,11,0,15.516666666666667,24.183333333333334,0,0.0
2025-05-05,W10,Z0,Stray Animals,12,10,0,12.491666666666667,30.198333333333323,0,0.0
2025-05-12,W10,Z0,Stray Animals,9,7,1,14.266666666666667,26.58666666666667,0,0.0
2025-05-19,W10,Z0,Stray Animals,8,8,1,9.891666666666666,21.009999999999998,0,0.0
2025-05-26,W10,Z0,Stray Animals,6,7,0,14.866666666666667,19.243333333333332,0,0.0
2025-06-02,W10,Z0,Stray Animals,0,0,0,,,0,
2025-06-09,W10,Z0,Stray Animals,0,0,0,,,0,
2025-06-16,W10,Z0,Stray Animals,0,0,0,,,0,
2025-06-23,W10,Z0,Stray Animals,0,0,0,,,0,
2024-12-30,W10,Z0,Streetlight,8,7,0,16.633333333333333,30.62,0,0.0
2025-01-06,W10,Z0,Streetlight,12,11,1,13.133333333333333,31.016666666666666,0,0.0
2025-01-13,W10,Z0,Streetlight,7,6,1,12.733333333333334,30.858333333333334,0,0.0
2025-01-20,W10,Z0,Streetlight,8,6,3,20.90833333333333,48.29166666666667,0,0.0
2025-01-27,W10,Z0,Streetlight,11,11,0,21.266666666666666,24.283333333333335,0,0.0
2025-02-03,W10,Z0,Streetlight,10,8,1,18.883333333333333,32.69833333333333,0,0.0
2025-02-10,W10,Z0,Streetlight,5,4,1,19.03333333333333,24.831666666666667,0,0.0
2025-02-17,W10,Z0,Streetlight,5,4,1,24.791666666666664,30.860000000000003,0,0.0
2025-02-24,W10,Z0,Streetlight,5,6,0,14.1,32.891666666666666,0,0.0
2025-03-03,W10,Z0,Streetlight,8,6,2,14.8,21.225,0,0.0
2025-03-10,W10,Z0,Streetlight,12,12,1,22.21666666666667,53.005,0,0.0
2025-03-17,W10,Z0,Streetlight,8,8,1,28.183333333333334,67.31,0,0.0
2025-03-24,W10,Z0,Streetlight,13,10,3,17.008333333333333,31.939999999999994,0,0.0
2025-03-31,W10,Z0,Streetlight,11,10,3,20.991666666666667,62.23666666666665,0,0.0
2025-04-07,W10,Z0,Streetlight,6,8,1,16.425,42.953333333333326,0,0.0
2025-04-14,W10,Z0,Streetlight,10,10,1,25.916666666666664,41.391666666666666,0,0.0
2025-04-21,W10,Z0,Streetlight,9,9,0,19.333333333333332,57.49333333333333,0,0.0
2025-04-28,W10,Z0,Streetlight,8,7,1,12.066666666666666,39.08333333333336,0,0.0
2025-05-05,W10,Z0,Streetlight,8,8,1,20.75,45.46999999999999,0,0.0
2025-05-12,W10,Z0,Streetlight,6,6,1,20.291666666666664,28.441666666666666,0,0.0
2025-05-19,W10,Z0,Streetlight,9,9,0,28.033333333333335,36.28000000000001,0,0.0
2025-05-26,W10,Z0,Streetlight,9,8,1,22.708333333333336,29.113333333333333,0,0.0
2025-06-02,W10,Z0,Streetlight,0,1,0,59.4,59.4,0,
2025-06-09,W10,Z0,Streetlight,0,0,0,,,0,
2025-06-16,W10,Z0,Streetlight,0,0,0,,,0,
2025-06-23,W10,Z0,Streetlight,0,0,0,,,0,
2024-12-30,W10,Z0,Water Supply,11,5,6,35.96666666666667,63.29333333333334,0,0.0
2025-01-06,W10,Z0,Water Supply,2,6,2,37.725,68.825,0,0.0
2025-01-13,W10,Z0,Water Supply,8,8,1,54.825,108.02166666666666,1,0.14285714285714285
2025-01-20,W10,Z0,Water Supply,10,5,5,49.28333333333333,131.54333333333335,1,0.1111111111111111
2025-01-27,W10,Z0,Water Supply,6,11,0,56.95,89.55,0,0.0
2025-02-03,W10,Z0,Water Supply,8,7,0,62.9,78.76333333333334,0,0.0
2025-02-10,W10,Z0,Water Supply,16,15,0,46.63333333333333,58.876666666666665,0,0.0
2025-02-17,W10,Z0,Water Supply,11,7,4,54.18333333333333,105.69333333333334,0,0.0
2025-02-24,W10,Z0,Water Supply,10,11,3,48.2,62.68333333333333,0,0.0
2025-03-03,W10,Z0,Water Supply,12,9,6,53.983333333333334,80.24666666666667,0,0.0
2025-03-10,W10,Z0,Water Supply,5,8,2,63.358333333333334,86.26833333333333,0,0.0
2025-03-17,W10,Z0,Water Supply,5,6,1,46.74166666666666,90.65833333333333,0,0.0
2025-03-24,W10,Z0,Water Supply,3,3,1,73.08333333333333,94.72333333333334,0,0.0
2025-03-31,W10,Z0,Water Supply,9,5,5,82.96666666666667,117.92333333333335,0,0.0
2025-04-07,W10,Z0,Water Supply,11,14,1,41.18333333333334,73.37500000000003,0,0.0
2025-04-14,W10,Z0,Water Supply,10,10,0,45.599999999999994,74.945,0,0.0
2025-04-21,W10,Z0,Water Supply,8,7,1,55.9,91.59666666666666,1,0.125
2025-04-28,W10,Z0,Water Supply,9,2,5,141.44166666666666,187.18166666666667,0,0.0
2025-05-05,W10,Z0,Water Supply,10,11,3,42.18333333333333,109.26666666666667,0,0.0
2025-05-12,W10,Z0,Water Supply,4,6,1,63.13333333333333,80.16666666666667,0,0.0
2025-05-19,W10,Z0,Water Supply,13,11,1,47.333333333333336,67.46666666666667,0,0.0
2025-05-26,W10,Z0,Water Supply,7,6,2,32.44166666666667,86.66666666666666,1,0.14285714285714285
2025-06-02,W10,Z0,Water Supply,0,2,0,156.4,200.38666666666666,0,
2025-06-09,W10,Z0,Water Supply,0,0,0,,,0,
2025-06-16,W10,Z0,Water Supply,0,0,0,,,0,
2025-06-23,W10,Z0,Water Supply,0,0,0,,,0,
2024-12-30,W11,Z1,Drainage,3,0,3,,,3,1.0
2025-01-06,W11,Z1,Drainage,13,0,16,,,13,1.0
2025-01-13,W11,Z1,Drainage,14,0,30,,,14,1.0
2025-01-20,W11,Z1,Drainage,11,0,41,,,11,1.0
2025-01-27,W11,Z1,Drainage,12,0,53,,,12,1.0
2025-02-03,W11,Z1,Drainage,11,0,64,,,11,1.0
2025-02-10,W11,Z1,Drainage,3,0,67,,,3,1.0
2025-02-17,W11,Z1,Drainage,5,0,72,,,5,1.0
2025-02-24,W11,Z1,Drainage,7,0,79,,,7,1.0
2025-03-03,W11,Z1,Drainage,5,0,84,,,5,1.0
2025-03-10,W11,Z1,Drainage,9,0,93,,,9,1.0
2025-03-17,W11,Z1,Drainage,8,0,101,,,8,1.0
2025-03-24,W11,Z1,Drainage,6,0,107,,,6,1.0
2025-03-31,W11,Z1,Drainage,6,0,113,,,6,1.0
2025-04-07,W11,Z1,Drainage,12,0,125,,,12,1.0
2025-04-14,W11,Z1,Drainage,8,0,133,,,8,1.0
2025-04-21,W11,Z1,Drainage,13,0,146,,,13,1.0
2025-04-28,W11,Z1,Drainage,11,0,157,,,11,1.0
2025-05-05,W11,Z1,Drainage,9,0,166,,,9,1.0
2025-05-12,W11,Z1,Drainage,5,0,171,,,5,1.0
2025-05-19,W11,Z1,Drainage,9,0,180,,,9,1.0
2025-05-26,W11,Z1,Drainage,7,0,187,,,7,1.0
2025-06-02,W11,Z1,Drainage,0,0,187,,,0,
2025-06-09,W11,Z1,Drainage,0,0,187,,,0,
2025-06-16,W11,Z1,Drainage,0,0,187,,,0,
2025-06-23,W11,Z1,Drainage,0,0,187,,,0,
2024-12-30,W11,Z1,Encroachment,2,0,2,,,2,1.0
2025-01-06,W11,Z1,Encroachment,8,0,10,,,8,1.0
2025-01-13,W11,Z1,Encroachment,12,0,22,,,12,1.0
2025-01-20,W11,Z1,Encroachment,5,0,27,,,5,1.0
2025-01-27,W11,Z1,Encroachment,6,0,33,,,6,1.0
2025-02-03,W11,Z1,Encroachment,14,0,47,,,14,1.0
2025-02-10,W11,Z1,Encroachment,11,0,58,,,11,1.0
2025-02-17,W11,Z1,Encroachment,7,0,65,,,7,1.0
2025-02-24,W11,Z1,Encroachment,9,0,74,,,9,1.0
2025-03-03,W11,Z1,Encroachment,4,0,78,,,4,1.0
2025-03-10,W11,Z1,Encroachment,15,0,93,,,15,1.0
2025-03-17,W11,Z1,Encroachment,7,0,100,,,7,1.0
2025-03-24,W11,Z1,Encroachment,13,0,113,,,13,1.0
2025-03-31,W11,Z1,Encroachment,5,0,118,,,5,1.0
2025-04-07,W11,Z1,Encroachment,8,0,126,,,8,1.0
2025-04-14,W11,Z1,Encroachment,7,0,133,,,7,1.0
2025-04-21,W11,Z1,Encroachment,7,0,140,,,7,1.0
2025-04-28,W11,Z1,Encroachment,12,0,152,,,12,1.0
2025-05-05,W11,Z1,Encroachment,12,0,164,,,12,1.0
2025-05-12,W11,Z1,Encroachment,8,0,172,,,8,1.0
2025-05-19,W11,Z1,Encroachment,8,0,180,,,8,1.0
2025-05-26,W11,Z1,Encroachment,7,0,187,,,7,1.0
2025-06-02,W11,Z1,Encroachment,0,0,187,,,0,
2025-06-09,W11,Z1,Encroachment,0,0,187,,,0,
2025-06-16,W11,Z1,Encroachment,0,0,187,,,0,
2025-06-23,W11,Z1,Encroachment,0,0,187,,,0,
2024-12-30,W11,Z1,Garbage,6,0,6,,,6,1.0
2025-01-06,W11,Z1,Garbage,7,0,13,,,7,1.0
2025-01-13,W11,Z1,Garbage,4,0,17,,,4,1.0
2025-01-20,W11,Z1,Garbage,6,0,23,,,6,1.0
2025-01-27,W11,Z1,Garbage,7,0,30,,,7,1.0
2025-02-03,W11,Z1,Garbage,11,0,41,,,11,1.0
2025-02-10,W11,Z1,Garbage,14,0,55,,,14,1.0
2025-02-17,W11,Z1,Garbage,9,0,64,,,9,1.0
2025-02-24,W11,Z1,Garbage,13,0,77,,,13,1.0
2025-03-03,W11,Z1,Garbage,15,0,92,,,15,1.0
2025-03-10,W11,Z1,Garbage,6,0,98,,,6,1.0
2025-03-17,W11,Z1,Garbage,9,0,107,,,9,1.0
2025-03-24,W11,Z1,Garbage,14,0,121,,,14,1.0
2025-03-31,W11,Z1,Garbage,4,0,125,,,4,1.0
2025-04-07,W11,Z1,Garbage,9,0,134,,,9,1.0
2025-04-14,W11,Z1,Garbage,11,0,145,,,11,1.0
2025-04-21,W11,Z1,Garbage,4,0,149,,,4,1.0
2025-04-28,W11,Z1,Garbage,4,0,153,,,4,1.0
2025-05-05,W11,Z1,Garbage,11,0,164,,,11,1.0
2025-05-12,W11,Z1,Garbage,9,0,173,,,9,1.0
2025-05-19,W11,Z1,Garbage,6,0,179,,,6,1.0
2025-05-26,W11,Z1,Garbage,8,0,187,,,8,1.0
2025-06-02,W11,Z1,Garbage,0,0,187,,,0,
2025-06-09,W11,Z1,Garbage,0,0,187,,,0,
2025-06-16,W11,Z1,Garbage,0,0,187,,,0,
2025-06-23,W11,Z1,Garbage,0,0,187,,,0,
2024-12-30,W11,Z1,Property Tax,12,0,12,,,12,1.0
2025-01-06,W11,Z1,Property Tax,11,0,23,,,11,1.0
2025-01-13,W11,Z1,Property Tax,14,0,37,,,14,1.0
2025-01-20,W11,Z1,Property Tax,13,0,50,,,13,1.0
2025-01-27,W11,Z1,Property Tax,12,0,62,,,12,1.0
2025-02-03,W11,Z1,Property Tax,9,0,71,,,9,1.0
2025-02-10,W11,Z1,Property Tax,9,0,80,,,9,1.0
2025-02-17,W11,Z1,Property Tax,5,0,85,,,5,1.0
2025-02-24,W11,Z1,Property Tax,6,0,91,,,6,1.0
2025-03-03,W11,Z1,Property Tax,9,0,100,,,9,1.0
2025-03-10,W11,Z1,Property Tax,5,0,105,,,5,1.0
2025-03-17,W11,Z1,Property Tax,8,0,113,,,8,1.0
2025-03-24,W11,Z1,Property Tax,7,0,120,,,7,1.0
2025-03-31,W11,Z1,Property Tax,5,0,125,,,5,1.0
2025-04-07,W11,Z1,Property Tax,6,0,131,,,6,1.0
2025-04-14,W11,Z1,Property Tax,10,0,141,,,10,1.0
2025-04-21,W11,Z1,Property Tax,8,0,149,,,8,1.0
2025-04-28,W11,Z1,Property Tax,12,0,161,,,12,1.0
2025-05-05,W11,Z1,Property Tax,3,0,164,,,3,1.0
2025-05-12,W11,Z1,Property Tax,5,0,169,,,5,1.0
2025-05-19,W11,Z1,Property Tax,14,0,183,,,14,1.0
2025-05-26,W11,Z1,Property Tax,5,0,188,,,5,1.0
2025-06-02,W11,Z1,Property Tax,0,0,188,,,0,
2025-06-09,W11,Z1,Property Tax,0,0,188,,,0,
2025-06-16,W11,Z1,Property Tax,0,0,188,,,0,
2025-06-23,W11,Z1,Property Tax,0,0,188,,,0,
2024-12-30,W11,Z1,Road Repair,3,0,3,,,3,1.0
2025-01-06,W11,Z1,Road Repair,11,0,14,,,11,1.0
2025-01-13,W11,Z1,Road Repair,7,0,21,,,7,1.0
2025-01-20,W11,Z1,Road Repair,5,0,26,,,5,1.0
2025-01-27,W11,Z1,Road Repair,9,0,35,,,9,1.0
2025-02-03,W11,Z1,Road Repair,13,0,48,,,13,1.0
2025-02-10,W11,Z1,Road Repair,11,0,59,,,11,1.0
2025-02-17,W11,Z1,Road Repair,9,0,68,,,9,1.0
2025-02-24,W11,Z1,Road Repair,6,0,74,,,6,1.0
2025-03-03,W11,Z1,Road Repair,14,0,88,,,14,1.0
2025-03-10,W11,Z1,Road Repair,6,0,94,,,6,1.0
2025-03-17,W11,Z1,Road Repair,9,0,103,,,9,1.0
2025-03-24,W11,Z1,Road Repair,7,0,110,,,7,1.0
2025-03-31,W11,Z1,Road Repair,9,0,119,,,9,1.0
2025-04-07,W11,Z1,Road Repair,5,0,124,,,5,1.0
2025-04-14,W11,Z1,Road Repair,10,0,134,,,10,1.0
2025-04-21,W11,Z1,Road Repair,10,0,144,,,10,1.0
2025-04-28,W11,Z1,Road Repair,15,0,159,,,15,1.0
2025-05-05,W11,Z1,Road Repair,6,0,165,,,6,1.0
2025-05-12,W11,Z1,Road Repair,7,0,172,,,7,1.0
2025-05-19,W11,Z1,Road Repair,7,0,179,,,7,1.0
2025-05-26,W11,Z1,Road Repair,9,0,188,,,9,1.0
2025-06-02,W11,Z1,Road Repair,0,0,188,,,0,
2025-06-09,W11,Z1,Road Repair,0,0,188,,,0,
2025-06-16,W11,Z1,Road Repair,0,0,188,,,0,
2025-06-23,W11,Z1,Road Repair,0,0,188,,,0,
2024-12-30,W11,Z1,Stray Animals,6,0,6,,,6,1.0
2025-01-06,W11,Z1,Stray Animals,8,0,14,,,8,1.0
2025-01-13,W11,Z1,Stray Animals,7,0,21,,,7,1.0
2025-01-20,W11,Z1,Stray Animals,6,0,27,,,6,1.0
2025-01-27,W11,Z1,Stray Animals,10,0,37,,,10,1.0
2025-02-03,W11,Z1,Stray Animals,13,0,50,,,13,1.0
2025-02-10,W11,Z1,Stray Animals,7,0,57,,,7,1.0
2025-02-17,W11,Z1,Stray Animals,8,0,65,,,8,1.0
2025-02-24,W11,Z1,Stray Animals,8,0,73,,,8,1.0
2025-03-03,W11,Z1,Stray Animals,7,0,80,,,7,1.0
2025-03-10,W11,Z1,Stray Animals,9,0,89,,,9,1.0
2025-03-17,W11,Z1,Stray Animals,8,0,97,,,8,1.0
2025-03-24,W11,Z1,Stray Animals,11,0,108,,,11,1.0
2025-03-31,W11,Z1,Stray Animals,8,0,116,,,8,1.0
2025-04-07,W11,Z1,Stray Animals,14,0,130,,,14,1.0
2025-04-14,W11,Z1,Stray Animals,12,0,142,,,12,1.0
2025-04-21,W11,Z1,Stray Animals,7,0,149,,,7,1.0
2025-04-28,W11,Z1,Stray Animals,10,0,159,,,10,1.0
2025-05-05,W11,Z1,Stray Animals,4,0,163,,,4,1.0
2025-05-12,W11,Z1,Stray Animals,8,0,171,,,8,1.0
2025-05-19,W11,Z1,Stray Animals,5,0,176,,,5,1.0
2025-05-26,W11,Z1,Stray Animals,11,0,187,,,11,1.0
2025-06-02,W11,Z1,Stray Animals,0,0,187,,,0,
2025-06-09,W11,Z1,Stray Animals,0,0,187,,,0,
2025-06-16,W11,Z1,Stray Animals,0,0,187,,,0,
2025-06-23,W11,Z1,Stray Animals,0,0,187,,,0,
2024-12-30,W11,Z1,Streetlight,3,0,3,,,3,1.0
2025-01-06,W11,Z1,Streetlight,10,0,13,,,10,1.0
2025-01-13,W11,Z1,Streetlight,11,0,24,,,11,1.0
2025-01-20,W11,Z1,Streetlight,9,0,33,,,9,1.0
2025-01-27,W11,Z1,Streetlight,10,0,43,,,10,1.0
2025-02-03,W11,Z1,Streetlight,7,0,50,,,7,1.0
2025-02-10,W11,Z1,Streetlight,15,0,65,,,15,1.0
2025-02-17,W11,Z1,Streetlight,10,0,75,,,10,1.0
2025-02-24,W11,Z1,Streetlight,9,0,84,,,9,1.0
2025-03-03,W11,Z1,Streetlight,14,0,98,,,14,1.0
2025-03-10,W11,Z1,Streetlight,9,0,107,,,9,1.0
2025-03-17,W11,Z1,Streetlight,5,0,112,,,5,1.0
2025-03-24,W11,Z1,Streetlight,10,0,122,,,10,1.0
2025-03-31,W11,Z1,Streetlight,5,0,127,,,5,1.0
2025-04-07,W11,Z1,Streetlight,5,0,132,,,5,1.0
2025-04-14,W11,Z1,Streetlight,11,0,143,,,11,1.0
2025-04-21,W11,Z1,Streetlight,6,0,149,,,6,1.0
2025-04-28,W11,Z1,Streetlight,6,0,155,,,6,1.0
2025-05-05,W11,Z1,Streetlight,6,0,161,,,6,1.0
2025-05-12,W11,Z1,Streetlight,8,0,169,,,8,1.0
2025-05-19,W11,Z1,Streetlight,10,0,179,,,10,1.0
2025-05-26,W11,Z1,Streetlight,9,0,188,,,9,1.0
2025-06-02,W11,Z1,Streetlight,0,0,188,,,0,
2025-06-09,W11,Z1,Streetlight,0,0,188,,,0,
2025-06-16,W11,Z1,Streetlight,0,0,188,,,0,
2025-06-23,W11,Z1,Streetlight,0,0,188,,,0,
2024-12-30,W11,Z1,Water Supply,7,0,7,,,7,1.0
2025-01-06,W11,Z1,Water Supply,5,0,12,,,5,1.0
2025-01-13,W11,Z1,Water Supply,9,0,21,,,9,1.0
2025-01-20,W11,Z1,Water Supply,14,0,35,,,14,1.0
2025-01-27,W11,Z1,Water Supply,11,0,46,,,11,1.0
2025-02-03,W11,Z1,Water Supply,8,0,54,,,8,1.0
2025-02-10,W11,Z1,Water Supply,13,0,67,,,13,1.0
2025-02-17,W11,Z1,Water Supply,6,0,73,,,6,1.0
2025-02-24,W11,Z1,Water Supply,8,0,81,,,8,1.0
2025-03-03,W11,Z1,Water Supply,4,0,85,,,4,1.0
2025-03-10,W11,Z1,Water Supply,8,0,93,,,8,1.0
2025-03-17,W11,Z1,Water Supply,7,0,100,,,7,1.0
2025-03-24,W11,Z1,Water Supply,7,0,107,,,7,1.0
2025-03-31,W11,Z1,Water Supply,13,0,120,,,13,1.0
2025-04-07,W11,Z1,Water Supply,6,0,126,,,6,1.0
2025-04-14,W11,Z1,Water Supply,11,0,137,,,11,1.0
2025-04-21,W11,Z1,Water Supply,15,0,152,,,15,1.0
2025-04-28,W11,Z1,Water Supply,9,0,161,,,9,1.0
2025-05-05,W11,Z1,Water Supply,6,0,167,,,6,1.0
2025-05-12,W11,Z1,Water Supply,9,0,176,,,9,1.0
2025-05-19,W11,Z1,Water Supply,6,0,182,,,6,1.0
2025-05-26,W11,Z1,Water Supply,6,0,188,,,6,1.0
2025-06-02,W11,Z1,Water Supply,0,0,188,,,0,
2025-06-09,W11,Z1,Water Supply,0,0,188,,,0,
2025-06-16,W11,Z1,Water Supply,0,0,188,,,0,
2025-06-23,W11,Z1,Water Supply,0,0,188,,,0,
2024-12-30,W12,Z2,Drainage,5,1,4,68.45,68.45,0,0.0
2025-01-06,W12,Z2,Drainage,9,8,4,97.85833333333333,143.345,0,0.0
2025-01-13,W12,Z2,Drainage,6,5,4,72.65,108.07,1,0.2
2025-01-20,W12,Z2,Drainage,11,4,10,148.675,184.91666666666669,4,0.4
2025-01-27,W12,Z2,Drainage,4,11,3,102.8,203.6,0,0.0
2025-02-03,W12,Z2,Drainage,8,6,5,88.84166666666667,169.925,0,0.0
2025-02-10,W12,Z2,Drainage,8,8,5,117.00833333333333,146.775,3,0.375
2025-02-17,W12,Z2,Drainage,8,6,6,116.725,158.26666666666665,0,0.0
2025-02-24,W12,Z2,Drainage,11,11,6,81.23333333333333,219.46666666666667,1,0.09090909090909091
2025-03-03,W12,Z2,Drainage,7,7,6,56.083333333333336,88.06333333333333,2,0.2857142857142857
2025-03-10,W12,Z2,Drainage,3,6,2,89.875,163.74166666666667,0,0.0
2025-03-17,W12,Z2,Drainage,10,5,7,88.5,215.04666666666668,1,0.1
2025-03-24,W12,Z2,Drainage,6,10,2,82.60833333333333,169.99833333333316,0,0.0
2025-03-31,W12,Z2,Drainage,7,3,6,79.06666666666666,208.16,1,0.14285714285714285
2025-04-07,W12,Z2,Drainage,12,11,6,62.05,145.68333333333334,4,0.36363636363636365
2025-04-14,W12,Z2,Drainage,8,8,6,141.51666666666668,242.65333333333334,2,0.25
2025-04-21,W12,Z2,Drainage,10,12,3,90.5,181.98666666666668,2,0.2222222222222222
2025-04-28,W12,Z2,Drainage,13,5,11,63.63333333333333,128.56,2,0.15384615384615385
2025-05-05,W12,Z2,Drainage,13,18,5,91.675,207.0483333333334,3,0.25
2025-05-12,W12,Z2,Drainage,9,8,6,89.30833333333334,232.67666666666665,1,0.1111111111111111
2025-05-19,W12,Z2,Drainage,10,9,6,83.33333333333333,173.68333333333337,1,0.1111111111111111
2025-05-26,W12,Z2,Drainage,9,10,3,95.69166666666666,428.83833333333337,1,0.14285714285714285
2025-06-02,W12,Z2,Drainage,0,3,0,287.35,319.01666666666665,0,
2025-06-09,W12,Z2,Drainage,0,0,0,,,0,
2025-06-16,W12,Z2,Drainage,0,0,0,,,0,
2025-06-23,W12,Z2,Drainage,0,0,0,,,0,
2024-12-30,W12,Z2,Encroachment,7,0,6,,,6,1.0
2025-01-06,W12,Z2,Encroachment,13,1,17,189.63333333333333,189.63333333333333,12,1.0
2025-01-13,W12,Z2,Encroachment,5,5,17,236.41666666666666,287.12666666666667,5,1.0
2025-01-20,W12,Z2,Encroachment,8,9,15,313.98333333333335,417.3933333333333,7,1.0
2025-01-27,W12,Z2,Encroachment,6,7,14,401.2,595.3733333333333,5,0.8333333333333334
2025-02-03,W12,Z2,Encroachment,10,4,20,336.75,529.365,10,1.0
2025-02-10,W12,Z2,Encroachment,12,4,26,421.5083333333333,727.345,9,0.9
2025-02-17,W12,Z2,Encroachment,6,8,24,262.625,654.0916666666667,5,0.8333333333333334
2025-02-24,W12,Z2,Encroachment,9,12,21,482.47499999999997,803.4333333333334,9,1.0
2025-03-03,W12,Z2,Encroachment,8,7,22,427.26666666666665,675.2633333333333,6,0.75
2025-03-10,W12,Z2,Encroachment,6,9,18,400.31666666666666,681.9666666666667,4,0.8
2025-03-17,W12,Z2,Encroachment,8,6,20,327.51666666666665,619.675,8,1.0
2025-03-24,W12,Z2,Encroachment,10,9,20,493.51666666666665,1116.89,8,0.8888888888888888
2025-03-31,W12,Z2,Encroachment,15,9,25,270.7,851.94,14,1.0
2025-04-07,W12,Z2,Encroachment,11,9,26,292.8833333333333,537.73,8,0.8
2025-04-14,W12,Z2,Encroachment,7,10,23,361.1166666666667,467.70166666666665,7,1.0
2025-04-21,W12,Z2,Encroachment,12,8,27,362.4916666666667,784.7399999999998,11,0.9166666666666666
2025-04-28,W12,Z2,Encroachment,7,11,23,424.51666666666665,688.6166666666667,6,0.8571428571428571
2025-05-05,W12,Z2,Encroachment,4,8,19,399.54999999999995,601.5083333333333,4,1.0
2025-05-12,W12,Z2,Encroachment,10,6,21,586.125,841.2833333333333,7,0.875
2025-05-19,W12,Z2,Encroachment,7,10,17,377.01666666666665,720.5366666666663,5,0.8333333333333334
2025-05-26,W12,Z2,Encroachment,6,9,14,623.9833333333333,867.2866666666666,6,1.0
2025-06-02,W12,Z2,Encroachment,0,3,11,454.9,529.4733333333334,0,
2025-06-09,W12,Z2,Encroachment,0,2,9,417.2166666666667,430.95,0,
2025-06-16,W12,Z2,Encroachment,0,4,5,607.3833333333333,740.6016666666667,0,
2025-06-23,W12,Z2,Encroachment,0,3,2,926.65,973.7166666666667,0,
2024-12-30,W12,Z2,Garbage,8,5,2,30.55,34.68,0,0.0
2025-01-06,W12,Z2,Garbage,10,8,3,27.133333333333333,44.49999999999999,0,0.0
2025-01-13,W12,Z2,Garbage,11,12,1,26.408333333333335,46.77166666666667,0,0.0
2025-01-20,W12,Z2,Garbage,3,4,0,25.75,40.24,0,0.0
2025-01-27,W12,Z2,Garbage,12,9,1,21.166666666666668,64.00666666666669,0,0.0
2025-02-03,W12,Z2,Garbage,7,7,1,25.75,64.89000000000001,0,0.0
2025-02-10,W12,Z2,Garbage,5,4,1,21.166666666666664,54.003333333333345,0,0.0
2025-02-17,W12,Z2,Garbage,4,5,0,19.7,51.29666666666667,0,0.0
2025-02-24,W12,Z2,Garbage,4,3,0,30.383333333333333,61.89,0,0.0
2025-03-03,W12,Z2,Garbage,9,8,1,27.275,77.77166666666666,0,0.0
2025-03-10,W12,Z2,Garbage,11,8,4,33.84166666666667,68.44999999999999,0,0.0
2025-03-17,W12,Z2,Garbage,6,9,1,23.716666666666665,42.78000000000001,0,0.0
2025-03-24,W12,Z2,Garbage,5,5,1,34.7,47.11,0,0.0
2025-03-31,W12,Z2,Garbage,12,10,3,23.583333333333336,63.27833333333332,0,0.0
2025-04-07,W12,Z2,Garbage,10,11,1,22.0,50.96666666666667,0,0.0
2025-04-14,W12,Z2,Garbage,10,8,3,22.958333333333336,50.76333333333333,0,0.0
2025-04-21,W12,Z2,Garbage,11,11,3,23.383333333333333,61.416666666666664,0,0.0
2025-04-28,W12,Z2,Garbage,15,11,7,41.81666666666667,54.28333333333333,0,0.0
2025-05-05,W12,Z2,Garbage,7,12,1,35.18333333333334,54.805,0,0.0
2025-05-12,W12,Z2,Garbage,12,8,4,27.291666666666664,47.841666666666654,0,0.0
2025-05-19,W12,Z2,Garbage,7,8,1,29.316666666666666,42.305,0,0.0
2025-05-26,W12,Z2,Garbage,8,9,0,28.5,41.02333333333333,0,0.0
2025-06-02,W12,Z2,Garbage,0,0,0,,,0,
2025-06-09,W12,Z2,Garbage,0,0,0,,,0,
2025-06-16,W12,Z2,Garbage,0,0,0,,,0,
2025-06-23,W12,Z2,Garbage,0,0,0,,,0,
2024-12-30,W12,Z2,Property Tax,8,4,3,66.00833333333333,89.34166666666667,0,0.0
2025-01-06,W12,Z2,Property Tax,6,5,3,99.13333333333334,128.39333333333335,1,0.2
2025-01-13,W12,Z2,Property Tax,9,7,5,83.78333333333333,176.88000000000002,1,0.1111111111111111
2025-01-20,W12,Z2,Property Tax,7,10,2,79.275,108.05999999999997,0,0.0
2025-01-27,W12,Z2,Property Tax,11,6,7,64.76666666666667,219.3,1,0.09090909090909091
2025-02-03,W12,Z2,Property Tax,11,12,5,76.98333333333333,141.295,2,0.2
2025-02-10,W12,Z2,Property Tax,9,10,3,95.725,195.10999999999999,0,0.0
2025-02-17,W12,Z2,Property Tax,10,6,7,61.39999999999999,145.18333333333334,1,0.1
2025-02-24,W12,Z2,Property Tax,16,15,5,80.65,162.59,1,0.07692307692307693
2025-03-03,W12,Z2,Property Tax,3,7,1,92.03333333333333,146.43,0,0.0
2025-03-10,W12,Z2,Property Tax,7,5,3,58.65,163.35000000000002,1,0.14285714285714285
2025-03-17,W12,Z2,Property Tax,8,7,4,55.983333333333334,117.91333333333334,1,0.125
2025-03-24,W12,Z2,Property Tax,11,8,5,75.44166666666666,196.21833333333333,1,0.1111111111111111
2025-03-31,W12,Z2,Property Tax,7,7,5,83.4,138.61333333333334,2,0.2857142857142857
2025-04-07,W12,Z2,Property Tax,9,10,4,69.775,146.42,0,0.0
2025-04-14,W12,Z2,Property Tax,6,6,4,94.32499999999999,227.69166666666666,1,0.16666666666666666
2025-04-21,W12,Z2,Property Tax,16,13,5,63.1,149.25333333333336,1,0.07142857142857142
2025-04-28,W12,Z2,Property Tax,8,7,6,67.96666666666667,106.20333333333335,0,0.0
2025-05-05,W12,Z2,Property Tax,3,6,2,128.43333333333334,220.64166666666665,2,1.0
2025-05-12,W12,Z2,Property Tax,11,7,5,96.61666666666666,139.0166666666667,0,0.0
2025-05-19,W12,Z2,Property Tax,8,8,5,75.56666666666666,177.45166666666663,0,0.0
2025-05-26,W12,Z2,Property Tax,4,8,1,68.25,89.445,1,0.25
2025-06-02,W12,Z2,Property Tax,0,0,1,,,0,
2025-06-09,W12,Z2,Property Tax,0,1,0,346.23333333333335,346.23333333333335,0,
2025-06-16,W12,Z2,Property Tax,0,0,0,,,0,
2025-06-23,W12,Z2,Property Tax,0,0,0,,,0,
2024-12-30,W12,Z2,Road Repair,5,0,4,,,4,1.0
2025-01-06,W12,Z2,Road Repair,7,3,6,131.11666666666667,192.73,2,0.4
2025-01-13,W12,Z2,Road Repair,7,3,10,223.81666666666666,348.12333333333333,4,0.5714285714285714
2025-01-20,W12,Z2,Road Repair,7,4,13,151.60833333333335,292.6966666666667,4,0.5714285714285714
2025-01-27,W12,Z2,Road Repair,13,9,17,238.96666666666667,527.5,10,0.7692307692307693
2025-02-03,W12,Z2,Road Repair,12,7,21,205.53333333333333,336.90000000000003,10,0.9090909090909091
2025-02-10,W12,Z2,Road Repair,5,11,15,259.01666666666665,481.03333333333336,4,0.8
2025-02-17,W12,Z2,Road Repair,6,9,12,355.35,443.72333333333336,2,0.3333333333333333
2025-02-24,W12,Z2,Road Repair,5,10,5,282.31666666666666,485.77,2,0.6666666666666666
2025-03-03,W12,Z2,Road Repair,6,2,8,245.47500000000002,309.02833333333336,3,0.6
2025-03-10,W12,Z2,Road Repair,10,5,13,277.78333333333336,409.99333333333334,8,0.8
2025-03-17,W12,Z2,Road Repair,4,8,9,215.44166666666666,557.5049999999999,4,1.0
2025-03-24,W12,Z2,Road Repair,12,4,16,245.05,353.42,10,0.9090909090909091
2025-03-31,W12,Z2,Road Repair,12,9,19,224.91666666666666,290.57666666666665,10,0.8333333333333334
2025-04-07,W12,Z2,Road Repair,10,9,19,246.03333333333333,398.95000000000005,8,0.8888888888888888
2025-04-14,W12,Z2,Road Repair,8,7,20,255.61666666666667,371.23333333333335,8,1.0
2025-04-21,W12,Z2,Road Repair,10,5,24,417.55,524.4933333333333,7,0.7777777777777778
2025-04-28,W12,Z2,Road Repair,9,10,23,257.56666666666666,1185.2216666666666,8,0.8888888888888888
2025-05-05,W12,Z2,Road Repair,12,7,26,370.1333333333333,556.2033333333334,9,0.9
2025-05-12,W12,Z2,Road Repair,11,10,26,311.69166666666666,728.7866666666666,8,0.8
2025-05-19,W12,Z2,Road Repair,8,15,19,259.48333333333335,740.0166666666667,7,0.875
2025-05-26,W12,Z2,Road Repair,9,9,19,246.8,709.0966666666668,5,0.5555555555555556
2025-06-02,W12,Z2,Road Repair,0,15,4,330.93333333333334,525.0133333333333,0,
2025-06-09,W12,Z2,Road Repair,0,1,3,740.2333333333333,740.2333333333333,0,
2025-06-16,W12,Z2,Road Repair,0,0,3,,,0,
2025-06-23,W12,Z2,Road Repair,0,1,2,585.35,585.35,0,
2024-12-30,W12,Z2,Stray Animals,12,10,1,8.933333333333334,16.776666666666664,0,0.0
2025-01-06,W12,Z2,Stray Animals,5,6,0,16.258333333333333,24.258333333333333,0,0.0
2025-01-13,W12,Z2,Stray Animals,6,5,1,10.85,18.496666666666666,0,0.0
2025-01-20,W12,Z2,Stray Animals,8,9,0,13.2,16.45,0,0.0
2025-01-27,W12,Z2,Stray Animals,8,7,1,14.7,30.20333333333334,0,0.0
2025-02-03,W12,Z2,Stray Animals,14,13,1,10.916666666666666,21.136666666666667,0,0.0
2025-02-10,W12,Z2,Stray Animals,8,8,0,11.425,18.181666666666665,0,0.0
2025-02-17,W12,Z2,Stray Animals,7,6,1,14.024999999999999,19.041666666666664,0,0.0
2025-02-24,W12,Z2,Stray Animals,12,12,0,11.058333333333334,20.38666666666667,0,0.0
2025-03-03,W12,Z2,Stray Animals,6,4,0,11.725,19.526666666666667,0,0.0
2025-03-10,W12,Z2,Stray Animals,7,6,1,12.766666666666666,23.825,0,0.0
2025-03-17,W12,Z2,Stray Animals,8,7,1,15.15,23.566666666666666,0,0.0
2025-03-24,W12,Z2,Stray Animals,9,9,0,17.233333333333334,28.900000000000002,0,0.0
2025-03-31,W12,Z2,Stray Animals,14,12,1,12.316666666666666,25.973333333333333,0,0.0
2025-04-07,W12,Z2,Stray Animals,8,5,2,11.566666666666666,34.32333333333334,0,0.0
2025-04-14,W12,Z2,Stray Animals,8,10,0,18.34166666666667,35.14166666666665,0,0.0
2025-04-21,W12,Z2,Stray Animals,3,3,0,10.783333333333333,13.383333333333333,0,0.0
2025-04-28,W12,Z2,Stray Animals,6,6,0,14.875,19.041666666666668,0,0.0
2025-05-05,W12,Z2,Stray Animals,17,16,1,8.216666666666667,19.766666666666666,0,0.0
2025-05-12,W12,Z2,Stray Animals,8,9,0,14.216666666666667,22.78,0,0.0
2025-05-19,W12,Z2,Stray Animals,5,4,1,11.666666666666668,15.378333333333334,0,0.0
2025-05-26,W12,Z2,Stray Animals,8,8,0,13.016666666666667,31.624999999999993,0,0.0
2025-06-02,W12,Z2,Stray Animals,0,0,0,,,0,
2025-06-09,W12,Z2,Stray Animals,0,0,0,,,0,
2025-06-16,W12,Z2,Stray Animals,0,0,0,,,0,
2025-06-23,W12,Z2,Stray Animals,0,0,0,,,0,
2024-12-30,W12,Z2,Streetlight,6,3,3,13.8,24.133333333333333,0,0.0
2025-01-06,W12,Z2,Streetlight,13,15,0,13.466666666666667,45.089999999999996,0,0.0
2025-01-13,W12,Z2,Streetlight,6,4,2,13.175,19.163333333333334,0,0.0
2025-01-20,W12,Z2,Streetlight,7,9,0,15.516666666666667,38.69333333333334,0,0.0
2025-01-27,W12,Z2,Streetlight,9,8,0,15.525,35.861666666666665,0,0.0
2025-02-03,W12,Z2,Streetlight,9,7,2,16.716666666666665,21.7,0,0.0
2025-02-10,W12,Z2,Streetlight,16,12,1,19.125,28.363333333333333,0,0.0
2025-02-17,W12,Z2,Streetlight,12,10,3,12.066666666666666,22.541666666666664,0,0.0
2025-02-24,W12,Z2,Streetlight,13,14,2,17.008333333333333,29.88166666666667,0,0.0
2025-03-03,W12,Z2,Streetlight,7,7,1,22.6,32.84666666666667,0,0.0
2025-03-10,W12,Z2,Streetlight,8,7,1,26.85,42.25333333333334,0,0.0
2025-03-17,W12,Z2,Streetlight,11,11,1,14.566666666666666,23.35,0,0.0
2025-03-24,W12,Z2,Streetlight,11,11,1,20.95,25.45,0,0.0
2025-03-31,W12,Z2,Streetlight,8,7,2,17.583333333333332,38.47666666666667,0,0.0
2025-04-07,W12,Z2,Streetlight,7,8,1,23.958333333333336,41.24666666666667,0,0.0
2025-04-14,W12,Z2,Streetlight,7,5,3,16.833333333333332,33.99333333333334,0,0.0
2025-04-21,W12,Z2,Streetlight,7,7,1,18.583333333333332,40.18333333333334,0,0.0
2025-04-28,W12,Z2,Streetlight,3,4,0,21.775,30.008333333333336,0,0.0
2025-05-05,W12,Z2,Streetlight,8,7,0,19.2,32.79666666666667,0,0.0
2025-05-12,W12,Z2,Streetlight,7,7,0,17.9,30.790000000000003,0,0.0
2025-05-19,W12,Z2,Streetlight,6,6,0,11.725,15.816666666666666,0,0.0
2025-05-26,W12,Z2,Streetlight,7,6,0,18.983333333333334,21.541666666666668,0,0.0
2025-06-02,W12,Z2,Streetlight,0,0,0,,,0,
2025-06-09,W12,Z2,Streetlight,0,0,0,,,0,
2025-06-16,W12,Z2,Streetlight,0,0,0,,,0,
2025-06-23,W12,Z2,Streetlight,0,0,0,,,0,
2024-12-30,W12,Z2,Water Supply,7,3,4,40.56666666666667,46.406666666666666,0,0.0
2025-01-06,W12,Z2,Water Supply,14,14,3,41.141666666666666,98.47333333333334,2,0.15384615384615385
2025-01-13,W12,Z2,Water Supply,5,4,4,32.575,47.6,0,0.0
2025-01-20,W12,Z2,Water Supply,11,13,1,61.6,201.7700000000001,0,0.0
2025-01-27,W12,Z2,Water Supply,10,9,2,44.28333333333333,61.88,0,0.0
2025-02-03,W12,Z2,Water Supply,7,6,2,39.541666666666664,61.391666666666666,0,0.0
2025-02-10,W12,Z2,Water Supply,9,11,0,59.766666666666666,91.8,0,0.0
2025-02-17,W12,Z2,Water Supply,10,8,2,36.68333333333334,98.49166666666666,1,0.1
2025-02-24,W12,Z2,Water Supply,5,5,2,59.3,132.00333333333333,0,0.0
2025-03-03,W12,Z2,Water Supply,11,10,3,28.266666666666666,92.35,0,0.0
2025-03-10,W12,Z2,Water Supply,8,7,3,49.88333333333333,78.15000000000002,0,0.0
2025-03-17,W12,Z2,Water Supply,8,7,3,50.31666666666667,90.20000000000002,0,0.0
2025-03-24,W12,Z2,Water Supply,6,7,2,47.13333333333333,110.44666666666669,1,0.16666666666666666
2025-03-31,W12,Z2,Water Supply,8,6,0,59.34166666666667,157.225,0,0.0
2025-04-07,W12,Z2,Water Supply,3,0,3,,,0,0.0
2025-04-14,W12,Z2,Water Supply,10,7,5,49.9,132.54666666666668,0,0.0
2025-04-21,W12,Z2,Water Supply,3,6,2,64.1,106.61666666666667,0,0.0
2025-04-28,W12,Z2,Water Supply,13,10,5,52.675,58.49166666666667,0,0.0
2025-05-05,W12,Z2,Water Supply,10,10,5,45.925,61.209999999999994,0,0.0
2025-05-12,W12,Z2,Water Supply,13,14,2,47.55,99.025,0,0.0
2025-05-19,W12,Z2,Water Supply,8,6,4,59.58333333333333,95.61666666666667,0,0.0
2025-05-26,W12,Z2,Water Supply,9,9,3,58.166666666666664,88.48000000000002,0,0.0
2025-06-02,W12,Z2,Water Supply,0,3,0,144.63333333333333,151.79333333333335,0,
2025-06-09,W12,Z2,Water Supply,0,0,0,,,0,
2025-06-16,W12,Z2,Water Supply,0,0,0,,,0,
2025-06-23,W12,Z2,Water Supply,0,0,0,,,0,
2024-12-30,W13,Z3,Drainage,9,3,5,37.166666666666664,60.980000000000004,2,0.25
2025-01-06,W13,Z3,Drainage,7,6,6,114.10833333333333,166.49166666666667,1,0.14285714285714285
2025-01-13,W13,Z3,Drainage,7,9,3,101.26666666666667,159.80333333333334,1,0.16666666666666666
2025-01-20,W13,Z3,Drainage,6,6,3,97.59166666666667,164.1,0,0.0
2025-01-27,W13,Z3,Drainage,7,4,5,129.43333333333334,381.2383333333334,2,0.3333333333333333
2025-02-03,W13,Z3,Drainage,3,6,2,108.58333333333333,164.35,1,0.3333333333333333
2025-02-10,W13,Z3,Drainage,12,2,10,142.61666666666667,216.61666666666667,4,0.4
2025-02-17,W13,Z3,Drainage,10,9,11,92.26666666666667,180.12333333333333,4,0.4
2025-02-24,W13,Z3,Drainage,10,16,5,100.33333333333334,306.775,0,0.0
2025-03-03,W13,Z3,Drainage,2,5,2,93.4,297.08,1,0.5
2025-03-10,W13,Z3,Drainage,10,4,8,52.34166666666667,104.69166666666668,1,0.1
2025-03-17,W13,Z3,Drainage,8,9,7,98.48333333333333,158.17333333333335,2,0.25
2025-03-24,W13,Z3,Drainage,9,11,5,81.55,220.56666666666666,0,0.0
2025-03-31,W13,Z3,Drainage,5,6,3,103.325,454.10833333333335,1,0.25
2025-04-07,W13,Z3,Drainage,8,5,6,111.01666666666667,146.96,3,0.375
2025-04-14,W13,Z3,Drainage,12,8,10,155.775,221.50666666666666,3,0.25
2025-04-21,W13,Z3,Drainage,13,12,11,93.96666666666667,190.7216666666667,5,0.38461538461538464
2025-04-28,W13,Z3,Drainage,11,15,6,125.35,287.2,2,0.2
2025-05-05,W13,Z3,Drainage,9,10,5,114.375,198.84166666666667,1,0.1111111111111111
2025-05-12,W13,Z3,Drainage,6,5,4,126.83333333333333,132.52,0,0.0
2025-05-19,W13,Z3,Drainage,12,8,5,81.95833333333334,212.1033333333333,3,0.3333333333333333
2025-05-26,W13,Z3,Drainage,11,8,8,71.11666666666667,173.65333333333334,0,0.0
2025-06-02,W13,Z3,Drainage,0,8,0,126.08333333333333,210.6883333333333,0,
2025-06-09,W13,Z3,Drainage,0,0,0,,,0,
2025-06-16,W13,Z3,Drainage,0,0,0,,,0,
2025-06-23,W13,Z3,Drainage,0,0,0,,,0,
2024-12-30,W13,Z3,Encroachment,5,0,5,,,2,0.4
2025-01-06,W13,Z3,Encroachment,5,3,7,147.08333333333334,154.32333333333332,5,1.0
2025-01-13,W13,Z3,Encroachment,7,3,11,189.86666666666667,265.2933333333333,7,1.0
2025-01-20,W13,Z3,Encroachment,7,4,13,358.89166666666665,411.00666666666666,6,1.0
2025-01-27,W13,Z3,Encroachment,8,5,15,296.25,547.11,6,0.8571428571428571
2025-02-03,W13,Z3,Encroachment,9,7,17,368.6166666666667,510.16333333333336,9,1.0
2025-02-10,W13,Z3,Encroachment,13,5,25,207.13333333333333,389.9066666666667,12,0.9230769230769231
2025-02-17,W13,Z3,Encroachment,6,7,23,291.0,552.86,5,1.0
2025-02-24,W13,Z3,Encroachment,15,9,29,454.45,924.4933333333335,14,0.9333333333333333
2025-03-03,W13,Z3,Encroachment,7,9,27,336.6666666666667,587.2966666666666,7,1.0
2025-03-10,W13,Z3,Encroachment,9,10,26,376.2416666666667,667.5016666666667,8,0.8888888888888888
2025-03-17,W13,Z3,Encroachment,10,12,23,421.75,690.8866666666668,9,1.0
2025-03-24,W13,Z3,Encroachment,8,8,23,383.2166666666667,797.865,7,0.875
2025-03-31,W13,Z3,Encroachment,8,5,24,436.65,619.9833333333333,5,0.8333333333333334
2025-04-07,W13,Z3,Encroachment,11,10,24,506.4416666666666,670.4383333333332,10,1.0
2025-04-14,W13,Z3,Encroachment,8,6,25,298.14166666666665,625.3666666666667,6,0.8571428571428571
2025-04-21,W13,Z3,Encroachment,12,4,32,312.5,716.6050000000002,9,0.8181818181818182
2025-04-28,W13,Z3,Encroachment,7,12,25,497.5833333333333,1057.2533333333333,5,1.0
2025-05-05,W13,Z3,Encroachment,7,7,25,684.0,1584.9766666666667,6,0.8571428571428571
2025-05-12,W13,Z3,Encroachment,16,10,31,393.5,642.1933333333333,14,0.875
2025-05-19,W13,Z3,Encroachment,6,9,27,174.36666666666667,451.91666666666674,3,0.6
2025-05-26,W13,Z3,Encroachment,3,10,20,467.6333333333333,1159.9066666666665,3,1.0
2025-06-02,W13,Z3,Encroachment,0,10,10,446.39166666666665,891.1166666666666,0,
2025-06-09,W13,Z3,Encroachment,0,4,6,697.3166666666666,1645.8700000000001,0,
2025-06-16,W13,Z3,Encroachment,0,2,4,790.0416666666667,993.5150000000001,0,
2025-06-23,W13,Z3,Encroachment,0,2,2,1027.9583333333333,1052.445,0,
2024-12-30,W13,Z3,Garbage,2,2,0,29.366666666666667,36.56666666666666,0,0.0
2025-01-06,W13,Z3,Garbage,10,7,2,24.566666666666666,48.656666666666666,0,0.0
2025-01-13,W13,Z3,Garbage,9,9,1,24.45,42.86333333333334,0,0.0
2025-01-20,W13,Z3,Garbage,12,9,3,35.766666666666666,59.35333333333334,0,0.0
2025-01-27,W13,Z3,Garbage,12,15,0,21.5,55.016666666666666,0,0.0
2025-02-03,W13,Z3,Garbage,8,5,2,18.516666666666666,45.37666666666667,0,0.0
2025-02-10,W13,Z3,Garbage,8,6,3,35.63333333333333,52.43333333333334,0,0.0
2025-02-17,W13,Z3,Garbage,7,9,1,31.583333333333332,82.00000000000001,0,0.0
2025-02-24,W13,Z3,Garbage,6,6,1,30.541666666666664,56.891666666666666,0,0.0
2025-03-03,W13,Z3,Garbage,10,8,1,36.99166666666667,46.769999999999996,0,0.0
2025-03-10,W13,Z3,Garbage,12,12,0,32.958333333333336,44.50333333333334,0,0.0
2025-03-17,W13,Z3,Garbage,14,12,1,26.725,79.27833333333334,0,0.0
2025-03-24,W13,Z3,Garbage,5,6,0,26.450000000000003,60.55,0,0.0
2025-03-31,W13,Z3,Garbage,8,6,1,21.983333333333334,33.041666666666664,0,0.0
2025-04-07,W13,Z3,Garbage,10,8,3,19.366666666666667,38.56166666666666,0,0.0
2025-04-14,W13,Z3,Garbage,5,6,2,20.983333333333334,51.03333333333333,0,0.0
2025-04-21,W13,Z3,Garbage,7,6,3,36.96666666666667,54.08333333333333,0,0.0
2025-04-28,W13,Z3,Garbage,7,8,1,37.09166666666667,84.34333333333333,0,0.0
2025-05-05,W13,Z3,Garbage,7,7,1,43.71666666666667,69.11666666666669,0,0.0
2025-05-12,W13,Z3,Garbage,10,7,4,40.36666666666667,52.72666666666667,0,0.0
2025-05-19,W13,Z3,Garbage,11,11,3,32.61666666666667,61.4,0,0.0
2025-05-26,W13,Z3,Garbage,7,9,1,24.966666666666665,43.026666666666664,0,0.0
2025-06-02,W13,Z3,Garbage,0,1,0,67.75,67.75,0,
2025-06-09,W13,Z3,Garbage,0,0,0,,,0,
2025-06-16,W13,Z3,Garbage,0,0,0,,,0,
2025-06-23,W13,Z3,Garbage,0,0,0,,,0,
2024-12-30,W13,Z3,Property Tax,8,2,5,46.224999999999994,54.57833333333333,0,0.0
2025-01-06,W13,Z3,Property Tax,13,10,6,84.09166666666667,127.41166666666665,1,0.09090909090909091
2025-01-13,W13,Z3,Property Tax,2,6,2,98.88333333333333,113.68333333333334,0,0.0
2025-01-20,W13,Z3,Property Tax,9,7,4,49.38333333333333,143.52333333333337,2,0.2222222222222222
2025-01-27,W13,Z3,Property Tax,11,9,4,100.03333333333333,199.39333333333335,0,0.0
2025-02-03,W13,Z3,Property Tax,7,7,4,61.38333333333333,102.14666666666668,1,0.14285714285714285
2025-02-10,W13,Z3,Property Tax,14,7,11,80.25,141.52,2,0.14285714285714285
2025-02-17,W13,Z3,Property Tax,7,14,4,111.29166666666666,201.85500000000002,1,0.14285714285714285
2025-02-24,W13,Z3,Property Tax,16,11,8,74.11666666666666,135.3,0,0.0
2025-03-03,W13,Z3,Property Tax,6,10,3,84.75,144.0133333333333,0,0.0
2025-03-10,W13,Z3,Property Tax,9,7,5,88.16666666666667,107.43666666666667,0,0.0
2025-03-17,W13,Z3,Property Tax,7,8,4,55.68333333333334,124.10333333333332,0,0.0
2025-03-24,W13,Z3,Property Tax,8,8,3,49.15833333333333,113.45333333333332,1,0.14285714285714285
2025-03-31,W13,Z3,Property Tax,12,9,5,87.46666666666667,147.3466666666667,1,0.09090909090909091
2025-04-07,W13,Z3,Property Tax,10,11,4,66.5,108.3,1,0.1
2025-04-14,W13,Z3,Property Tax,12,9,5,50.733333333333334,163.90666666666667,1,0.1
2025-04-21,W13,Z3,Property Tax,4,7,2,90.06666666666666,183.3966666666667,2,0.5
2025-04-28,W13,Z3,Property Tax,6,4,2,142.83333333333334,189.86833333333334,1,0.25
2025-05-05,W13,Z3,Property Tax,5,3,4,68.95,252.99,1,0.2
2025-05-12,W13,Z3,Property Tax,10,8,6,74.425,130.64666666666665,1,0.1
2025-05-19,W13,Z3,Property Tax,7,11,2,88.7,126.86666666666666,0,0.0
2025-05-26,W13,Z3,Property Tax,5,5,2,31.166666666666668,117.47,0,0.0
2025-06-02,W13,Z3,Property Tax,0,2,0,88.90833333333333,101.475,0,
2025-06-09,W13,Z3,Property Tax,0,0,0,,,0,
2025-06-16,W13,Z3,Property Tax,0,0,0,,,0,
2025-06-23,W13,Z3,Property Tax,0,0,0,,,0,
2024-12-30,W13,Z3,Road Repair,7,1,6,97.21666666666667,97.21666666666667,5,0.7142857142857143
2025-01-06,W13,Z3,Road Repair,18,3,19,196.23333333333332,261.67333333333335,7,0.4375
2025-01-13,W13,Z3,Road Repair,10,17,11,162.75,271.0966666666667,7,0.7777777777777778
2025-01-20,W13,Z3,Road Repair,5,4,12,273.125,429.785,3,0.6
2025-01-27,W13,Z3,Road Repair,11,8,13,230.175,344.12,8,0.8888888888888888
2025-02-03,W13,Z3,Road Repair,7,7,13,249.0,372.82000000000005,4,0.5714285714285714
2025-02-10,W13,Z3,Road Repair,8,8,11,312.05833333333334,448.21,4,0.6666666666666666
2025-02-17,W13,Z3,Road Repair,9,5,14,184.25,252.45,3,0.375
2025-02-24,W13,Z3,Road Repair,4,7,11,145.95,359.18333333333345,3,0.75
2025-03-03,W13,Z3,Road Repair,8,4,15,316.7166666666667,636.1033333333334,7,0.875
2025-03-10,W13,Z3,Road Repair,8,8,14,200.59166666666667,653.66,5,0.7142857142857143
2025-03-17,W13,Z3,Road Repair,12,5,21,364.45,662.6566666666668,7,0.5833333333333334
2025-03-24,W13,Z3,Road Repair,7,12,16,256.9083333333333,341.5633333333334,5,0.7142857142857143
2025-03-31,W13,Z3,Road Repair,11,7,20,217.03333333333333,569.9033333333334,10,0.9090909090909091
2025-04-07,W13,Z3,Road Repair,6,8,17,229.825,360.325,3,0.6
2025-04-14,W13,Z3,Road Repair,8,11,14,260.26666666666665,612.05,7,0.875
2025-04-21,W13,Z3,Road Repair,12,8,16,375.8333333333333,1249.3,8,0.8
2025-04-28,W13,Z3,Road Repair,6,7,15,344.7,1306.1800000000007,5,0.8333333333333334
2025-05-05,W13,Z3,Road Repair,8,9,14,283.65,452.9533333333333,6,0.75
2025-05-12,W13,Z3,Road Repair,14,7,20,212.83333333333334,484.2900000000001,10,0.7692307692307693
2025-05-19,W13,Z3,Road Repair,7,16,11,174.33333333333331,482.45833333333337,4,0.5714285714285714
2025-05-26,W13,Z3,Road Repair,2,7,6,338.1,553.7233333333335,2,1.0
2025-06-02,W13,Z3,Road Repair,0,2,4,485.39166666666665,606.4516666666667,0,
2025-06-09,W13,Z3,Road Repair,0,2,2,509.625,545.5649999999999,0,
2025-06-16,W13,Z3,Road Repair,0,0,2,,,0,
2025-06-23,W13,Z3,Road Repair,0,0,2,,,0,
2024-12-30,W13,Z3,Stray Animals,4,4,0,6.75,12.43666666666667,0,0.0
2025-01-06,W13,Z3,Stray Animals,12,8,2,8.033333333333333,15.061666666666666,0,0.0
2025-01-13,W13,Z3,Stray Animals,9,10,1,12.858333333333334,22.741666666666667,0,0.0
2025-01-20,W13,Z3,Stray Animals,6,6,1,9.966666666666667,32.15,0,0.0
2025-01-27,W13,Z3,Stray Animals,14,13,1,12.366666666666667,18.006666666666668,0,0.0
2025-02-03,W13,Z3,Stray Animals,12,11,1,12.5,22.983333333333334,0,0.0
2025-02-10,W13,Z3,Stray Animals,10,10,1,9.883333333333333,23.888333333333325,0,0.0
2025-02-17,W13,Z3,Stray Animals,9,10,0,9.191666666666666,19.07499999999999,0,0.0
2025-02-24,W13,Z3,Stray Animals,6,4,2,11.4,27.635000000000005,0,0.0
2025-03-03,W13,Z3,Stray Animals,7,7,2,13.733333333333333,31.35333333333334,0,0.0
2025-03-10,W13,Z3,Stray Animals,14,15,1,9.8,29.223333333333333,0,0.0
2025-03-17,W13,Z3,Stray Animals,6,7,0,18.3,32.436666666666675,0,0.0
2025-03-24,W13,Z3,Stray Animals,7,6,0,6.366666666666667,9.591666666666667,0,0.0
2025-03-31,W13,Z3,Stray Animals,4,2,1,14.575000000000001,16.395000000000003,0,0.0
2025-04-07,W13,Z3,Stray Animals,8,7,2,7.516666666666667,19.836666666666666,0,0.0
2025-04-14,W13,Z3,Stray Animals,9,9,2,16.95,23.383333333333333,0,0.0
2025-04-21,W13,Z3,Stray Animals,4,5,1,18.783333333333335,23.573333333333334,0,0.0
2025-04-28,W13,Z3,Stray Animals,7,6,1,9.216666666666667,22.80833333333333,0,0.0
2025-05-05,W13,Z3,Stray Animals,6,5,2,6.733333333333333,18.603333333333335,0,0.0
2025-05-12,W13,Z3,Stray Animals,13,13,0,9.6,18.986666666666668,0,0.0
2025-05-19,W13,Z3,Stray Animals,13,11,0,13.666666666666666,26.433333333333334,0,0.0
2025-05-26,W13,Z3,Stray Animals,7,6,0,9.524999999999999,16.791666666666668,0,0.0
2025-06-02,W13,Z3,Stray Animals,0,0,0,,,0,
2025-06-09,W13,Z3,Stray Animals,0,0,0,,,0,
2025-06-16,W13,Z3,Stray Animals,0,0,0,,,0,
2025-06-23,W13,Z3,Stray Animals,0,0,0,,,0,
2024-12-30,W13,Z3,Streetlight,7,6,0,20.450000000000003,27.4,0,0.0
2025-01-06,W13,Z3,Streetlight,10,7,3,12.35,20.793333333333337,0,0.0
2025-01-13,W13,Z3,Streetlight,10,9,3,22.316666666666666,45.03,0,0.0
2025-01-20,W13,Z3,Streetlight,7,10,0,23.616666666666667,35.703333333333326,0,0.0
2025-01-27,W13,Z3,Streetlight,8,7,1,12.683333333333334,41.02666666666668,0,0.0
2025-02-03,W13,Z3,Streetlight,12,12,0,32.05833333333334,62.015,0,0.0
2025-02-10,W13,Z3,Streetlight,7,5,0,20.683333333333334,55.476666666666674,0,0.0
2025-02-17,W13,Z3,Streetlight,13,10,3,15.741666666666667,31.623333333333328,0,0.0
2025-02-24,W13,Z3,Streetlight,7,8,1,19.225,46.04666666666666,0,0.0
2025-03-03,W13,Z3,Streetlight,10,8,1,21.4,37.364999999999995,0,0.0
2025-03-10,W13,Z3,Streetlight,14,14,1,21.641666666666666,41.465,0,0.0
2025-03-17,W13,Z3,Streetlight,6,7,0,19.466666666666665,26.91,0,0.0
2025-03-24,W13,Z3,Streetlight,9,8,0,11.983333333333334,28.859999999999996,0,0.0
2025-03-31,W13,Z3,Streetlight,7,6,1,14.516666666666667,26.90833333333333,0,0.0
2025-04-07,W13,Z3,Streetlight,9,9,0,18.983333333333334,31.970000000000002,0,0.0
2025-04-14,W13,Z3,Streetlight,6,4,2,19.85,34.135000000000005,0,0.0
2025-04-21,W13,Z3,Streetlight,9,8,2,17.700000000000003,42.88833333333332,0,0.0
2025-04-28,W13,Z3,Streetlight,5,7,0,28.55,62.333333333333364,0,0.0
2025-05-05,W13,Z3,Streetlight,7,7,0,21.033333333333335,31.673333333333336,0,0.0
2025-05-12,W13,Z3,Streetlight,6,5,0,25.666666666666668,26.65,0,0.0
2025-05-19,W13,Z3,Streetlight,13,8,4,19.15,41.41166666666667,0,0.0
2025-05-26,W13,Z3,Streetlight,6,10,0,25.333333333333336,36.48833333333333,0,0.0
2025-06-02,W13,Z3,Streetlight,0,0,0,,,0,
2025-06-09,W13,Z3,Streetlight,0,0,0,,,0,
2025-06-16,W13,Z3,Streetlight,0,0,0,,,0,
2025-06-23,W13,Z3,Streetlight,0,0,0,,,0,
2024-12-30,W13,Z3,Water Supply,5,3,2,39.28333333333333,51.57666666666667,0,0.0
2025-01-06,W13,Z3,Water Supply,9,9,2,62.2,78.02,0,0.0
2025-01-13,W13,Z3,Water Supply,11,8,3,44.650000000000006,78.22333333333333,0,0.0
2025-01-20,W13,Z3,Water Supply,8,6,4,52.74166666666667,67.13333333333333,0,0.0
2025-01-27,W13,Z3,Water Supply,15,15,2,43.7,75.14666666666666,0,0.0
2025-02-03,W13,Z3,Water Supply,11,8,4,26.225,63.75999999999999,0,0.0
2025-02-10,W13,Z3,Water Supply,9,10,3,53.50833333333333,69.29166666666666,0,0.0
2025-02-17,W13,Z3,Water Supply,10,9,4,49.13333333333333,89.12,0,0.0
2025-02-24,W13,Z3,Water Supply,12,10,6,63.883333333333326,107.98499999999997,0,0.0
2025-03-03,W13,Z3,Water Supply,6,11,1,34.05,104.5,0,0.0
2025-03-10,W13,Z3,Water Supply,10,6,4,47.93333333333334,95.35833333333333,0,0.0
2025-03-17,W13,Z3,Water Supply,7,7,3,47.6,113.06,0,0.0
2025-03-24,W13,Z3,Water Supply,5,6,2,49.391666666666666,68.875,0,0.0
2025-03-31,W13,Z3,Water Supply,7,7,1,53.15,80.92,0,0.0
2025-04-07,W13,Z3,Water Supply,8,7,2,40.03333333333333,56.096666666666664,0,0.0
2025-04-14,W13,Z3,Water Supply,5,4,3,64.88333333333333,137.35500000000002,0,0.0
2025-04-21,W13,Z3,Water Supply,13,10,5,49.34166666666667,89.58,0,0.0
2025-04-28,W13,Z3,Water Supply,9,10,4,70.10833333333333,95.275,0,0.0
2025-05-05,W13,Z3,Water Supply,4,7,1,68.6,103.35333333333332,0,0.0
2025-05-12,W13,Z3,Water Supply,12,7,4,46.766666666666666,78.94666666666669,0,0.0
2025-05-19,W13,Z3,Water Supply,6,8,2,47.95833333333333,75.13166666666666,0,0.0
2025-05-26,W13,Z3,Water Supply,6,6,1,58.88333333333333,99.125,0,0.0
2025-06-02,W13,Z3,Water Supply,0,1,0,47.416666666666664,47.416666666666664,0,
2025-06-09,W13,Z3,Water Supply,0,0,0,,,0,
2025-06-16,W13,Z3,Water Supply,0,0,0,,,0,
2025-06-23,W13,Z3,Water Supply,0,0,0,,,0,
2024-12-30,W14,Z4,Drainage,8,2,6,33.225,34.711666666666666,0,0.0
2025-01-06,W14,Z4,Drainage,9,10,5,84.475,144.75666666666666,4,0.4444444444444444
2025-01-13,W14,Z4,Drainage,6,6,5,194.51666666666665,239.5,2,0.3333333333333333
2025-01-20,W14,Z4,Drainage,7,7,5,96.8,168.96666666666667,3,0.42857142857142855
2025-01-27,W14,Z4,Drainage,8,5,8,107.81666666666666,173.48666666666668,1,0.125
2025-02-03,W14,Z4,Drainage,5,8,5,139.575,206.82333333333332,1,0.2
2025-02-10,W14,Z4,Drainage,12,8,9,120.41666666666666,213.01999999999998,3,0.25
2025-02-17,W14,Z4,Drainage,9,13,5,93.71666666666667,207.74000000000004,2,0.2222222222222222
2025-02-24,W14,Z4,Drainage,8,8,5,84.70833333333334,143.75166666666667,0,0.0
2025-03-03,W14,Z4,Drainage,15,9,11,88.35,170.1766666666667,5,0.3333333333333333
2025-03-10,W14,Z4,Drainage,6,12,5,89.19166666666666,228.45666666666668,0,0.0
2025-03-17,W14,Z4,Drainage,7,7,5,98.23333333333333,258.06000000000006,1,0.14285714285714285
2025-03-24,W14,Z4,Drainage,9,10,4,71.88333333333333,149.39666666666665,1,0.1111111111111111
2025-03-31,W14,Z4,Drainage,6,4,6,112.725,141.075,0,0.0
2025-04-07,W14,Z4,Drainage,6,8,4,123.80000000000001,170.71166666666664,0,0.0
2025-04-14,W14,Z4,Drainage,7,8,3,63.275000000000006,102.86166666666666,0,0.0
2025-04-21,W14,Z4,Drainage,10,5,8,131.6,149.15,2,0.2
2025-04-28,W14,Z4,Drainage,13,15,6,89.36666666666666,132.94,1,0.07692307692307693
2025-05-05,W14,Z4,Drainage,16,10,12,90.35,201.64333333333332,6,0.375
2025-05-12,W14,Z4,Drainage,6,12,6,134.475,181.875,2,0.3333333333333333
2025-05-19,W14,Z4,Drainage,8,7,7,178.58333333333334,344.18000000000006,0,0.0
2025-05-26,W14,Z4,Drainage,6,8,5,94.08333333333334,132.48666666666665,2,0.3333333333333333
2025-06-02,W14,Z4,Drainage,0,3,2,139.26666666666668,188.57333333333335,0,
2025-06-09,W14,Z4,Drainage,0,2,0,652.1166666666666,881.4633333333334,0,
2025-06-16,W14,Z4,Drainage,0,0,0,,,0,
2025-06-23,W14,Z4,Drainage,0,0,0,,,0,
2024-12-30,W14,Z4,Encroachment,11,1,10,108.31666666666666,108.31666666666666,8,0.7272727272727273
2025-01-06,W14,Z4,Encroachment,9,2,17,117.31666666666666,133.81,9,1.0
2025-01-13,W14,Z4,Encroachment,6,5,18,290.48333333333335,314.6333333333333,6,1.0
2025-01-20,W14,Z4,Encroachment,5,6,17,403.025,448.69166666666666,5,1.0
2025-01-27,W14,Z4,Encroachment,6,7,16,385.78333333333336,542.0233333333333,5,0.8333333333333334
2025-02-03,W14,Z4,Encroachment,5,7,14,444.95,582.0933333333334,5,1.0
2025-02-10,W14,Z4,Encroachment,6,8,12,309.18333333333334,799.6249999999999,6,1.0
2025-02-17,W14,Z4,Encroachment,5,6,11,468.8416666666667,820.5666666666667,5,1.0
2025-02-24,W14,Z4,Encroachment,2,3,10,241.06666666666666,289.5466666666667,2,1.0
2025-03-03,W14,Z4,Encroachment,11,4,17,250.64999999999998,547.9050000000001,9,0.8181818181818182
2025-03-10,W14,Z4,Encroachment,5,6,16,596.375,797.975,4,0.8
2025-03-17,W14,Z4,Encroachment,14,9,21,309.75,514.97,14,1.0
2025-03-24,W14,Z4,Encroachment,5,6,20,325.48333333333335,750.1083333333333,5,1.0
2025-03-31,W14,Z4,Encroachment,12,8,24,300.95833333333337,497.6433333333333,11,0.9166666666666666
2025-04-07,W14,Z4,Encroachment,9,8,25,238.56666666666666,760.3199999999999,9,1.0
2025-04-14,W14,Z4,Encroachment,10,12,23,312.2166666666667,641.2683333333334,8,0.8
2025-04-21,W14,Z4,Encroachment,11,8,26,421.3666666666667,783.6733333333334,10,0.9090909090909091
2025-04-28,W14,Z4,Encroachment,8,10,24,228.66666666666666,523.2433333333333,7,0.875
2025-05-05,W14,Z4,Encroachment,10,9,25,565.05,704.7400000000001,8,0.8
2025-05-12,W14,Z4,Encroachment,12,9,28,498.4,700.15,11,0.9166666666666666
2025-05-19,W14,Z4,Encroachment,14,10,32,373.70833333333337,590.5066666666667,13,0.9285714285714286
2025-05-26,W14,Z4,Encroachment,11,10,33,301.6833333333333,460.2633333333333,11,1.0
2025-06-02,W14,Z4,Encroachment,0,12,21,363.35,1195.156666666667,0,
2025-06-09,W14,Z4,Encroachment,0,6,15,473.34166666666664,743.1916666666666,0,
2025-06-16,W14,Z4,Encroachment,0,9,6,619.9833333333333,787.3533333333335,0,
2025-06-23,W14,Z4,Encroachment,0,2,4,902.6416666666667,963.675,0,
2024-12-30,W14,Z4,Garbage,4,3,1,53.5,79.71333333333334,0,0.0
2025-01-06,W14,Z4,Garbage,7,7,1,43.25,71.13666666666667,0,0.0
2025-01-13,W14,Z4,Garbage,7,5,3,26.866666666666667,53.60333333333334,0,0.0
2025-01-20,W14,Z4,Garbage,8,8,3,40.5,63.291666666666664,0,0.0
2025-01-27,W14,Z4,Garbage,12,14,1,37.983333333333334,89.21500000000002,0,0.0
2025-02-03,W14,Z4,Garbage,7,8,0,24.225,72.82166666666666,0,0.0
2025-02-10,W14,Z4,Garbage,10,7,3,39.65,67.77000000000001,0,0.0
2025-02-17,W14,Z4,Garbage,11,10,4,34.94166666666666,87.28166666666665,0,0.0
2025-02-24,W14,Z4,Garbage,7,10,1,41.8,57.23333333333332,0,0.0
2025-03-03,W14,Z4,Garbage,11,11,1,26.066666666666666,50.93333333333333,0,0.0
2025-03-10,W14,Z4,Garbage,9,8,2,38.16666666666667,70.03,0,0.0
2025-03-17,W14,Z4,Garbage,12,13,1,32.38333333333333,41.86333333333333,0,0.0
2025-03-24,W14,Z4,Garbage,7,8,0,25.041666666666668,65.03999999999999,0,0.0
2025-03-31,W14,Z4,Garbage,10,9,1,28.266666666666666,45.99666666666667,0,0.0
2025-04-07,W14,Z4,Garbage,4,5,0,35.416666666666664,54.39333333333333,0,0.0
2025-04-14,W14,Z4,Garbage,7,6,1,26.666666666666664,43.266666666666666,0,0.0
2025-04-21,W14,Z4,Garbage,8,7,2,22.3,76.69333333333337,0,0.0
2025-04-28,W14,Z4,Garbage,4,5,1,27.133333333333333,32.58,0,0.0
2025-05-05,W14,Z4,Garbage,7,7,1,18.316666666666666,34.443333333333335,0,0.0
2025-05-12,W14,Z4,Garbage,12,11,2,31.033333333333335,36.25,0,0.0
2025-05-19,W14,Z4,Garbage,11,11,2,26.4,48.416666666666664,0,0.0
2025-05-26,W14,Z4,Garbage,12,13,1,27.1,46.893333333333345,0,0.0
2025-06-02,W14,Z4,Garbage,0,1,0,76.36666666666666,76.36666666666666,0,
2025-06-09,W14,Z4,Garbage,0,0,0,,,0,
2025-06-16,W14,Z4,Garbage,0,0,0,,,0,
2025-06-23,W14,Z4,Garbage,0,0,0,,,0,
2024-12-30,W14,Z4,Property Tax,7,3,4,43.083333333333336,52.723333333333336,2,0.2857142857142857
2025-01-06,W14,Z4,Property Tax,6,7,3,124.56666666666666,202.52333333333337,1,0.16666666666666666
2025-01-13,W14,Z4,Property Tax,10,8,5,85.31666666666666,158.82833333333332,2,0.2
2025-01-20,W14,Z4,Property Tax,13,16,2,85.35833333333333,147.15833333333333,0,0.0
2025-01-27,W14,Z4,Property Tax,11,6,7,91.28333333333333,202.88333333333333,1,0.09090909090909091
2025-02-03,W14,Z4,Property Tax,5,10,2,91.28333333333333,172.68499999999995,2,0.4
2025-02-10,W14,Z4,Property Tax,6,2,6,185.275,187.72166666666666,1,0.16666666666666666
2025-02-17,W14,Z4,Property Tax,8,9,5,88.91666666666667,162.73666666666668,0,0.0
2025-02-24,W14,Z4,Property Tax,10,7,8,86.76666666666667,101.41666666666667,2,0.2
2025-03-03,W14,Z4,Property Tax,5,10,3,63.6,152.99166666666665,1,0.2
2025-03-10,W14,Z4,Property Tax,8,8,3,102.075,215.77666666666664,0,0.0
2025-03-17,W14,Z4,Property Tax,12,12,3,64.04166666666666,104.01666666666667,0,0.0
2025-03-24,W14,Z4,Property Tax,3,4,2,98.45,137.21333333333334,0,0.0
2025-03-31,W14,Z4,Property Tax,6,6,2,72.125,90.46666666666667,0,0.0
2025-04-07,W14,Z4,Property Tax,13,10,5,67.21666666666667,103.65333333333332,0,0.0
2025-04-14,W14,Z4,Property Tax,7,8,4,58.70833333333333,140.87833333333333,0,0.0
2025-04-21,W14,Z4,Property Tax,11,12,3,67.82499999999999,98.07666666666667,2,0.18181818181818182
2025-04-28,W14,Z4,Property Tax,10,8,5,74.95833333333334,178.0583333333333,1,0.1
2025-05-05,W14,Z4,Property Tax,10,10,5,50.75,196.40333333333334,2,0.2
2025-05-12,W14,Z4,Property Tax,10,12,3,71.875,183.33333333333337,0,0.0
2025-05-19,W14,Z4,Property Tax,13,7,9,63.53333333333333,88.10000000000001,3,0.23076923076923078
2025-05-26,W14,Z4,Property Tax,4,12,1,91.20833333333334,193.51166666666668,0,0.0
2025-06-02,W14,Z4,Property Tax,0,1,0,86.65,86.65,0,
2025-06-09,W14,Z4,Property Tax,0,0,0,,,0,
2025-06-16,W14,Z4,Property Tax,0,0,0,,,0,
2025-06-23,W14,Z4,Property Tax,0,0,0,,,0,
2024-12-30,W14,Z4,Road Repair,6,0,6,,,5,0.8333333333333334
2025-01-06,W14,Z4,Road Repair,9,2,13,98.13333333333333,108.22666666666666,5,0.5555555555555556
2025-01-13,W14,Z4,Road Repair,10,11,12,226.88333333333333,322.03333333333336,6,0.6
2025-01-20,W14,Z4,Road Repair,4,5,11,217.66666666666666,365.90999999999997,3,0.75
2025-01-27,W14,Z4,Road Repair,17,9,19,281.9166666666667,373.31333333333333,12,0.7058823529411765
2025-02-03,W14,Z4,Road Repair,4,14,9,175.15833333333333,277.195,0,0.0
2025-02-10,W14,Z4,Road Repair,14,9,14,317.98333333333335,539.4866666666667,9,0.6428571428571429
2025-02-17,W14,Z4,Road Repair,6,10,10,237.35833333333335,305.59499999999997,4,0.6666666666666666
2025-02-24,W14,Z4,Road Repair,9,6,13,232.41666666666669,299.425,7,0.7777777777777778
2025-03-03,W14,Z4,Road Repair,3,6,10,148.01666666666665,412.275,2,0.6666666666666666
2025-03-10,W14,Z4,Road Repair,11,3,18,327.26666666666665,448.84000000000003,6,0.5454545454545454
2025-03-17,W14,Z4,Road Repair,18,12,24,252.11666666666667,469.17333333333335,15,0.8333333333333334
2025-03-24,W14,Z4,Road Repair,3,9,18,174.61666666666667,275.24333333333334,2,0.6666666666666666
2025-03-31,W14,Z4,Road Repair,3,12,9,301.6333333333333,485.0816666666667,3,1.0
2025-04-07,W14,Z4,Road Repair,10,5,14,197.35,496.9433333333333,6,0.6
2025-04-14,W14,Z4,Road Repair,10,10,14,223.96666666666667,465.7149999999997,7,0.7
2025-04-21,W14,Z4,Road Repair,8,5,17,212.0,270.44666666666666,6,0.75
2025-04-28,W14,Z4,Road Repair,11,8,20,248.91666666666669,468.05499999999995,8,0.7272727272727273
2025-05-05,W14,Z4,Road Repair,6,10,16,291.075,485.70166666666665,5,0.8333333333333334
2025-05-12,W14,Z4,Road Repair,8,12,12,236.71666666666667,312.3383333333333,5,0.625
2025-05-19,W14,Z4,Road Repair,11,4,19,439.79999999999995,689.1983333333334,10,0.9090909090909091
2025-05-26,W14,Z4,Road Repair,7,11,15,218.63333333333333,482.1,6,0.8571428571428571
2025-06-02,W14,Z4,Road Repair,0,11,4,345.65,464.48333333333335,0,
2025-06-09,W14,Z4,Road Repair,0,2,2,450.16666666666663,567.66,0,
2025-06-16,W14,Z4,Road Repair,0,2,0,449.01666666666665,494.90999999999997,0,
2025-06-23,W14,Z4,Road Repair,0,0,0,,,0,
2024-12-30,W14,Z4,Stray Animals,5,5,0,23.216666666666665,24.443333333333335,0,0.0
2025-01-06,W14,Z4,Stray Animals,7,5,2,10.5,24.92666666666667,0,0.0
2025-01-13,W14,Z4,Stray Animals,4,5,1,13.483333333333333,38.046666666666674,0,0.0
2025-01-20,W14,Z4,Stray Animals,6,7,0,7.233333333333333,11.770000000000003,0,0.0
2025-01-27,W14,Z4,Stray Animals,11,10,1,10.325,17.586666666666666,0,0.0
2025-02-03,W14,Z4,Stray Animals,5,6,0,12.533333333333335,16.7,0,0.0
2025-02-10,W14,Z4,Stray Animals,5,4,1,4.475,12.240000000000002,0,0.0
2025-02-17,W14,Z4,Stray Animals,9,9,1,10.5,24.833333333333332,0,0.0
2025-02-24,W14,Z4,Stray Animals,7,8,0,13.025000000000002,26.605,0,0.0
2025-03-03,W14,Z4,Stray Animals,9,7,2,12.566666666666666,22.633333333333333,0,0.0
2025-03-10,W14,Z4,Stray Animals,15,16,1,15.100000000000001,25.758333333333333,0,0.0
2025-03-17,W14,Z4,Stray Animals,10,10,1,12.466666666666667,22.506666666666664,0,0.0
2025-03-24,W14,Z4,Stray Animals,10,11,0,13.733333333333333,18.333333333333332,0,0.0
2025-03-31,W14,Z4,Stray Animals,8,7,1,15.683333333333334,23.823333333333338,0,0.0
2025-04-07,W14,Z4,Stray Animals,12,12,1,17.825,26.99666666666667,0,0.0
2025-04-14,W14,Z4,Stray Animals,8,8,1,9.533333333333333,16.993333333333332,0,0.0
2025-04-21,W14,Z4,Stray Animals,13,14,0,9.833333333333334,30.270000000000003,0,0.0
2025-04-28,W14,Z4,Stray Animals,4,4,0,6.425,12.898333333333335,0,0.0
2025-05-05,W14,Z4,Stray Animals,11,11,0,7.0,11.9,0,0.0
2025-05-12,W14,Z4,Stray Animals,7,7,0,10.383333333333333,17.666666666666668,0,0.0
2025-05-19,W14,Z4,Stray Animals,9,8,1,11.0,31.354999999999997,0,0.0
2025-05-26,W14,Z4,Stray Animals,12,13,0,15.033333333333333,21.556666666666672,0,0.0
2025-06-02,W14,Z4,Stray Animals,0,0,0,,,0,
2025-06-09,W14,Z4,Stray Animals,0,0,0,,,0,
2025-06-16,W14,Z4,Stray Animals,0,0,0,,,0,
2025-06-23,W14,Z4,Stray Animals,0,0,0,,,0,
2024-12-30,W14,Z4,Streetlight,9,7,2,33.21666666666667,49.14000000000001,0,0.0
2025-01-06,W14,Z4,Streetlight,10,11,1,18.866666666666667,25.15,0,0.0
2025-01-13,W14,Z4,Streetlight,10,8,3,11.141666666666666,26.32833333333333,0,0.0
2025-01-20,W14,Z4,Streetlight,5,8,0,23.03333333333333,71.60666666666667,0,0.0
2025-01-27,W14,Z4,Streetlight,8,7,1,14.466666666666667,20.773333333333333,0,0.0
2025-02-03,W14,Z4,Streetlight,4,4,1,15.666666666666668,20.228333333333335,0,0.0
2025-02-10,W14,Z4,Streetlight,6,6,1,17.241666666666667,36.416666666666664,0,0.0
2025-02-17,W14,Z4,Streetlight,6,6,1,17.958333333333332,30.525,0,0.0
2025-02-24,W14,Z4,Streetlight,11,12,0,16.625,38.76833333333334,0,0.0
2025-03-03,W14,Z4,Streetlight,11,9,2,18.433333333333334,45.6,0,0.0
2025-03-10,W14,Z4,Streetlight,9,9,2,21.083333333333332,56.27666666666667,0,0.0
2025-03-17,W14,Z4,Streetlight,14,16,0,28.06666666666667,46.175,0,0.0
2025-03-24,W14,Z4,Streetlight,7,5,2,14.233333333333333,22.443333333333335,0,0.0
2025-03-31,W14,Z4,Streetlight,6,6,2,26.275,40.141666666666666,0,0.0
2025-04-07,W14,Z4,Streetlight,11,12,1,17.858333333333334,39.69833333333334,0,0.0
2025-04-14,W14,Z4,Streetlight,10,9,2,21.916666666666668,26.323333333333334,0,0.0
2025-04-21,W14,Z4,Streetlight,13,14,1,12.058333333333334,36.11166666666667,0,0.0
2025-04-28,W14,Z4,Streetlight,6,6,1,13.366666666666667,28.491666666666667,0,0.0
2025-05-05,W14,Z4,Streetlight,8,9,0,16.233333333333334,26.32,0,0.0
2025-05-12,W14,Z4,Streetlight,11,11,0,20.433333333333334,51.8,0,0.0
2025-05-19,W14,Z4,Streetlight,6,6,0,21.666666666666664,50.79166666666667,0,0.0
2025-05-26,W14,Z4,Streetlight,7,7,0,14.066666666666666,48.68666666666667,0,0.0
2025-06-02,W14,Z4,Streetlight,0,0,0,,,0,
2025-06-09,W14,Z4,Streetlight,0,0,0,,,0,
2025-06-16,W14,Z4,Streetlight,0,0,0,,,0,
2025-06-23,W14,Z4,Streetlight,0,0,0,,,0,
2024-12-30,W14,Z4,Water Supply,8,5,3,31.65,40.39333333333333,0,0.0
2025-01-06,W14,Z4,Water Supply,8,11,0,36.53333333333333,100.41666666666667,0,0.0
2025-01-13,W14,Z4,Water Supply,11,6,5,52.391666666666666,58.96666666666667,1,0.09090909090909091
2025-01-20,W14,Z4,Water Supply,8,10,3,75.53333333333333,156.98999999999998,1,0.125
2025-01-27,W14,Z4,Water Supply,6,5,4,46.7,91.56666666666668,0,0.0
2025-02-03,W14,Z4,Water Supply,9,12,1,39.75,127.88333333333335,0,0.0
2025-02-10,W14,Z4,Water Supply,7,6,2,42.525000000000006,73.66666666666666,0,0.0
2025-02-17,W14,Z4,Water Supply,9,10,1,60.0,113.52666666666666,0,0.0
2025-02-24,W14,Z4,Water Supply,9,4,6,39.20833333333333,103.51500000000001,0,0.0
2025-03-03,W14,Z4,Water Supply,6,11,1,70.51666666666667,91.18333333333334,0,0.0
2025-03-10,W14,Z4,Water Supply,10,10,1,45.16666666666667,83.96166666666666,0,0.0
2025-03-17,W14,Z4,Water Supply,5,4,2,41.88333333333333,66.125,0,0.0
2025-03-24,W14,Z4,Water Supply,4,5,1,60.0,102.10333333333334,0,0.0
2025-03-31,W14,Z4,Water Supply,11,7,5,45.25,85.52,0,0.0
2025-04-07,W14,Z4,Water Supply,9,12,2,77.65,113.81166666666667,0,0.0
2025-04-14,W14,Z4,Water Supply,7,6,3,53.55833333333334,93.96666666666667,0,0.0
2025-04-21,W14,Z4,Water Supply,15,10,8,26.5,97.48166666666664,0,0.0
2025-04-28,W14,Z4,Water Supply,5,10,3,66.98333333333333,84.28166666666667,0,0.0
2025-05-05,W14,Z4,Water Supply,15,15,3,38.983333333333334,105.00666666666666,0,0.0
2025-05-12,W14,Z4,Water Supply,7,9,1,40.71666666666667,98.43333333333334,0,0.0
2025-05-19,W14,Z4,Water Supply,10,9,2,55.8,65.54333333333334,1,0.1
2025-05-26,W14,Z4,Water Supply,9,8,3,55.375,150.07833333333332,0,0.0
2025-06-02,W14,Z4,Water Supply,0,3,0,73.96666666666667,120.74000000000001,0,
2025-06-09,W14,Z4,Water Supply,0,0,0,,,0,
2025-06-16,W14,Z4,Water Supply,0,0,0,,,0,
2025-06-23,W14,Z4,Water Supply,0,0,0,,,0,
2024-12-30,W15,Z0,Drainage,8,1,7,104.71666666666667,104.71666666666667,1,0.125
2025-01-06,W15,Z0,Drainage,7,9,5,67.1,99.40666666666667,1,0.14285714285714285
2025-01-13,W15,Z0,Drainage,8,7,6,74.46666666666667,157.09,1,0.125
2025-01-20,W15,Z0,Drainage,9,9,6,105.48333333333333,231.8033333333334,2,0.2222222222222222
2025-01-27,W15,Z0,Drainage,3,9,0,136.51666666666668,319.1766666666667,0,0.0
2025-02-03,W15,Z0,Drainage,11,3,8,64.95,84.48333333333333,1,0.09090909090909091
2025-02-10,W15,Z0,Drainage,11,13,6,90.7,162.81,1,0.09090909090909091
2025-02-17,W15,Z0,Drainage,12,9,9,73.38333333333334,130.44666666666666,2,0.16666666666666666
2025-02-24,W15,Z0,Drainage,13,16,6,85.36666666666667,174.73333333333335,0,0.0
2025-03-03,W15,Z0,Drainage,9,10,5,85.58333333333334,131.7883333333333,4,0.4444444444444444
2025-03-10,W15,Z0,Drainage,4,4,5,183.4,198.05166666666668,2,0.5
2025-03-17,W15,Z0,Drainage,7,6,6,108.30833333333334,185.71666666666667,1,0.14285714285714285
2025-03-24,W15,Z0,Drainage,10,12,4,73.10833333333333,160.94333333333336,2,0.2
2025-03-31,W15,Z0,Drainage,6,8,2,65.74166666666667,186.28833333333333,0,0.0
2025-04-07,W15,Z0,Drainage,12,9,5,85.31666666666666,114.89999999999999,2,0.16666666666666666
2025-04-14,W15,Z0,Drainage,6,9,2,96.85,183.88,1,0.16666666666666666
2025-04-21,W15,Z0,Drainage,11,6,7,80.55000000000001,161.05833333333334,1,0.09090909090909091
2025-04-28,W15,Z0,Drainage,8,8,7,121.35,145.105,0,0.0
2025-05-05,W15,Z0,Drainage,7,11,3,69.0,148.8,1,0.14285714285714285
2025-05-12,W15,Z0,Drainage,6,4,5,102.69166666666666,146.21333333333334,0,0.0
2025-05-19,W15,Z0,Drainage,8,9,4,102.4,189.39333333333337,2,0.25
2025-05-26,W15,Z0,Drainage,11,11,4,98.38333333333334,155.28333333333333,0,0.0
2025-06-02,W15,Z0,Drainage,0,4,0,116.33333333333334,264.87666666666667,0,
2025-06-09,W15,Z0,Drainage,0,0,0,,,0,
2025-06-16,W15,Z0,Drainage,0,0,0,,,0,
2025-06-23,W15,Z0,Drainage,0,0,0,,,0,
2024-12-30,W15,Z0,Encroachment,9,0,9,,,7,0.7777777777777778
2025-01-06,W15,Z0,Encroachment,5,3,11,152.75,202.28333333333333,5,1.0
2025-01-13,W15,Z0,Encroachment,9,3,17,362.48333333333335,404.13666666666666,9,1.0
2025-01-20,W15,Z0,Encroachment,13,4,26,253.73333333333335,373.18,11,0.8461538461538461
2025-01-27,W15,Z0,Encroachment,4,12,18,362.9333333333333,480.78000000000003,4,1.0
2025-02-03,W15,Z0,Encroachment,13,6,25,324.64166666666665,734.0333333333333,12,0.9230769230769231
2025-02-10,W15,Z0,Encroachment,11,12,24,317.4916666666667,578.3133333333334,9,0.8181818181818182
2025-02-17,W15,Z0,Encroachment,6,9,21,278.15,408.7966666666667,6,1.0
2025-02-24,W15,Z0,Encroachment,9,5,25,268.05,480.82666666666665,7,0.7777777777777778
2025-03-03,W15,Z0,Encroachment,6,9,22,312.03333333333336,796.2766666666666,5,0.8333333333333334
2025-03-10,W15,Z0,Encroachment,7,10,19,612.7,841.055,6,0.8571428571428571
2025-03-17,W15,Z0,Encroachment,9,7,21,422.6333333333333,1303.76,8,0.8888888888888888
2025-03-24,W15,Z0,Encroachment,5,8,18,378.89166666666665,677.2883333333333,4,0.8
2025-03-31,W15,Z0,Encroachment,10,4,24,308.09166666666664,652.6066666666667,10,1.0
2025-04-07,W15,Z0,Encroachment,5,8,21,526.675,1002.5049999999999,4,0.8
2025-04-14,W15,Z0,Encroachment,8,10,19,329.975,683.1666666666665,7,0.875
2025-04-21,W15,Z0,Encroachment,10,10,19,341.3666666666667,617.8216666666666,9,0.9
2025-04-28,W15,Z0,Encroachment,12,5,26,371.3833333333333,776.0000000000001,10,0.8333333333333334
2025-05-05,W15,Z0,Encroachment,14,9,31,300.0,573.1533333333333,13,0.9285714285714286
2025-05-12,W15,Z0,Encroachment,6,12,25,370.4416666666667,538.515,6,1.0
2025-05-19,W15,Z0,Encroachment,5,12,18,391.375,652.0500000000001,5,1.0
2025-05-26,W15,Z0,Encroachment,11,8,21,444.05833333333334,805.6149999999998,9,0.8181818181818182
2025-06-02,W15,Z0,Encroachment,0,9,12,389.3333333333333,440.42,0,
2025-06-09,W15,Z0,Encroachment,0,8,4,713.2833333333333,1497.3316666666665,0,
2025-06-16,W15,Z0,Encroachment,0,1,3,586.9833333333333,586.9833333333333,0,
2025-06-23,W15,Z0,Encroachment,0,2,1,694.35,703.3366666666667,0,
2024-12-30,W15,Z0,Garbage,10,6,4,21.541666666666664,32.85,1,0.1
2025-01-06,W15,Z0,Garbage,5,5,4,20.2,54.58,0,0.0
2025-01-13,W15,Z0,Garbage,8,10,2,31.583333333333336,82.06999999999996,0,0.0
2025-01-20,W15,Z0,Garbage,5,6,1,44.28333333333333,80.74166666666667,0,0.0
2025-01-27,W15,Z0,Garbage,14,12,3,25.1,59.01833333333334,0,0.0
2025-02-03,W15,Z0,Garbage,12,12,3,31.458333333333332,52.318333333333335,0,0.0
2025-02-10,W15,Z0,Garbage,10,13,0,31.75,43.64,0,0.0
2025-02-17,W15,Z0,Garbage,6,5,1,28.7,63.29666666666667,0,0.0
2025-02-24,W15,Z0,Garbage,4,4,1,31.541666666666668,37.35166666666667,0,0.0
2025-03-03,W15,Z0,Garbage,9,9,1,29.383333333333333,81.37333333333333,0,0.0
2025-03-10,W15,Z0,Garbage,11,9,3,26.583333333333332,41.64333333333333,1,0.09090909090909091
2025-03-17,W15,Z0,Garbage,4,5,2,34.71666666666667,137.69666666666666,0,0.0
2025-03-24,W15,Z0,Garbage,6,5,3,38.31666666666667,59.1,0,0.0
2025-03-31,W15,Z0,Garbage,11,12,2,45.09166666666667,69.245,0,0.0
2025-04-07,W15,Z0,Garbage,9,9,2,38.85,58.57666666666667,0,0.0
2025-04-14,W15,Z0,Garbage,7,8,1,30.516666666666666,96.03999999999999,0,0.0
2025-04-21,W15,Z0,Garbage,10,8,3,32.00833333333333,40.07666666666667,0,0.0
2025-04-28,W15,Z0,Garbage,3,6,0,31.975,53.3,0,0.0
2025-05-05,W15,Z0,Garbage,7,6,1,21.066666666666666,28.875,0,0.0
2025-05-12,W15,Z0,Garbage,15,13,3,32.06666666666667,41.78666666666667,0,0.0
2025-05-19,W15,Z0,Garbage,10,8,5,40.36666666666666,60.175,1,0.1
2025-05-26,W15,Z0,Garbage,11,12,4,26.141666666666666,67.53166666666667,0,0.0
2025-06-02,W15,Z0,Garbage,0,4,0,68.51666666666667,161.7216666666667,0,
2025-06-09,W15,Z0,Garbage,0,0,0,,,0,
2025-06-16,W15,Z0,Garbage,0,0,0,,,0,
2025-06-23,W15,Z0,Garbage,0,0,0,,,0,
2024-12-30,W15,Z0,Property Tax,5,2,3,34.13333333333333,52.13333333333333,0,0.0
2025-01-06,W15,Z0,Property Tax,10,9,4,46.43333333333333,137.03333333333333,1,0.1
2025-01-13,W15,Z0,Property Tax,9,9,4,67.15,110.04333333333335,1,0.1111111111111111
2025-01-20,W15,Z0,Property Tax,10,10,4,66.05,146.46666666666667,1,0.1
2025-01-27,W15,Z0,Property Tax,5,5,4,113.0,162.50333333333333,0,0.0
2025-02-03,W15,Z0,Property Tax,10,10,4,63.40833333333333,104.03833333333333,0,0.0
2025-02-10,W15,Z0,Property Tax,13,14,3,56.94166666666666,88.66833333333335,0,0.0
2025-02-17,W15,Z0,Property Tax,6,5,4,59.15,102.75333333333333,2,0.3333333333333333
2025-02-24,W15,Z0,Property Tax,9,8,5,65.23333333333333,156.02499999999998,0,0.0
2025-03-03,W15,Z0,Property Tax,7,8,4,78.125,154.98833333333332,1,0.14285714285714285
2025-03-10,W15,Z0,Property Tax,8,8,4,74.11666666666666,168.00666666666666,0,0.0
2025-03-17,W15,Z0,Property Tax,9,12,1,70.19999999999999,137.73833333333334,0,0.0
2025-03-24,W15,Z0,Property Tax,11,3,9,78.81666666666666,121.01666666666667,0,0.0
2025-03-31,W15,Z0,Property Tax,9,12,6,83.94999999999999,114.54,1,0.1111111111111111
2025-04-07,W15,Z0,Property Tax,4,6,4,100.94166666666666,155.21666666666667,1,0.25
2025-04-14,W15,Z0,Property Tax,6,8,2,88.74166666666667,143.74499999999998,1,0.16666666666666666
2025-04-21,W15,Z0,Property Tax,7,7,2,55.55,96.37333333333336,0,0.0
2025-04-28,W15,Z0,Property Tax,15,11,6,62.71666666666667,119.23333333333333,0,0.0
2025-05-05,W15,Z0,Property Tax,7,10,3,69.79166666666666,109.395,0,0.0
2025-05-12,W15,Z0,Property Tax,11,9,5,49.03333333333333,80.38666666666667,1,0.09090909090909091
2025-05-19,W15,Z0,Property Tax,8,10,3,105.775,144.41666666666666,1,0.125
2025-05-26,W15,Z0,Property Tax,9,11,1,68.0,104.75,1,0.1111111111111111
2025-06-02,W15,Z0,Property Tax,0,1,0,275.48333333333335,275.48333333333335,0,
2025-06-09,W15,Z0,Property Tax,0,0,0,,,0,
2025-06-16,W15,Z0,Property Tax,0,0,0,,,0,
2025-06-23,W15,Z0,Property Tax,0,0,0,,,0,
2024-12-30,W15,Z0,Road Repair,6,0,6,,,3,0.5
2025-01-06,W15,Z0,Road Repair,8,5,9,104.31666666666666,176.23000000000002,7,0.875
2025-01-13,W15,Z0,Road Repair,17,5,21,187.26666666666668,290.90999999999997,12,0.7058823529411765
2025-01-20,W15,Z0,Road Repair,12,18,15,221.05833333333334,318.5450000000001,7,0.5833333333333334
2025-01-27,W15,Z0,Road Repair,11,7,19,199.16666666666666,318.8666666666667,10,0.9090909090909091
2025-02-03,W15,Z0,Road Repair,4,8,15,262.51666666666665,420.8016666666666,3,0.75
2025-02-10,W15,Z0,Road Repair,9,11,13,335.8,641.0666666666667,7,0.7777777777777778
2025-02-17,W15,Z0,Road Repair,10,6,17,259.7416666666667,420.275,7,0.7
2025-02-24,W15,Z0,Road Repair,14,12,19,230.46666666666664,335.73333333333335,10,0.7142857142857143
2025-03-03,W15,Z0,Road Repair,8,13,14,201.53333333333333,384.75000000000006,7,0.875
2025-03-10,W15,Z0,Road Repair,9,12,11,256.15833333333336,548.6283333333334,6,0.6666666666666666
2025-03-17,W15,Z0,Road Repair,11,6,16,145.375,179.84166666666667,5,0.45454545454545453
2025-03-24,W15,Z0,Road Repair,6,8,14,163.68333333333334,248.81666666666663,5,0.8333333333333334
2025-03-31,W15,Z0,Road Repair,4,8,10,243.64166666666665,522.9016666666666,3,0.75
2025-04-07,W15,Z0,Road Repair,7,6,11,271.35,688.8333333333334,5,0.7142857142857143
2025-04-14,W15,Z0,Road Repair,12,7,16,361.68333333333334,684.5533333333334,9,0.75
2025-04-21,W15,Z0,Road Repair,6,9,13,215.53333333333333,299.9433333333333,6,1.0
2025-04-28,W15,Z0,Road Repair,7,7,13,259.3,484.1633333333334,6,0.8571428571428571
2025-05-05,W15,Z0,Road Repair,6,7,12,401.78333333333336,653.4966666666667,3,0.5
2025-05-12,W15,Z0,Road Repair,7,7,12,248.73333333333332,354.3933333333334,7,1.0
2025-05-19,W15,Z0,Road Repair,6,6,12,272.2166666666667,369.175,6,1.0
2025-05-26,W15,Z0,Road Repair,8,8,12,277.0333333333333,418.04333333333335,5,0.625
2025-06-02,W15,Z0,Road Repair,0,5,7,179.88333333333333,351.2033333333333,0,
2025-06-09,W15,Z0,Road Repair,0,5,2,377.9,419.9533333333333,0,
2025-06-16,W15,Z0,Road Repair,0,0,2,,,0,
2025-06-23,W15,Z0,Road Repair,0,2,0,999.9083333333333,1273.3683333333333,0,
2024-12-30,W15,Z0,Stray Animals,5,5,0,12.0,19.12333333333333,0,0.0
2025-01-06,W15,Z0,Stray Animals,13,13,0,15.266666666666667,29.86666666666667,0,0.0
2025-01-13,W15,Z0,Stray Animals,9,8,1,16.35,24.39333333333333,0,0.0
2025-01-20,W15,Z0,Stray Animals,6,7,0,14.766666666666667,25.290000000000003,0,0.0
2025-01-27,W15,Z0,Stray Animals,18,18,0,11.291666666666668,15.108333333333338,0,0.0
2025-02-03,W15,Z0,Stray Animals,6,5,1,6.9,22.656666666666666,0,0.0
2025-02-10,W15,Z0,Stray Animals,10,10,1,16.608333333333334,32.07499999999998,0,0.0
2025-02-17,W15,Z0,Stray Animals,4,5,0,10.233333333333333,40.99666666666667,0,0.0
2025-02-24,W15,Z0,Stray Animals,10,10,0,19.891666666666666,25.525,0,0.0
2025-03-03,W15,Z0,Stray Animals,7,7,0,15.016666666666667,24.266666666666666,0,0.0
2025-03-10,W15,Z0,Stray Animals,6,5,1,19.033333333333335,45.52,0,0.0
2025-03-17,W15,Z0,Stray Animals,6,6,1,8.783333333333333,11.633333333333333,0,0.0
2025-03-24,W15,Z0,Stray Animals,9,10,0,14.841666666666667,20.169999999999998,0,0.0
2025-03-31,W15,Z0,Stray Animals,7,6,1,11.033333333333333,23.516666666666666,0,0.0
2025-04-07,W15,Z0,Stray Animals,11,11,1,11.416666666666666,21.233333333333334,0,0.0
2025-04-14,W15,Z0,Stray Animals,13,14,0,13.191666666666666,23.29333333333334,0,0.0
2025-04-21,W15,Z0,Stray Animals,11,11,0,13.783333333333333,17.216666666666665,0,0.0
2025-04-28,W15,Z0,Stray Animals,7,6,1,17.533333333333335,23.291666666666664,0,0.0
2025-05-05,W15,Z0,Stray Animals,8,9,0,10.2,15.5,0,0.0
2025-05-12,W15,Z0,Stray Animals,6,6,0,11.05,24.96666666666667,0,0.0
2025-05-19,W15,Z0,Stray Animals,7,7,0,8.533333333333333,16.143333333333334,0,0.0
2025-05-26,W15,Z0,Stray Animals,8,8,0,11.933333333333334,16.02,0,0.0
2025-06-02,W15,Z0,Stray Animals,0,0,0,,,0,
2025-06-09,W15,Z0,Stray Animals,0,0,0,,,0,
2025-06-16,W15,Z0,Stray Animals,0,0,0,,,0,
2025-06-23,W15,Z0,Stray Animals,0,0,0,,,0,
2024-12-30,W15,Z0,Streetlight,8,8,0,9.475,33.769999999999996,0,0.0
2025-01-06,W15,Z0,Streetlight,9,8,1,13.158333333333333,34.80833333333333,0,0.0
2025-01-13,W15,Z0,Streetlight,9,8,2,24.258333333333333,40.309999999999995,0,0.0
2025-01-20,W15,Z0,Streetlight,5,6,1,21.7,28.191666666666666,0,0.0
2025-01-27,W15,Z0,Streetlight,13,12,2,30.25,38.60166666666667,0,0.0
2025-02-03,W15,Z0,Streetlight,9,7,4,24.283333333333335,42.80666666666667,0,0.0
2025-02-10,W15,Z0,Streetlight,13,17,0,24.833333333333332,47.86000000000001,0,0.0
2025-02-17,W15,Z0,Streetlight,4,3,1,22.8,29.78666666666667,0,0.0
2025-02-24,W15,Z0,Streetlight,10,10,1,12.683333333333334,28.539999999999996,0,0.0
2025-03-03,W15,Z0,Streetlight,8,7,2,32.38333333333333,43.53,0,0.0
2025-03-10,W15,Z0,Streetlight,4,6,0,21.75,35.050000000000004,0,0.0
2025-03-17,W15,Z0,Streetlight,12,10,2,12.516666666666666,19.003333333333334,0,0.0
2025-03-24,W15,Z0,Streetlight,9,10,1,19.858333333333334,29.77333333333333,0,0.0
2025-03-31,W15,Z0,Streetlight,13,11,3,20.033333333333335,24.233333333333334,0,0.0
2025-04-07,W15,Z0,Streetlight,4,7,0,34.3,56.100000000000016,0,0.0
2025-04-14,W15,Z0,Streetlight,7,7,0,17.95,41.056666666666665,0,0.0
2025-04-21,W15,Z0,Streetlight,11,10,1,13.441666666666666,29.415,0,0.0
2025-04-28,W15,Z0,Streetlight,12,12,1,15.091666666666665,24.85166666666667,0,0.0
2025-05-05,W15,Z0,Streetlight,6,5,2,18.05,19.46,0,0.0
2025-05-12,W15,Z0,Streetlight,6,6,2,19.833333333333336,49.25833333333333,0,0.0
2025-05-19,W15,Z0,Streetlight,7,9,0,26.183333333333334,60.57000000000001,0,0.0
2025-05-26,W15,Z0,Streetlight,9,8,1,12.708333333333332,25.9,0,0.0
2025-06-02,W15,Z0,Streetlight,0,1,0,103.01666666666667,103.01666666666667,0,
2025-06-09,W15,Z0,Streetlight,0,0,0,,,0,
2025-06-16,W15,Z0,Streetlight,0,0,0,,,0,
2025-06-23,W15,Z0,Streetlight,0,0,0,,,0,
2024-12-30,W15,Z0,Water Supply,2,1,1,19.75,19.75,0,0.0
2025-01-06,W15,Z0,Water Supply,9,9,1,40.983333333333334,62.28,0,0.0
2025-01-13,W15,Z0,Water Supply,13,9,5,32.1,61.526666666666685,0,0.0
2025-01-20,W15,Z0,Water Supply,8,10,3,44.5,89.45166666666664,0,0.0
2025-01-27,W15,Z0,Water Supply,9,11,1,40.8,88.33333333333333,0,0.0
2025-02-03,W15,Z0,Water Supply,15,10,6,46.50833333333333,102.79666666666665,1,0.06666666666666667
2025-02-10,W15,Z0,Water Supply,4,8,2,61.65833333333333,170.86833333333334,0,0.0
2025-02-17,W15,Z0,Water Supply,6,4,4,84.625,102.85000000000001,0,0.0
2025-02-24,W15,Z0,Water Supply,7,11,0,53.68333333333333,93.08333333333333,0,0.0
2025-03-03,W15,Z0,Water Supply,7,6,1,47.31666666666666,100.25,0,0.0
2025-03-10,W15,Z0,Water Supply,7,6,2,33.41666666666667,49.733333333333334,0,0.0
2025-03-17,W15,Z0,Water Supply,8,8,2,38.66666666666667,63.62,0,0.0
2025-03-24,W15,Z0,Water Supply,9,8,3,51.21666666666667,82.88166666666666,0,0.0
2025-03-31,W15,Z0,Water Supply,10,9,4,54.35,94.79,0,0.0
2025-04-07,W15,Z0,Water Supply,11,12,3,44.55833333333334,67.665,1,0.09090909090909091
2025-04-14,W15,Z0,Water Supply,15,12,6,46.21666666666667,114.86500000000001,0,0.0
2025-04-21,W15,Z0,Water Supply,5,9,2,75.6,116.19666666666669,0,0.0
2025-04-28,W15,Z0,Water Supply,8,5,5,34.96666666666667,50.86,1,0.125
2025-05-05,W15,Z0,Water Supply,8,10,3,70.825,105.42333333333333,0,0.0
2025-05-12,W15,Z0,Water Supply,8,10,1,43.8,95.5116666666666,0,0.0
2025-05-19,W15,Z0,Water Supply,10,7,4,35.38333333333333,49.05333333333334,0,0.0
2025-05-26,W15,Z0,Water Supply,9,11,2,59.78333333333333,80.18333333333334,0,0.0
2025-06-02,W15,Z0,Water Supply,0,2,0,107.0,126.92000000000002,0,
2025-06-09,W15,Z0,Water Supply,0,0,0,,,0,
2025-06-16,W15,Z0,Water Supply,0,0,0,,,0,
2025-06-23,W15,Z0,Water Supply,0,0,0,,,0,
2024-12-30,W16,Z1,Drainage,11,5,6,38.45,62.92333333333333,1,0.09090909090909091
2025-01-06,W16,Z1,Drainage,9,10,5,81.19166666666666,142.25666666666666,0,0.0
2025-01-13,W16,Z1,Drainage,7,10,2,86.0,158.27999999999994,1,0.14285714285714285
2025-01-20,W16,Z1,Drainage,9,8,3,78.41666666666666,158.98166666666665,0,0.0
2025-01-27,W16,Z1,Drainage,3,5,1,68.15,80.65,0,0.0
2025-02-03,W16,Z1,Drainage,11,5,7,54.8,90.43333333333334,1,0.09090909090909091
2025-02-10,W16,Z1,Drainage,11,9,9,121.98333333333333,174.9766666666667,4,0.36363636363636365
2025-02-17,W16,Z1,Drainage,5,9,5,122.96666666666667,216.95666666666668,0,0.0
2025-02-24,W16,Z1,Drainage,8,8,5,104.08333333333334,148.48499999999999,1,0.125
2025-03-03,W16,Z1,Drainage,6,5,6,53.516666666666666,97.44333333333334,3,0.5
2025-03-10,W16,Z1,Drainage,8,7,7,80.4,229.3166666666667,3,0.375
2025-03-17,W16,Z1,Drainage,10,7,10,87.81666666666666,217.17000000000002,5,0.5
2025-03-24,W16,Z1,Drainage,11,13,8,99.63333333333334,210.01333333333335,1,0.09090909090909091
2025-03-31,W16,Z1,Drainage,6,11,3,124.31666666666666,270.31666666666666,1,0.16666666666666666
2025-04-07,W16,Z1,Drainage,9,8,4,62.44166666666667,129.35833333333332,2,0.2222222222222222
2025-04-14,W16,Z1,Drainage,9,8,5,109.00833333333333,187.22166666666666,1,0.1111111111111111
2025-04-21,W16,Z1,Drainage,11,10,6,76.41666666666667,118.21,2,0.18181818181818182
2025-04-28,W16,Z1,Drainage,10,11,5,83.76666666666667,220.06666666666666,1,0.1
2025-05-05,W16,Z1,Drainage,6,7,4,84.7,95.60666666666667,0,0.0
2025-05-12,W16,Z1,Drainage,13,7,10,80.18333333333334,151.09333333333336,4,0.3076923076923077
2025-05-19,W16,Z1,Drainage,7,10,7,78.925,146.35166666666663,1,0.14285714285714285
2025-05-26,W16,Z1,Drainage,7,9,5,161.38333333333333,294.6866666666667,1,0.14285714285714285
2025-06-02,W16,Z1,Drainage,0,5,0,107.11666666666666,149.86333333333334,0,
2025-06-09,W16,Z1,Drainage,0,0,0,,,0,
2025-06-16,W16,Z1,Drainage,0,0,0,,,0,
2025-06-23,W16,Z1,Drainage,0,0,0,,,0,
2024-12-30,W16,Z1,Encroachment,5,0,5,,,5,1.0
2025-01-06,W16,Z1,Encroachment,13,1,17,147.96666666666667,147.96666666666667,10,0.7692307692307693
2025-01-13,W16,Z1,Encroachment,4,6,15,265.1166666666667,393.18333333333334,4,1.0
2025-01-20,W16,Z1,Encroachment,7,6,16,328.0333333333333,344.98333333333335,5,0.7142857142857143
2025-01-27,W16,Z1,Encroachment,9,6,19,277.10833333333335,505.375,8,0.8888888888888888
2025-02-03,W16,Z1,Encroachment,7,7,19,369.46666666666664,736.5966666666667,6,0.8571428571428571
2025-02-10,W16,Z1,Encroachment,10,6,23,255.90833333333336,355.67499999999995,9,0.9
2025-02-17,W16,Z1,Encroachment,11,12,22,282.6,735.8966666666668,11,1.0
2025-02-24,W16,Z1,Encroachment,9,11,20,343.4,763.9,8,0.8888888888888888
2025-03-03,W16,Z1,Encroachment,8,7,21,247.76666666666668,334.12666666666667,7,0.875
2025-03-10,W16,Z1,Encroachment,6,10,17,509.51666666666665,773.5183333333332,6,1.0
2025-03-17,W16,Z1,Encroachment,9,6,20,346.64166666666665,592.8166666666666,9,1.0
2025-03-24,W16,Z1,Encroachment,5,7,18,499.1333333333333,712.7033333333333,4,0.8
2025-03-31,W16,Z1,Encroachment,10,9,19,312.26666666666665,413.24666666666667,8,0.8
2025-04-07,W16,Z1,Encroachment,6,11,14,453.3666666666667,705.7333333333333,6,1.0
2025-04-14,W16,Z1,Encroachment,14,5,23,332.3333333333333,376.78000000000003,13,0.9285714285714286
2025-04-21,W16,Z1,Encroachment,9,13,19,282.65,560.5633333333334,8,0.8888888888888888
2025-04-28,W16,Z1,Encroachment,8,10,17,352.15,456.4916666666666,7,0.875
2025-05-05,W16,Z1,Encroachment,7,7,17,439.93333333333334,507.1066666666667,7,1.0
2025-05-12,W16,Z1,Encroachment,9,2,24,395.1666666666667,469.76666666666665,9,1.0
2025-05-19,W16,Z1,Encroachment,12,7,29,384.7,501.17666666666673,12,1.0
2025-05-26,W16,Z1,Encroachment,9,10,28,459.4333333333333,812.3866666666667,9,1.0
2025-06-02,W16,Z1,Encroachment,0,12,16,280.5083333333333,495.7266666666668,0,
2025-06-09,W16,Z1,Encroachment,0,9,7,702.8666666666667,900.8466666666667,0,
2025-06-16,W16,Z1,Encroachment,0,1,6,637.95,637.95,0,
2025-06-23,W16,Z1,Encroachment,0,1,5,720.4,720.4,0,
2024-12-30,W16,Z1,Garbage,12,9,3,24.183333333333334,40.760000000000005,0,0.0
2025-01-06,W16,Z1,Garbage,6,7,2,43.166666666666664,109.90000000000002,0,0.0
2025-01-13,W16,Z1,Garbage,10,10,2,32.358333333333334,51.33999999999998,0,0.0
2025-01-20,W16,Z1,Garbage,12,12,2,29.424999999999997,60.46500000000001,0,0.0
2025-01-27,W16,Z1,Garbage,8,7,3,32.68333333333333,80.73333333333336,0,0.0
2025-02-03,W16,Z1,Garbage,4,6,1,47.55,97.60833333333332,0,0.0
2025-02-10,W16,Z1,Garbage,8,8,1,25.75,31.396666666666665,0,0.0
2025-02-17,W16,Z1,Garbage,6,7,0,22.466666666666665,51.48666666666668,0,0.0
2025-02-24,W16,Z1,Garbage,8,7,1,31.233333333333334,91.06333333333336,0,0.0
2025-03-03,W16,Z1,Garbage,7,6,2,23.025,40.58333333333333,0,0.0
2025-03-10,W16,Z1,Garbage,10,9,3,27.55,54.44666666666668,0,0.0
2025-03-17,W16,Z1,Garbage,10,10,3,16.483333333333334,29.421666666666663,0,0.0
2025-03-24,W16,Z1,Garbage,7,10,0,27.425,61.9,0,0.0
2025-03-31,W16,Z1,Garbage,6,4,2,39.75,61.656666666666666,0,0.0
2025-04-07,W16,Z1,Garbage,10,10,2,32.68333333333334,62.20333333333329,0,0.0
2025-04-14,W16,Z1,Garbage,9,9,2,32.416666666666664,69.24333333333334,0,0.0
2025-04-21,W16,Z1,Garbage,9,7,4,25.4,74.57333333333335,0,0.0
2025-04-28,W16,Z1,Garbage,9,12,1,24.383333333333333,55.75500000000001,0,0.0
2025-05-05,W16,Z1,Garbage,13,11,3,25.416666666666668,49.166666666666664,0,0.0
2025-05-12,W16,Z1,Garbage,11,11,3,30.133333333333333,81.7,0,0.0
2025-05-19,W16,Z1,Garbage,3,6,0,34.2,42.74166666666667,0,0.0
2025-05-26,W16,Z1,Garbage,9,9,0,28.083333333333332,59.68666666666667,0,0.0
2025-06-02,W16,Z1,Garbage,0,0,0,,,0,
2025-06-09,W16,Z1,Garbage,0,0,0,,,0,
2025-06-16,W16,Z1,Garbage,0,0,0,,,0,
2025-06-23,W16,Z1,Garbage,0,0,0,,,0,
2024-12-30,W16,Z1,Property Tax,8,1,7,59.9,59.9,1,0.125
2025-01-06,W16,Z1,Property Tax,9,12,4,83.49166666666667,151.29666666666668,0,0.0
2025-01-13,W16,Z1,Property Tax,9,8,5,58.975,84.49666666666667,0,0.0
2025-01-20,W16,Z1,Property Tax,10,8,7,102.46666666666667,146.43166666666667,1,0.1
2025-01-27,W16,Z1,Property Tax,6,12,1,108.85,137.955,0,0.0
2025-02-03,W16,Z1,Property Tax,8,4,5,52.06666666666666,99.46333333333334,0,0.0
2025-02-10,W16,Z1,Property Tax,6,8,3,60.358333333333334,113.67999999999998,0,0.0
2025-02-17,W16,Z1,Property Tax,5,6,2,60.708333333333336,85.55,0,0.0
2025-02-24,W16,Z1,Property Tax,7,6,3,66.2,99.33333333333334,1,0.14285714285714285
2025-03-03,W16,Z1,Property Tax,6,6,3,68.45833333333334,145.15833333333333,0,0.0
2025-03-10,W16,Z1,Property Tax,5,4,4,65.575,101.69166666666666,0,0.0
2025-03-17,W16,Z1,Property Tax,9,9,4,63.71666666666667,140.79000000000002,1,0.1111111111111111
2025-03-24,W16,Z1,Property Tax,12,12,4,59.63333333333333,89.02333333333334,1,0.08333333333333333
2025-03-31,W16,Z1,Property Tax,12,8,8,89.99166666666667,179.11166666666665,0,0.0
2025-04-07,W16,Z1,Property Tax,15,14,9,85.55,132.195,2,0.13333333333333333
2025-04-14,W16,Z1,Property Tax,13,12,10,96.99166666666667,151.47166666666666,1,0.07692307692307693
2025-04-21,W16,Z1,Property Tax,9,15,4,86.7,158.18,1,0.1111111111111111
2025-04-28,W16,Z1,Property Tax,6,7,3,116.66666666666667,167.52,0,0.0
2025-05-05,W16,Z1,Property Tax,6,4,5,74.60833333333333,123.02333333333334,1,0.16666666666666666
2025-05-12,W16,Z1,Property Tax,11,8,8,59.358333333333334,148.16333333333333,1,0.09090909090909091
2025-05-19,W16,Z1,Property Tax,7,11,4,82.25,156.33333333333334,1,0.14285714285714285
2025-05-26,W16,Z1,Property Tax,9,9,4,76.43333333333334,147.54000000000002,0,0.0
2025-06-02,W16,Z1,Property Tax,0,4,0,79.28333333333333,192.36166666666668,0,
2025-06-09,W16,Z1,Property Tax,0,0,0,,,0,
2025-06-16,W16,Z1,Property Tax,0,0,0,,,0,
2025-06-23,W16,Z1,Property Tax,0,0,0,,,0,
2024-12-30,W16,Z1,Road Repair,4,0,4,,,4,1.0
2025-01-06,W16,Z1,Road Repair,4,1,7,223.28333333333333,223.28333333333333,3,0.75
2025-01-13,W16,Z1,Road Repair,4,5,6,241.55,275.23,3,0.75
2025-01-20,W16,Z1,Road Repair,12,5,13,134.01666666666668,397.0866666666667,9,0.75
2025-01-27,W16,Z1,Road Repair,8,9,12,223.65,327.02333333333337,6,0.75
2025-02-03,W16,Z1,Road Repair,4,8,8,206.34166666666667,368.52,3,0.75
2025-02-10,W16,Z1,Road Repair,16,4,20,206.31666666666666,589.7433333333333,13,0.8125
2025-02-17,W16,Z1,Road Repair,11,12,19,215.425,327.53833333333336,10,0.9090909090909091
2025-02-24,W16,Z1,Road Repair,7,9,17,281.71666666666664,488.46666666666675,4,0.5714285714285714
2025-03-03,W16,Z1,Road Repair,6,10,13,242.44166666666666,447.5649999999999,3,0.5
2025-03-10,W16,Z1,Road Repair,9,10,12,241.075,616.3166666666666,6,0.6666666666666666
2025-03-17,W16,Z1,Road Repair,5,6,11,229.875,495.9583333333333,5,1.0
2025-03-24,W16,Z1,Road Repair,8,4,15,233.725,285.89000000000004,5,0.625
2025-03-31,W16,Z1,Road Repair,9,12,12,259.6166666666667,949.1066666666668,5,0.5555555555555556
2025-04-07,W16,Z1,Road Repair,13,6,19,187.61666666666667,391.85833333333335,10,0.7692307692307693
2025-04-14,W16,Z1,Road Repair,13,10,22,195.33333333333331,401.47833333333335,11,0.8461538461538461
2025-04-21,W16,Z1,Road Repair,15,13,24,220.7,486.41666666666686,13,0.8666666666666667
2025-04-28,W16,Z1,Road Repair,11,11,24,259.78333333333336,433.4166666666667,10,0.9090909090909091
2025-05-05,W16,Z1,Road Repair,9,15,18,326.71666666666664,599.4033333333332,5,0.5555555555555556
2025-05-12,W16,Z1,Road Repair,4,10,12,181.66666666666666,351.1883333333333,3,0.75
2025-05-19,W16,Z1,Road Repair,9,5,16,342.76666666666665,566.5400000000001,7,0.7777777777777778
2025-05-26,W16,Z1,Road Repair,7,10,13,259.98333333333335,463.81833333333327,4,0.5714285714285714
2025-06-02,W16,Z1,Road Repair,0,7,6,253.51666666666668,491.6933333333335,0,
2025-06-09,W16,Z1,Road Repair,0,4,2,410.725,568.0816666666667,0,
2025-06-16,W16,Z1,Road Repair,0,0,2,,,0,
2025-06-23,W16,Z1,Road Repair,0,1,1,1504.3666666666666,1504.3666666666666,0,
2024-12-30,W16,Z1,Stray Animals,10,10,0,19.008333333333333,29.48499999999999,0,0.0
2025-01-06,W16,Z1,Stray Animals,7,6,1,8.325,28.4,0,0.0
2025-01-13,W16,Z1,Stray Animals,12,12,1,13.066666666666666,17.393333333333334,0,0.0
2025-01-20,W16,Z1,Stray Animals,8,9,0,14.75,21.59,0,0.0
2025-01-27,W16,Z1,Stray Animals,10,10,0,9.850000000000001,25.96666666666666,0,0.0
2025-02-03,W16,Z1,Stray Animals,5,5,0,8.666666666666666,12.21,0,0.0
2025-02-10,W16,Z1,Stray Animals,9,9,0,15.683333333333334,21.92,0,0.0
2025-02-17,W16,Z1,Stray Animals,8,8,0,14.25,26.501666666666665,0,0.0
2025-02-24,W16,Z1,Stray Animals,12,10,2,11.583333333333332,28.06,0,0.0
2025-03-03,W16,Z1,Stray Animals,10,12,0,12.791666666666668,38.49333333333333,0,0.0
2025-03-10,W16,Z1,Stray Animals,6,6,0,15.458333333333332,27.183333333333334,0,0.0
2025-03-17,W16,Z1,Stray Animals,2,2,0,14.583333333333334,16.41,0,0.0
2025-03-24,W16,Z1,Stray Animals,10,10,0,6.7,16.606666666666662,0,0.0
2025-03-31,W16,Z1,Stray Animals,15,14,1,12.366666666666667,20.660000000000004,0,0.0
2025-04-07,W16,Z1,Stray Animals,3,4,0,13.016666666666666,16.873333333333335,0,0.0
2025-04-14,W16,Z1,Stray Animals,6,6,0,7.108333333333333,30.34166666666667,0,0.0
2025-04-21,W16,Z1,Stray Animals,6,6,0,14.658333333333333,25.40833333333333,0,0.0
2025-04-28,W16,Z1,Stray Animals,11,10,1,10.625,26.69333333333333,0,0.0
2025-05-05,W16,Z1,Stray Animals,9,10,0,12.108333333333334,23.066666666666666,0,0.0
2025-05-12,W16,Z1,Stray Animals,8,7,1,12.616666666666667,18.03333333333334,0,0.0
2025-05-19,W16,Z1,Stray Animals,8,9,0,10.8,32.25000000000001,0,0.0
2025-05-26,W16,Z1,Stray Animals,12,12,0,10.941666666666666,18.441666666666666,0,0.0
2025-06-02,W16,Z1,Stray Animals,0,0,0,,,0,
2025-06-09,W16,Z1,Stray Animals,0,0,0,,,0,
2025-06-16,W16,Z1,Stray Animals,0,0,0,,,0,
2025-06-23,W16,Z1,Stray Animals,0,0,0,,,0,
2024-12-30,W16,Z1,Streetlight,8,6,2,23.266666666666666,35.233333333333334,0,0.0
2025-01-06,W16,Z1,Streetlight,13,15,0,20.433333333333334,54.906666666666666,0,0.0
2025-01-13,W16,Z1,Streetlight,11,10,1,24.825000000000003,42.22,0,0.0
2025-01-20,W16,Z1,Streetlight,6,6,1,17.608333333333334,34.80833333333334,0,0.0
2025-01-27,W16,Z1,Streetlight,6,6,1,19.641666666666666,61.575,0,0.0
2025-02-03,W16,Z1,Streetlight,12,12,1,20.4,37.778333333333336,0,0.0
2025-02-10,W16,Z1,Streetlight,12,9,4,20.033333333333335,37.33333333333334,0,0.0
2025-02-17,W16,Z1,Streetlight,7,11,0,18.05,52.65,0,0.0
2025-02-24,W16,Z1,Streetlight,10,9,1,23.166666666666668,31.073333333333334,0,0.0
2025-03-03,W16,Z1,Streetlight,4,3,2,31.283333333333335,49.269999999999996,0,0.0
2025-03-10,W16,Z1,Streetlight,9,9,2,24.083333333333332,81.48,0,0.0
2025-03-17,W16,Z1,Streetlight,6,6,2,16.558333333333334,39.11666666666667,0,0.0
2025-03-24,W16,Z1,Streetlight,5,7,0,14.883333333333333,25.990000000000002,0,0.0
2025-03-31,W16,Z1,Streetlight,10,9,1,28.566666666666666,53.943333333333335,0,0.0
2025-04-07,W16,Z1,Streetlight,9,10,0,20.525,28.46833333333333,0,0.0
2025-04-14,W16,Z1,Streetlight,9,6,3,13.658333333333333,15.408333333333333,0,0.0
2025-04-21,W16,Z1,Streetlight,5,8,0,17.375,30.85833333333333,0,0.0
2025-04-28,W16,Z1,Streetlight,6,6,0,17.016666666666666,27.25,0,0.0
2025-05-05,W16,Z1,Streetlight,13,11,2,17.266666666666666,26.1,0,0.0
2025-05-12,W16,Z1,Streetlight,5,7,0,29.083333333333332,36.73,0,0.0
2025-05-19,W16,Z1,Streetlight,13,12,1,18.691666666666666,46.13666666666667,0,0.0
2025-05-26,W16,Z1,Streetlight,9,9,1,16.916666666666668,22.473333333333336,0,0.0
2025-06-02,W16,Z1,Streetlight,0,1,0,62.733333333333334,62.733333333333334,0,
2025-06-09,W16,Z1,Streetlight,0,0,0,,,0,
2025-06-16,W16,Z1,Streetlight,0,0,0,,,0,
2025-06-23,W16,Z1,Streetlight,0,0,0,,,0,
2024-12-30,W16,Z1,Water Supply,3,1,2,20.566666666666666,20.566666666666666,0,0.0
2025-01-06,W16,Z1,Water Supply,9,8,3,26.116666666666667,69.21,0,0.0
2025-01-13,W16,Z1,Water Supply,9,9,3,59.1,108.01333333333334,1,0.1111111111111111
2025-01-20,W16,Z1,Water Supply,13,10,6,59.28333333333333,90.92833333333333,0,0.0
2025-01-27,W16,Z1,Water Supply,7,9,4,67.73333333333333,144.1366666666667,0,0.0
2025-02-03,W16,Z1,Water Supply,4,7,1,40.25,112.68666666666667,0,0.0
2025-02-10,W16,Z1,Water Supply,8,7,2,53.75,109.8766666666667,0,0.0
2025-02-17,W16,Z1,Water Supply,12,10,4,40.44166666666666,56.95166666666665,1,0.08333333333333333
2025-02-24,W16,Z1,Water Supply,13,14,3,38.483333333333334,89.56833333333336,0,0.0
2025-03-03,W16,Z1,Water Supply,12,11,4,55.18333333333333,88.68333333333334,0,0.0
2025-03-10,W16,Z1,Water Supply,9,9,4,50.36666666666667,89.60000000000001,0,0.0
2025-03-17,W16,Z1,Water Supply,11,10,5,49.266666666666666,131.44166666666666,0,0.0
2025-03-24,W16,Z1,Water Supply,9,9,5,51.45,89.02333333333334,0,0.0
2025-03-31,W16,Z1,Water Supply,9,11,3,56.21666666666667,79.3,0,0.0
2025-04-07,W16,Z1,Water Supply,9,10,2,60.55,98.05166666666668,0,0.0
2025-04-14,W16,Z1,Water Supply,9,7,4,55.6,99.14333333333335,0,0.0
2025-04-21,W16,Z1,Water Supply,8,10,2,37.25,72.7733333333333,0,0.0
2025-04-28,W16,Z1,Water Supply,5,6,1,40.375,57.766666666666666,0,0.0
2025-05-05,W16,Z1,Water Supply,12,6,7,57.391666666666666,89.3,2,0.16666666666666666
2025-05-12,W16,Z1,Water Supply,3,9,1,45.78333333333333,163.3366666666667,0,0.0
2025-05-19,W16,Z1,Water Supply,11,8,4,55.80833333333334,127.04499999999999,0,0.0
2025-05-26,W16,Z1,Water Supply,3,7,0,53.43333333333333,110.71333333333337,0,0.0
2025-06-02,W16,Z1,Water Supply,0,0,0,,,0,
2025-06-09,W16,Z1,Water Supply,0,0,0,,,0,
2025-06-16,W16,Z1,Water Supply,0,0,0,,,0,
2025-06-23,W16,Z1,Water Supply,0,0,0,,,0,
2024-12-30,W17,Z2,Drainage,2,0,2,,,2,1.0
2025-01-06,W17,Z2,Drainage,7,0,9,,,7,1.0
2025-01-13,W17,Z2,Drainage,12,0,21,,,12,1.0
2025-01-20,W17,Z2,Drainage,6,0,27,,,6,1.0
2025-01-27,W17,Z2,Drainage,5,0,32,,,5,1.0
2025-02-03,W17,Z2,Drainage,11,0,43,,,11,1.0
2025-02-10,W17,Z2,Drainage,13,0,56,,,13,1.0
2025-02-17,W17,Z2,Drainage,9,0,65,,,9,1.0
2025-02-24,W17,Z2,Drainage,10,0,75,,,10,1.0
2025-03-03,W17,Z2,Drainage,11,0,86,,,11,1.0
2025-03-10,W17,Z2,Drainage,9,0,95,,,9,1.0
2025-03-17,W17,Z2,Drainage,6,0,101,,,6,1.0
2025-03-24,W17,Z2,Drainage,14,0,115,,,14,1.0
2025-03-31,W17,Z2,Drainage,5,0,120,,,5,1.0
2025-04-07,W17,Z2,Drainage,10,0,130,,,10,1.0
2025-04-14,W17,Z2,Drainage,7,0,137,,,7,1.0
2025-04-21,W17,Z2,Drainage,11,0,148,,,11,1.0
2025-04-28,W17,Z2,Drainage,8,0,156,,,8,1.0
2025-05-05,W17,Z2,Drainage,14,0,170,,,14,1.0
2025-05-12,W17,Z2,Drainage,8,0,178,,,8,1.0
2025-05-19,W17,Z2,Drainage,6,0,184,,,6,1.0
2025-05-26,W17,Z2,Drainage,3,0,187,,,3,1.0
2025-06-02,W17,Z2,Drainage,0,0,187,,,0,
2025-06-09,W17,Z2,Drainage,0,0,187,,,0,
2025-06-16,W17,Z2,Drainage,0,0,187,,,0,
2025-06-23,W17,Z2,Drainage,0,0,187,,,0,
2024-12-30,W17,Z2,Encroachment,7,0,7,,,7,1.0
2025-01-06,W17,Z2,Encroachment,7,0,14,,,7,1.0
2025-01-13,W17,Z2,Encroachment,12,0,26,,,12,1.0
2025-01-20,W17,Z2,Encroachment,8,0,34,,,8,1.0
2025-01-27,W17,Z2,Encroachment,10,0,44,,,10,1.0
2025-02-03,W17,Z2,Encroachment,8,0,52,,,8,1.0
2025-02-10,W17,Z2,Encroachment,4,0,56,,,4,1.0
2025-02-17,W17,Z2,Encroachment,14,0,70,,,14,1.0
2025-02-24,W17,Z2,Encroachment,7,0,77,,,7,1.0
2025-03-03,W17,Z2,Encroachment,6,0,83,,,6,1.0
2025-03-10,W17,Z2,Encroachment,11,0,94,,,11,1.0
2025-03-17,W17,Z2,Encroachment,5,0,99,,,5,1.0
2025-03-24,W17,Z2,Encroachment,6,0,105,,,6,1.0
2025-03-31,W17,Z2,Encroachment,7,0,112,,,7,1.0
2025-04-07,W17,Z2,Encroachment,13,0,125,,,13,1.0
2025-04-14,W17,Z2,Encroachment,5,0,130,,,5,1.0
2025-04-21,W17,Z2,Encroachment,9,0,139,,,9,1.0
2025-04-28,W17,Z2,Encroachment,8,0,147,,,8,1.0
2025-05-05,W17,Z2,Encroachment,14,0,161,,,14,1.0
2025-05-12,W17,Z2,Encroachment,8,0,169,,,8,1.0
2025-05-19,W17,Z2,Encroachment,11,0,180,,,11,1.0
2025-05-26,W17,Z2,Encroachment,7,0,187,,,7,1.0
2025-06-02,W17,Z2,Encroachment,0,0,187,,,0,
2025-06-09,W17,Z2,Encroachment,0,0,187,,,0,
2025-06-16,W17,Z2,Encroachment,0,0,187,,,0,
2025-06-23,W17,Z2,Encroachment,0,0,187,,,0,
2024-12-30,W17,Z2,Garbage,7,0,7,,,7,1.0
2025-01-06,W17,Z2,Garbage,15,0,22,,,15,1.0
2025-01-13,W17,Z2,Garbage,5,0,27,,,5,1.0
2025-01-20,W17,Z2,Garbage,5,0,32,,,5,1.0
2025-01-27,W17,Z2,Garbage,6,0,38,,,6,1.0
2025-02-03,W17,Z2,Garbage,8,0,46,,,8,1.0
2025-02-10,W17,Z2,Garbage,4,0,50,,,4,1.0
2025-02-17,W17,Z2,Garbage,11,0,61,,,11,1.0
2025-02-24,W17,Z2,Garbage,9,0,70,,,9,1.0
2025-03-03,W17,Z2,Garbage,12,0,82,,,12,1.0
2025-03-10,W17,Z2,Garbage,13,0,95,,,13,1.0
2025-03-17,W17,Z2,Garbage,9,0,104,,,9,1.0
2025-03-24,W17,Z2,Garbage,11,0,115,,,11,1.0
2025-03-31,W17,Z2,Garbage,6,0,121,,,6,1.0
2025-04-07,W17,Z2,Garbage,12,0,133,,,12,1.0
2025-04-14,W17,Z2,Garbage,6,0,139,,,6,1.0
2025-04-21,W17,Z2,Garbage,9,0,148,,,9,1.0
2025-04-28,W17,Z2,Garbage,4,0,152,,,4,1.0
2025-05-05,W17,Z2,Garbage,13,0,165,,,13,1.0
2025-05-12,W17,Z2,Garbage,11,0,176,,,11,1.0
2025-05-19,W17,Z2,Garbage,8,0,184,,,8,1.0
2025-05-26,W17,Z2,Garbage,3,0,187,,,3,1.0
2025-06-02,W17,Z2,Garbage,0,0,187,,,0,
2025-06-09,W17,Z2,Garbage,0,0,187,,,0,
2025-06-16,W17,Z2,Garbage,0,0,187,,,0,
2025-06-23,W17,Z2,Garbage,0,0,187,,,0,
2024-12-30,W17,Z2,Property Tax,3,0,3,,,3,1.0
2025-01-06,W17,Z2,Property Tax,11,0,14,,,11,1.0
2025-01-13,W17,Z2,Property Tax,7,0,21,,,7,1.0
2025-01-20,W17,Z2,Property Tax,5,0,26,,,5,1.0
2025-01-27,W17,Z2,Property Tax,8,0,34,,,8,1.0
2025-02-03,W17,Z2,Property Tax,13,0,47,,,13,1.0
2025-02-10,W17,Z2,Property Tax,7,0,54,,,7,1.0
2025-02-17,W17,Z2,Property Tax,11,0,65,,,11,1.0
2025-02-24,W17,Z2,Property Tax,8,0,73,,,8,1.0
2025-03-03,W17,Z2,Property Tax,10,0,83,,,10,1.0
2025-03-10,W17,Z2,Property Tax,10,0,93,,,10,1.0
2025-03-17,W17,Z2,Property Tax,4,0,97,,,4,1.0
2025-03-24,W17,Z2,Property Tax,5,0,102,,,5,1.0
2025-03-31,W17,Z2,Property Tax,9,0,111,,,9,1.0
2025-04-07,W17,Z2,Property Tax,12,0,123,,,12,1.0
2025-04-14,W17,Z2,Property Tax,11,0,134,,,11,1.0
2025-04-21,W17,Z2,Property Tax,9,0,143,,,9,1.0
2025-04-28,W17,Z2,Property Tax,12,0,155,,,12,1.0
2025-05-05,W17,Z2,Property Tax,10,0,165,,,10,1.0
2025-05-12,W17,Z2,Property Tax,6,0,171,,,6,1.0
2025-05-19,W17,Z2,Property Tax,11,0,182,,,11,1.0
2025-05-26,W17,Z2,Property Tax,6,0,188,,,6,1.0
2025-06-02,W17,Z2,Property Tax,0,0,188,,,0,
2025-06-09,W17,Z2,Property Tax,0,0,188,,,0,
2025-06-16,W17,Z2,Property Tax,0,0,188,,,0,
2025-06-23,W17,Z2,Property Tax,0,0,188,,,0,
2024-12-30,W17,Z2,Road Repair,5,0,5,,,5,1.0
2025-01-06,W17,Z2,Road Repair,12,0,17,,,12,1.0
2025-01-13,W17,Z2,Road Repair,7,0,24,,,7,1.0
2025-01-20,W17,Z2,Road Repair,8,0,32,,,8,1.0
2025-01-27,W17,Z2,Road Repair,6,0,38,,,6,1.0
2025-02-03,W17,Z2,Road Repair,10,0,48,,,10,1.0
2025-02-10,W17,Z2,Road Repair,3,0,51,,,3,1.0
2025-02-17,W17,Z2,Road Repair,9,0,60,,,9,1.0
2025-02-24,W17,Z2,Road Repair,8,0,68,,,8,1.0
2025-03-03,W17,Z2,Road Repair,10,0,78,,,10,1.0
2025-03-10,W17,Z2,Road Repair,9,0,87,,,9,1.0
2025-03-17,W17,Z2,Road Repair,10,0,97,,,10,1.0
2025-03-24,W17,Z2,Road Repair,8,0,105,,,8,1.0
2025-03-31,W17,Z2,Road Repair,9,0,114,,,9,1.0
2025-04-07,W17,Z2,Road Repair,8,0,122,,,8,1.0
2025-04-14,W17,Z2,Road Repair,9,0,131,,,9,1.0
2025-04-21,W17,Z2,Road Repair,12,0,143,,,12,1.0
2025-04-28,W17,Z2,Road Repair,5,0,148,,,5,1.0
2025-05-05,W17,Z2,Road Repair,15,0,163,,,15,1.0
2025-05-12,W17,Z2,Road Repair,10,0,173,,,10,1.0
2025-05-19,W17,Z2,Road Repair,9,0,182,,,9,1.0
2025-05-26,W17,Z2,Road Repair,6,0,188,,,6,1.0
2025-06-02,W17,Z2,Road Repair,0,0,188,,,0,
2025-06-09,W17,Z2,Road Repair,0,0,188,,,0,
2025-06-16,W17,Z2,Road Repair,0,0,188,,,0,
2025-06-23,W17,Z2,Road Repair,0,0,188,,,0,
2024-12-30,W17,Z2,Stray Animals,5,0,5,,,5,1.0
2025-01-06,W17,Z2,Stray Animals,8,0,13,,,8,1.0
2025-01-13,W17,Z2,Stray Animals,8,0,21,,,8,1.0
2025-01-20,W17,Z2,Stray Animals,9,0,30,,,9,1.0
2025-01-27,W17,Z2,Stray Animals,7,0,37,,,7,1.0
2025-02-03,W17,Z2,Stray Animals,8,0,45,,,8,1.0
2025-02-10,W17,Z2,Stray Animals,6,0,51,,,6,1.0
2025-02-17,W17,Z2,Stray Animals,12,0,63,,,12,1.0
2025-02-24,W17,Z2,Stray Animals,10,0,73,,,10,1.0
2025-03-03,W17,Z2,Stray Animals,5,0,78,,,5,1.0
2025-03-10,W17,Z2,Stray Animals,9,0,87,,,9,1.0
2025-03-17,W17,Z2,Stray Animals,11,0,98,,,11,1.0
2025-03-24,W17,Z2,Stray Animals,9,0,107,,,9,1.0
2025-03-31,W17,Z2,Stray Animals,9,0,116,,,9,1.0
2025-04-07,W17,Z2,Stray Animals,18,0,134,,,18,1.0
2025-04-14,W17,Z2,Stray Animals,6,0,140,,,6,1.0
2025-04-21,W17,Z2,Stray Animals,9,0,149,,,9,1.0
2025-04-28,W17,Z2,Stray Animals,8,0,157,,,8,1.0
2025-05-05,W17,Z2,Stray Animals,12,0,169,,,12,1.0
2025-05-12,W17,Z2,Stray Animals,4,0,173,,,4,1.0
2025-05-19,W17,Z2,Stray Animals,7,0,180,,,7,1.0
2025-05-26,W17,Z2,Stray Animals,7,0,187,,,7,1.0
2025-06-02,W17,Z2,Stray Animals,0,0,187,,,0,
2025-06-09,W17,Z2,Stray Animals,0,0,187,,,0,
2025-06-16,W17,Z2,Stray Animals,0,0,187,,,0,
2025-06-23,W17,Z2,Stray Animals,0,0,187,,,0,
2024-12-30,W17,Z2,Streetlight,5,0,5,,,5,1.0
2025-01-06,W17,Z2,Streetlight,6,0,11,,,6,1.0
2025-01-13,W17,Z2,Streetlight,8,0,19,,,8,1.0
2025-01-20,W17,Z2,Streetlight,6,0,25,,,6,1.0
2025-01-27,W17,Z2,Streetlight,9,0,34,,,9,1.0
2025-02-03,W17,Z2,Streetlight,10,0,44,,,10,1.0
2025-02-10,W17,Z2,Streetlight,10,0,54,,,10,1.0
2025-02-17,W17,Z2,Streetlight,7,0,61,,,7,1.0
2025-02-24,W17,Z2,Streetlight,6,0,67,,,6,1.0
2025-03-03,W17,Z2,Streetlight,4,0,71,,,4,1.0
2025-03-10,W17,Z2,Streetlight,11,0,82,,,11,1.0
2025-03-17,W17,Z2,Streetlight,6,0,88,,,6,1.0
2025-03-24,W17,Z2,Streetlight,11,0,99,,,11,1.0
2025-03-31,W17,Z2,Streetlight,11,0,110,,,11,1.0
2025-04-07,W17,Z2,Streetlight,10,0,120,,,10,1.0
2025-04-14,W17,Z2,Streetlight,13,0,133,,,13,1.0
2025-04-21,W17,Z2,Streetlight,8,0,141,,,8,1.0
2025-04-28,W17,Z2,Streetlight,7,0,148,,,7,1.0
2025-05-05,W17,Z2,Streetlight,10,0,158,,,10,1.0
2025-05-12,W17,Z2,Streetlight,13,0,171,,,13,1.0
2025-05-19,W17,Z2,Streetlight,9,0,180,,,9,1.0
2025-05-26,W17,Z2,Streetlight,8,0,188,,,8,1.0
2025-06-02,W17,Z2,Streetlight,0,0,188,,,0,
2025-06-09,W17,Z2,Streetlight,0,0,188,,,0,
2025-06-16,W17,Z2,Streetlight,0,0,188,,,0,
2025-06-23,W17,Z2,Streetlight,0,0,188,,,0,
2024-12-30,W17,Z2,Water Supply,6,0,6,,,6,1.0
2025-01-06,W17,Z2,Water Supply,8,0,14,,,8,1.0
2025-01-13,W17,Z2,Water Supply,9,0,23,,,9,1.0
2025-01-20,W17,Z2,Water Supply,8,0,31,,,8,1.0
2025-01-27,W17,Z2,Water Supply,4,0,35,,,4,1.0
2025-02-03,W17,Z2,Water Supply,8,0,43,,,8,1.0
2025-02-10,W17,Z2,Water Supply,11,0,54,,,11,1.0
2025-02-17,W17,Z2,Water Supply,9,0,63,,,9,1.0
2025-02-24,W17,Z2,Water Supply,6,0,69,,,6,1.0
2025-03-03,W17,Z2,Water Supply,9,0,78,,,9,1.0
2025-03-10,W17,Z2,Water Supply,13,0,91,,,13,1.0
2025-03-17,W17,Z2,Water Supply,12,0,103,,,12,1.0
2025-03-24,W17,Z2,Water Supply,8,0,111,,,8,1.0
2025-03-31,W17,Z2,Water Supply,2,0,113,,,2,1.0
2025-04-07,W17,Z2,Water Supply,14,0,127,,,14,1.0
2025-04-14,W17,Z2,Water Supply,19,0,146,,,19,1.0
2025-04-21,W17,Z2,Water Supply,6,0,152,,,6,1.0
2025-04-28,W17,Z2,Water Supply,5,0,157,,,5,1.0
2025-05-05,W17,Z2,Water Supply,6,0,163,,,6,1.0
2025-05-12,W17,Z2,Water Supply,7,0,170,,,7,1.0
2025-05-19,W17,Z2,Water Supply,8,0,178,,,8,1.0
2025-05-26,W17,Z2,Water Supply,10,0,188,,,10,1.0
2025-06-02,W17,Z2,Water Supply,0,0,188,,,0,
2025-06-09,W17,Z2,Water Supply,0,0,188,,,0,
2025-06-16,W17,Z2,Water Supply,0,0,188,,,0,
2025-06-23,W17,Z2,Water Supply,0,0,188,,,0,
2024-12-30,W18,Z3,Drainage,5,2,3,67.79166666666667,70.11833333333334,0,0.0
2025-01-06,W18,Z3,Drainage,8,6,5,86.11666666666667,115.1,1,0.125
2025-01-13,W18,Z3,Drainage,8,10,3,60.34166666666667,144.33833333333334,0,0.0
2025-01-20,W18,Z3,Drainage,7,6,4,87.075,167.55833333333334,2,0.2857142857142857
2025-01-27,W18,Z3,Drainage,15,11,8,75.4,133.8,3,0.2
2025-02-03,W18,Z3,Drainage,7,11,4,103.95,222.76666666666668,0,0.0
2025-02-10,W18,Z3,Drainage,8,8,4,72.61666666666666,189.6883333333333,2,0.25
2025-02-17,W18,Z3,Drainage,9,6,7,89.23333333333333,169.125,1,0.1111111111111111
2025-02-24,W18,Z3,Drainage,7,9,5,116.71666666666667,190.67000000000002,1,0.14285714285714285
2025-03-03,W18,Z3,Drainage,14,9,10,89.61666666666666,130.91666666666669,1,0.07142857142857142
2025-03-10,W18,Z3,Drainage,8,14,4,96.71666666666667,137.63166666666666,0,0.0
2025-03-17,W18,Z3,Drainage,9,6,7,79.5,237.76666666666665,2,0.2222222222222222
2025-03-24,W18,Z3,Drainage,11,9,9,91.21666666666667,136.25,0,0.0
2025-03-31,W18,Z3,Drainage,10,14,5,87.2,156.99833333333333,2,0.2
2025-04-07,W18,Z3,Drainage,13,10,8,105.225,181.82666666666668,4,0.3076923076923077
2025-04-14,W18,Z3,Drainage,15,15,8,99.68333333333334,209.94,0,0.0
2025-04-21,W18,Z3,Drainage,3,8,3,121.75,196.8733333333333,2,0.6666666666666666
2025-04-28,W18,Z3,Drainage,3,5,1,70.63333333333334,192.46666666666667,1,0.3333333333333333
2025-05-05,W18,Z3,Drainage,7,3,5,35.61666666666667,162.85666666666665,3,0.42857142857142855
2025-05-12,W18,Z3,Drainage,7,6,6,99.775,182.95833333333334,1,0.14285714285714285
2025-05-19,W18,Z3,Drainage,10,12,4,76.63333333333333,233.5766666666667,1,0.1
2025-05-26,W18,Z3,Drainage,3,6,1,104.65,279.90833333333336,1,0.3333333333333333
2025-06-02,W18,Z3,Drainage,0,1,0,173.9,173.9,0,
2025-06-09,W18,Z3,Drainage,0,0,0,,,0,
2025-06-16,W18,Z3,Drainage,0,0,0,,,0,
2025-06-23,W18,Z3,Drainage,0,0,0,,,0,
2024-12-30,W18,Z3,Encroachment,4,0,4,,,4,1.0
2025-01-06,W18,Z3,Encroachment,11,0,15,,,11,1.0
2025-01-13,W18,Z3,Encroachment,8,4,19,318.65,368.70833333333337,7,0.875
2025-01-20,W18,Z3,Encroachment,7,8,18,352.33333333333337,362.60333333333335,6,0.8571428571428571
2025-01-27,W18,Z3,Encroachment,6,9,15,280.5,542.0066666666667,6,1.0
2025-02-03,W18,Z3,Encroachment,11,5,21,391.48333333333335,404.4766666666667,10,0.9090909090909091
2025-02-10,W18,Z3,Encroachment,9,9,21,262.53333333333336,758.4133333333333,9,1.0
2025-02-17,W18,Z3,Encroachment,7,5,23,292.3,349.24666666666667,6,0.8571428571428571
2025-02-24,W18,Z3,Encroachment,8,11,20,403.55,680.2,7,0.875
2025-03-03,W18,Z3,Encroachment,5,11,14,339.46666666666664,594.0333333333333,5,1.0
2025-03-10,W18,Z3,Encroachment,8,9,13,440.68333333333334,955.5533333333335,8,1.0
2025-03-17,W18,Z3,Encroachment,7,3,17,387.45,396.97,7,1.0
2025-03-24,W18,Z3,Encroachment,12,2,27,340.29166666666663,413.725,11,0.9166666666666666
2025-03-31,W18,Z3,Encroachment,9,12,24,260.23333333333335,492.49333333333334,7,0.7777777777777778
2025-04-07,W18,Z3,Encroachment,5,14,15,310.6166666666667,828.1883333333337,5,1.0
2025-04-14,W18,Z3,Encroachment,5,6,14,435.82500000000005,682.0666666666666,5,1.0
2025-04-21,W18,Z3,Encroachment,9,6,17,438.93333333333334,516.65,9,1.0
2025-04-28,W18,Z3,Encroachment,10,5,22,359.3333333333333,1077.7733333333335,10,1.0
2025-05-05,W18,Z3,Encroachment,7,8,21,304.3416666666667,568.2583333333333,6,0.8571428571428571
2025-05-12,W18,Z3,Encroachment,12,15,18,268.3666666666667,623.1666666666665,12,1.0
2025-05-19,W18,Z3,Encroachment,16,6,28,224.85833333333335,459.3083333333333,15,0.9375
2025-05-26,W18,Z3,Encroachment,11,8,31,302.93333333333334,499.5683333333333,9,0.8181818181818182
2025-06-02,W18,Z3,Encroachment,0,18,13,299.57500000000005,604.9566666666669,0,
2025-06-09,W18,Z3,Encroachment,0,8,5,407.32500000000005,583.4966666666667,0,
2025-06-16,W18,Z3,Encroachment,0,1,4,756.2833333333333,756.2833333333333,0,
2025-06-23,W18,Z3,Encroachment,0,2,2,681.3333333333333,758.0533333333333,0,
2024-12-30,W18,Z3,Garbage,6,6,0,21.96666666666667,46.958333333333336,0,0.0
2025-01-06,W18,Z3,Garbage,9,6,3,32.43333333333334,51.025000000000006,0,0.0
2025-01-13,W18,Z3,Garbage,8,9,2,31.25,74.08999999999999,0,0.0
2025-01-20,W18,Z3,Garbage,5,4,3,38.099999999999994,41.15833333333333,0,0.0
2025-01-27,W18,Z3,Garbage,8,9,2,30.45,72.72,0,0.0
2025-02-03,W18,Z3,Garbage,11,10,3,42.55,54.39833333333333,0,0.0
2025-02-10,W18,Z3,Garbage,3,6,0,48.208333333333336,69.375,0,0.0
2025-02-17,W18,Z3,Garbage,12,9,3,27.533333333333335,36.593333333333334,0,0.0
2025-02-24,W18,Z3,Garbage,8,9,2,33.666666666666664,69.58333333333333,0,0.0
2025-03-03,W18,Z3,Garbage,3,5,0,34.21666666666667,51.94,0,0.0
2025-03-10,W18,Z3,Garbage,11,8,3,36.00833333333333,55.76,0,0.0
2025-03-17,W18,Z3,Garbage,10,10,3,28.53333333333333,45.129999999999995,0,0.0
2025-03-24,W18,Z3,Garbage,8,9,2,44.95,66.50333333333334,0,0.0
2025-03-31,W18,Z3,Garbage,10,10,2,29.549999999999997,58.711666666666666,0,0.0
2025-04-07,W18,Z3,Garbage,10,9,3,36.8,49.306666666666665,0,0.0
2025-04-14,W18,Z3,Garbage,12,11,4,35.0,42.3,0,0.0
2025-04-21,W18,Z3,Garbage,9,12,1,28.908333333333335,71.36833333333334,0,0.0
2025-04-28,W18,Z3,Garbage,5,4,2,45.50833333333333,81.83333333333334,0,0.0
2025-05-05,W18,Z3,Garbage,9,8,3,30.608333333333334,52.98,0,0.0
2025-05-12,W18,Z3,Garbage,10,12,1,24.958333333333336,62.96,0,0.0
2025-05-19,W18,Z3,Garbage,8,7,2,30.433333333333334,59.39333333333333,0,0.0
2025-05-26,W18,Z3,Garbage,12,13,1,32.016666666666666,42.763333333333335,0,0.0
2025-06-02,W18,Z3,Garbage,0,1,0,37.583333333333336,37.583333333333336,0,
2025-06-09,W18,Z3,Garbage,0,0,0,,,0,
2025-06-16,W18,Z3,Garbage,0,0,0,,,0,
2025-06-23,W18,Z3,Garbage,0,0,0,,,0,
2024-12-30,W18,Z3,Property Tax,10,2,8,36.016666666666666,44.28333333333333,2,0.2
2025-01-06,W18,Z3,Property Tax,9,11,6,75.86666666666666,155.11666666666667,0,0.0
2025-01-13,W18,Z3,Property Tax,9,10,5,83.21666666666667,162.4283333333333,1,0.1111111111111111
2025-01-20,W18,Z3,Property Tax,13,14,4,75.34166666666667,144.87166666666675,0,0.0
2025-01-27,W18,Z3,Property Tax,4,7,1,66.86666666666666,80.09,0,0.0
2025-02-03,W18,Z3,Property Tax,11,5,7,51.85,103.87666666666667,1,0.09090909090909091
2025-02-10,W18,Z3,Property Tax,9,13,3,57.9,153.11,1,0.1111111111111111
2025-02-17,W18,Z3,Property Tax,9,7,5,102.1,167.04333333333332,0,0.0
2025-02-24,W18,Z3,Property Tax,10,12,3,77.90833333333333,111.70833333333333,0,0.0
2025-03-03,W18,Z3,Property Tax,6,7,2,74.56666666666666,98.22,1,0.16666666666666666
2025-03-10,W18,Z3,Property Tax,8,7,3,98.31666666666666,129.73666666666668,1,0.125
2025-03-17,W18,Z3,Property Tax,16,12,7,57.025,118.90833333333333,0,0.0
2025-03-24,W18,Z3,Property Tax,9,11,5,68.08333333333333,103.91666666666667,1,0.1111111111111111
2025-03-31,W18,Z3,Property Tax,7,8,4,78.26666666666667,130.89333333333335,0,0.0
2025-04-07,W18,Z3,Property Tax,4,7,1,66.0,131.1566666666667,0,0.0
2025-04-14,W18,Z3,Property Tax,13,7,7,40.28333333333333,83.34,0,0.0
2025-04-21,W18,Z3,Property Tax,6,11,2,102.81666666666666,150.05,0,0.0
2025-04-28,W18,Z3,Property Tax,7,6,3,51.725,71.76666666666667,0,0.0
2025-05-05,W18,Z3,Property Tax,6,7,2,104.7,125.59,1,0.16666666666666666
2025-05-12,W18,Z3,Property Tax,10,10,2,62.291666666666664,108.27666666666663,1,0.1
2025-05-19,W18,Z3,Property Tax,6,7,1,65.8,121.6866666666667,1,0.16666666666666666
2025-05-26,W18,Z3,Property Tax,6,2,5,41.84166666666667,48.48833333333333,1,0.16666666666666666
2025-06-02,W18,Z3,Property Tax,0,5,0,107.58333333333333,196.97,0,
2025-06-09,W18,Z3,Property Tax,0,0,0,,,0,
2025-06-16,W18,Z3,Property Tax,0,0,0,,,0,
2025-06-23,W18,Z3,Property Tax,0,0,0,,,0,
2024-12-30,W18,Z3,Road Repair,9,1,8,110.91666666666667,110.91666666666667,4,0.4444444444444444
2025-01-06,W18,Z3,Road Repair,10,6,12,133.03333333333333,178.475,6,0.6
2025-01-13,W18,Z3,Road Repair,14,8,18,148.45,268.02,10,0.7142857142857143
2025-01-20,W18,Z3,Road Repair,6,10,14,280.325,379.90166666666664,5,0.8333333333333334
2025-01-27,W18,Z3,Road Repair,4,9,9,286.01666666666665,425.0666666666667,3,0.75
2025-02-03,W18,Z3,Road Repair,8,4,13,373.15,595.4416666666667,6,0.75
2025-02-10,W18,Z3,Road Repair,11,9,15,310.96666666666664,498.1766666666667,8,0.7272727272727273
2025-02-17,W18,Z3,Road Repair,4,8,11,233.11666666666667,342.9616666666667,4,1.0
2025-02-24,W18,Z3,Road Repair,7,9,9,303.21666666666664,518.01,5,0.7142857142857143
2025-03-03,W18,Z3,Road Repair,4,4,9,279.35833333333335,292.68,3,0.75
2025-03-10,W18,Z3,Road Repair,10,7,12,220.1,488.0366666666667,8,0.8
2025-03-17,W18,Z3,Road Repair,5,5,12,133.4,300.4266666666667,2,0.4
2025-03-24,W18,Z3,Road Repair,9,8,13,359.15,533.8316666666666,8,0.8888888888888888
2025-03-31,W18,Z3,Road Repair,7,7,13,221.35,450.7800000000001,4,0.5714285714285714
2025-04-07,W18,Z3,Road Repair,7,8,12,258.66666666666663,703.7683333333332,7,1.0
2025-04-14,W18,Z3,Road Repair,8,8,12,277.3666666666667,386.65166666666664,4,0.5
2025-04-21,W18,Z3,Road Repair,10,6,16,232.825,365.125,9,0.9
2025-04-28,W18,Z3,Road Repair,12,15,13,242.13333333333333,535.0133333333333,5,0.4166666666666667
2025-05-05,W18,Z3,Road Repair,13,10,16,205.88333333333333,269.815,6,0.46153846153846156
2025-05-12,W18,Z3,Road Repair,8,10,14,150.78333333333333,370.3266666666666,8,1.0
2025-05-19,W18,Z3,Road Repair,12,7,19,280.3333333333333,542.2066666666667,12,1.0
2025-05-26,W18,Z3,Road Repair,10,7,22,235.63333333333333,417.5966666666667,9,0.9
2025-06-02,W18,Z3,Road Repair,0,14,8,300.4083333333333,471.2633333333334,0,
2025-06-09,W18,Z3,Road Repair,0,5,3,301.1,585.1833333333334,0,
2025-06-16,W18,Z3,Road Repair,0,2,1,845.2249999999999,982.885,0,
2025-06-23,W18,Z3,Road Repair,0,1,0,638.55,638.55,0,
2024-12-30,W18,Z3,Stray Animals,8,8,0,11.925,29.48333333333333,0,0.0
2025-01-06,W18,Z3,Stray Animals,4,3,1,7.333333333333333,7.373333333333334,0,0.0
2025-01-13,W18,Z3,Stray Animals,7,8,0,14.108333333333334,16.55333333333333,0,0.0
2025-01-20,W18,Z3,Stray Animals,7,6,1,15.175,18.158333333333335,0,0.0
2025-01-27,W18,Z3,Stray Animals,9,10,0,11.558333333333334,24.591666666666665,0,0.0
2025-02-03,W18,Z3,Stray Animals,8,5,3,11.333333333333334,18.47,0,0.0
2025-02-10,W18,Z3,Stray Animals,14,14,3,14.0,34.906666666666666,0,0.0
2025-02-17,W18,Z3,Stray Animals,10,12,1,11.883333333333333,29.025000000000002,0,0.0
2025-02-24,W18,Z3,Stray Animals,14,14,1,11.375,18.533333333333335,0,0.0
2025-03-03,W18,Z3,Stray Animals,9,9,1,12.483333333333333,19.439999999999998,0,0.0
2025-03-10,W18,Z3,Stray Animals,10,10,1,11.7,21.43833333333333,0,0.0
2025-03-17,W18,Z3,Stray Animals,6,7,0,18.066666666666666,26.916666666666668,0,0.0
2025-03-24,W18,Z3,Stray Animals,12,12,0,12.508333333333333,19.79,0,0.0
2025-03-31,W18,Z3,Stray Animals,7,7,0,10.233333333333333,35.31333333333334,0,0.0
2025-04-07,W18,Z3,Stray Animals,12,12,0,13.733333333333334,19.958333333333332,0,0.0
2025-04-14,W18,Z3,Stray Animals,6,6,0,21.391666666666666,30.258333333333333,0,0.0
2025-04-21,W18,Z3,Stray Animals,6,5,1,13.533333333333333,32.21666666666667,0,0.0
2025-04-28,W18,Z3,Stray Animals,9,9,1,8.633333333333333,17.23666666666667,0,0.0
2025-05-05,W18,Z3,Stray Animals,9,10,0,7.875,33.52166666666666,0,0.0
2025-05-12,W18,Z3,Stray Animals,7,7,0,16.333333333333332,29.740000000000002,0,0.0
2025-05-19,W18,Z3,Stray Animals,6,5,1,16.116666666666667,22.53,0,0.0
2025-05-26,W18,Z3,Stray Animals,7,8,0,13.55,21.893333333333334,0,0.0
2025-06-02,W18,Z3,Stray Animals,0,0,0,,,0,
2025-06-09,W18,Z3,Stray Animals,0,0,0,,,0,
2025-06-16,W18,Z3,Stray Animals,0,0,0,,,0,
2025-06-23,W18,Z3,Stray Animals,0,0,0,,,0,
2024-12-30,W18,Z3,Streetlight,4,4,0,13.608333333333334,20.865000000000002,0,0.0
2025-01-06,W18,Z3,Streetlight,8,7,1,12.466666666666667,24.400000000000002,0,0.0
2025-01-13,W18,Z3,Streetlight,8,8,1,14.466666666666669,25.023333333333333,0,0.0
2025-01-20,W18,Z3,Streetlight,10,10,1,24.28333333333333,45.281666666666666,0,0.0
2025-01-27,W18,Z3,Streetlight,8,9,0,12.666666666666666,32.55333333333334,0,0.0
2025-02-03,W18,Z3,Streetlight,8,6,2,17.7,30.475,0,0.0
2025-02-10,W18,Z3,Streetlight,8,9,1,21.633333333333333,31.226666666666667,0,0.0
2025-02-17,W18,Z3,Streetlight,10,8,3,17.075,26.431666666666665,0,0.0
2025-02-24,W18,Z3,Streetlight,8,11,0,19.816666666666666,36.3,0,0.0
2025-03-03,W18,Z3,Streetlight,11,8,3,24.733333333333334,35.42333333333333,0,0.0
2025-03-10,W18,Z3,Streetlight,10,12,1,16.558333333333334,31.638333333333332,0,0.0
2025-03-17,W18,Z3,Streetlight,9,9,1,22.266666666666666,37.88,0,0.0
2025-03-24,W18,Z3,Streetlight,9,6,4,17.225,42.83333333333333,0,0.0
2025-03-31,W18,Z3,Streetlight,9,11,2,25.883333333333333,36.81666666666667,0,0.0
2025-04-07,W18,Z3,Streetlight,8,10,0,17.275,48.658333333333324,0,0.0
2025-04-14,W18,Z3,Streetlight,7,7,0,17.466666666666665,34.64000000000001,0,0.0
2025-04-21,W18,Z3,Streetlight,8,7,1,14.133333333333333,19.043333333333337,0,0.0
2025-04-28,W18,Z3,Streetlight,13,9,5,17.316666666666666,22.82,0,0.0
2025-05-05,W18,Z3,Streetlight,10,14,1,17.683333333333334,37.70833333333336,0,0.0
2025-05-12,W18,Z3,Streetlight,9,8,2,10.5,19.186666666666667,0,0.0
2025-05-19,W18,Z3,Streetlight,7,6,3,26.65,41.18333333333334,0,0.0
2025-05-26,W18,Z3,Streetlight,6,9,0,22.683333333333334,53.650000000000006,0,0.0
2025-06-02,W18,Z3,Streetlight,0,0,0,,,0,
2025-06-09,W18,Z3,Streetlight,0,0,0,,,0,
2025-06-16,W18,Z3,Streetlight,0,0,0,,,0,
2025-06-23,W18,Z3,Streetlight,0,0,0,,,0,
2024-12-30,W18,Z3,Water Supply,10,6,4,30.883333333333333,42.983333333333334,0,0.0
2025-01-06,W18,Z3,Water Supply,6,8,2,49.525,78.64666666666666,0,0.0
2025-01-13,W18,Z3,Water Supply,4,5,1,36.53333333333333,79.68,0,0.0
2025-01-20,W18,Z3,Water Supply,6,4,3,39.21666666666667,91.14666666666668,0,0.0
2025-01-27,W18,Z3,Water Supply,6,5,4,61.266666666666666,118.69666666666667,1,0.16666666666666666
2025-02-03,W18,Z3,Water Supply,7,10,1,50.975,86.07166666666663,0,0.0
2025-02-10,W18,Z3,Water Supply,12,8,5,27.625,77.57333333333332,0,0.0
2025-02-17,W18,Z3,Water Supply,12,14,3,52.7,91.70333333333333,0,0.0
2025-02-24,W18,Z3,Water Supply,13,13,3,40.6,97.19333333333334,0,0.0
2025-03-03,W18,Z3,Water Supply,7,8,2,39.483333333333334,127.10666666666665,0,0.0
2025-03-10,W18,Z3,Water Supply,5,5,2,47.2,66.48,0,0.0
2025-03-17,W18,Z3,Water Supply,11,10,3,64.58333333333334,119.11666666666665,0,0.0
2025-03-24,W18,Z3,Water Supply,7,9,1,49.45,90.81666666666668,0,0.0
2025-03-31,W18,Z3,Water Supply,6,4,3,41.725,64.26,0,0.0
2025-04-07,W18,Z3,Water Supply,8,8,3,59.83333333333333,79.26833333333333,0,0.0
2025-04-14,W18,Z3,Water Supply,7,7,3,71.95,86.33,0,0.0
2025-04-21,W18,Z3,Water Supply,13,10,6,48.916666666666664,87.67666666666665,0,0.0
2025-04-28,W18,Z3,Water Supply,10,15,1,57.86666666666667,112.69666666666666,0,0.0
2025-05-05,W18,Z3,Water Supply,15,11,5,48.06666666666667,60.96666666666667,0,0.0
2025-05-12,W18,Z3,Water Supply,4,8,1,73.48333333333333,113.225,0,0.0
2025-05-19,W18,Z3,Water Supply,12,10,3,36.475,68.42500000000001,0,0.0
2025-05-26,W18,Z3,Water Supply,7,10,0,42.25,101.19166666666666,0,0.0
2025-06-02,W18,Z3,Water Supply,0,0,0,,,0,
2025-06-09,W18,Z3,Water Supply,0,0,0,,,0,
2025-06-16,W18,Z3,Water Supply,0,0,0,,,0,
2025-06-23,W18,Z3,Water Supply,0,0,0,,,0,
2024-12-30,W19,Z4,Drainage,6,3,3,86.45,90.67666666666666,2,0.3333333333333333
2025-01-06,W19,Z4,Drainage,7,4,6,75.05833333333334,142.7766666666667,3,0.42857142857142855
2025-01-13,W19,Z4,Drainage,6,8,4,169.83333333333334,239.23499999999999,2,0.3333333333333333
2025-01-20,W19,Z4,Drainage,5,3,6,136.73333333333332,139.21333333333334,2,0.4
2025-01-27,W19,Z4,Drainage,9,7,8,88.76666666666667,195.09333333333333,3,0.3333333333333333
2025-02-03,W19,Z4,Drainage,9,9,8,142.33333333333334,377.80666666666673,1,0.1111111111111111
2025-02-10,W19,Z4,Drainage,9,10,7,118.08333333333333,190.73499999999999,1,0.1111111111111111
2025-02-17,W19,Z4,Drainage,11,13,5,77.25,181.78,3,0.2727272727272727
2025-02-24,W19,Z4,Drainage,8,6,7,91.15833333333333,227.23333333333332,0,0.0
2025-03-03,W19,Z4,Drainage,7,9,5,92.85,166.8766666666667,0,0.0
2025-03-10,W19,Z4,Drainage,7,11,1,60.4,135.51666666666668,1,0.14285714285714285
2025-03-17,W19,Z4,Drainage,5,2,4,122.35,172.96333333333334,1,0.2
2025-03-24,W19,Z4,Drainage,11,11,4,73.18333333333334,140.8,2,0.18181818181818182
2025-03-31,W19,Z4,Drainage,12,12,4,97.82499999999999,170.46,2,0.16666666666666666
2025-04-07,W19,Z4,Drainage,8,8,4,76.70833333333334,196.75833333333333,1,0.125
2025-04-14,W19,Z4,Drainage,18,7,15,110.11666666666666,151.88666666666666,4,0.2222222222222222
2025-04-21,W19,Z4,Drainage,13,20,8,103.31666666666666,212.99500000000006,2,0.15384615384615385
2025-04-28,W19,Z4,Drainage,4,10,2,91.1,263.70666666666665,2,0.5
2025-05-05,W19,Z4,Drainage,6,4,4,125.19166666666668,207.94,2,0.3333333333333333
2025-05-12,W19,Z4,Drainage,8,9,3,111.33333333333333,225.72000000000003,1,0.125
2025-05-19,W19,Z4,Drainage,8,5,6,94.93333333333334,126.62333333333333,2,0.25
2025-05-26,W19,Z4,Drainage,10,9,7,83.93333333333334,189.03333333333333,2,0.2
2025-06-02,W19,Z4,Drainage,0,7,0,139.88333333333333,293.2900000000001,0,
2025-06-09,W19,Z4,Drainage,0,0,0,,,0,
2025-06-16,W19,Z4,Drainage,0,0,0,,,0,
2025-06-23,W19,Z4,Drainage,0,0,0,,,0,
2024-12-30,W19,Z4,Encroachment,10,0,10,,,8,0.8
2025-01-06,W19,Z4,Encroachment,8,2,16,167.10833333333332,167.60833333333332,7,0.875
2025-01-13,W19,Z4,Encroachment,12,7,21,239.81666666666666,354.3933333333334,12,1.0
2025-01-20,W19,Z4,Encroachment,7,8,20,259.05,432.07166666666666,7,1.0
2025-01-27,W19,Z4,Encroachment,6,4,22,344.69166666666666,370.08166666666665,6,1.0
2025-02-03,W19,Z4,Encroachment,6,7,21,453.4,712.1033333333335,5,0.8333333333333334
2025-02-10,W19,Z4,Encroachment,10,12,19,503.04999999999995,836.0933333333334,10,1.0
2025-02-17,W19,Z4,Encroachment,12,2,29,574.7333333333333,650.1733333333333,9,0.75
2025-02-24,W19,Z4,Encroachment,6,11,24,292.23333333333335,452.2,6,1.0
2025-03-03,W19,Z4,Encroachment,8,5,27,550.4833333333333,865.1666666666667,5,0.625
2025-03-10,W19,Z4,Encroachment,8,13,22,425.53333333333336,793.8933333333335,6,0.75
2025-03-17,W19,Z4,Encroachment,7,12,17,542.5,823.0333333333334,7,1.0
2025-03-24,W19,Z4,Encroachment,11,5,23,526.35,690.55,9,0.8181818181818182
2025-03-31,W19,Z4,Encroachment,8,11,20,271.93333333333334,1078.45,8,1.0
2025-04-07,W19,Z4,Encroachment,4,7,17,349.46666666666664,625.0566666666667,3,0.75
2025-04-14,W19,Z4,Encroachment,11,11,17,392.3333333333333,630.3166666666667,11,1.0
2025-04-21,W19,Z4,Encroachment,12,5,24,292.6666666666667,663.9133333333334,10,0.8333333333333334
2025-04-28,W19,Z4,Encroachment,16,4,36,440.7833333333333,662.255,15,0.9375
2025-05-05,W19,Z4,Encroachment,8,17,27,374.1333333333333,534.0533333333333,8,1.0
2025-05-12,W19,Z4,Encroachment,9,8,28,378.2583333333333,769.9399999999999,8,0.8888888888888888
2025-05-19,W19,Z4,Encroachment,4,15,17,343.8666666666667,503.04,4,1.0
2025-05-26,W19,Z4,Encroachment,4,11,10,313.6666666666667,881.85,4,1.0
2025-06-02,W19,Z4,Encroachment,0,2,8,250.31666666666666,258.37,0,
2025-06-09,W19,Z4,Encroachment,0,6,2,787.3833333333334,1163.25,0,
2025-06-16,W19,Z4,Encroachment,0,1,1,445.2,445.2,0,
2025-06-23,W19,Z4,Encroachment,0,1,0,1524.5166666666667,1524.5166666666667,0,
2024-12-30,W19,Z4,Garbage,5,2,3,46.0,48.08,0,0.0
2025-01-06,W19,Z4,Garbage,11,12,2,25.241666666666667,64.12166666666667,0,0.0
2025-01-13,W19,Z4,Garbage,14,12,4,46.95,61.99333333333333,0,0.0
2025-01-20,W19,Z4,Garbage,10,14,0,28.733333333333334,104.46833333333339,0,0.0
2025-01-27,W19,Z4,Garbage,7,5,2,48.266666666666666,62.126666666666665,0,0.0
2025-02-03,W19,Z4,Garbage,11,10,3,26.725,43.47333333333332,0,0.0
2025-02-10,W19,Z4,Garbage,6,9,0,32.333333333333336,54.89000000000001,0,0.0
2025-02-17,W19,Z4,Garbage,8,5,3,29.033333333333335,71.71666666666667,1,0.125
2025-02-24,W19,Z4,Garbage,9,8,4,37.43333333333334,47.72333333333333,0,0.0
2025-03-03,W19,Z4,Garbage,8,10,2,38.85,82.45499999999996,0,0.0
2025-03-10,W19,Z4,Garbage,9,10,1,28.766666666666666,70.90166666666666,0,0.0
2025-03-17,W19,Z4,Garbage,11,11,1,26.166666666666668,55.06666666666667,0,0.0
2025-03-24,W19,Z4,Garbage,5,5,1,48.71666666666667,62.123333333333335,0,0.0
2025-03-31,W19,Z4,Garbage,8,7,2,30.15,80.15333333333336,0,0.0
2025-04-07,W19,Z4,Garbage,7,8,1,35.45,47.361666666666665,0,0.0
2025-04-14,W19,Z4,Garbage,7,6,2,24.483333333333334,97.58333333333334,0,0.0
2025-04-21,W19,Z4,Garbage,9,9,2,25.716666666666665,40.03666666666667,0,0.0
2025-04-28,W19,Z4,Garbage,9,11,0,38.733333333333334,50.916666666666664,0,0.0
2025-05-05,W19,Z4,Garbage,7,5,2,32.61666666666667,43.260000000000005,0,0.0
2025-05-12,W19,Z4,Garbage,12,10,4,33.79166666666667,66.10666666666665,0,0.0
2025-05-19,W19,Z4,Garbage,8,11,1,24.783333333333335,45.53333333333333,0,0.0
2025-05-26,W19,Z4,Garbage,6,7,0,22.383333333333333,49.70000000000001,0,0.0
2025-06-02,W19,Z4,Garbage,0,0,0,,,0,
2025-06-09,W19,Z4,Garbage,0,0,0,,,0,
2025-06-16,W19,Z4,Garbage,0,0,0,,,0,
2025-06-23,W19,Z4,Garbage,0,0,0,,,0,
2024-12-30,W19,Z4,Property Tax,5,2,3,68.71666666666667,103.18333333333334,0,0.0
2025-01-06,W19,Z4,Property Tax,12,5,10,91.23333333333333,100.84666666666666,2,0.16666666666666666
2025-01-13,W19,Z4,Property Tax,4,10,4,120.8,185.19,2,0.5
2025-01-20,W19,Z4,Property Tax,11,10,5,88.06666666666666,138.75666666666663,0,0.0
2025-01-27,W19,Z4,Property Tax,10,10,5,73.0,123.00999999999993,0,0.0
2025-02-03,W19,Z4,Property Tax,11,12,4,69.3,129.80666666666667,1,0.09090909090909091
2025-02-10,W19,Z4,Property Tax,6,5,5,90.15,151.19,0,0.0
2025-02-17,W19,Z4,Property Tax,10,9,6,77.8,112.19000000000001,0,0.0
2025-02-24,W19,Z4,Property Tax,8,10,4,64.74166666666666,89.94999999999999,0,0.0
2025-03-03,W19,Z4,Property Tax,12,11,5,70.95,115.06666666666666,1,0.08333333333333333
2025-03-10,W19,Z4,Property Tax,8,9,4,90.13333333333334,159.28000000000003,1,0.125
2025-03-17,W19,Z4,Property Tax,8,7,5,103.05,181.50333333333336,1,0.125
2025-03-24,W19,Z4,Property Tax,10,9,6,63.416666666666664,129.1,0,0.0
2025-03-31,W19,Z4,Property Tax,5,9,2,73.6,161.77333333333337,0,0.0
2025-04-07,W19,Z4,Property Tax,9,9,2,75.58333333333333,125.29333333333334,0,0.0
2025-04-14,W19,Z4,Property Tax,9,6,5,48.483333333333334,92.4,1,0.1111111111111111
2025-04-21,W19,Z4,Property Tax,7,8,4,65.74166666666667,111.61666666666666,1,0.14285714285714285
2025-04-28,W19,Z4,Property Tax,8,7,5,73.31666666666666,168.98333333333335,1,0.125
2025-05-05,W19,Z4,Property Tax,9,9,5,117.23333333333333,195.21,0,0.0
2025-05-12,W19,Z4,Property Tax,10,11,4,65.38333333333334,120.88333333333334,2,0.2
2025-05-19,W19,Z4,Property Tax,10,7,7,65.81666666666666,146.76333333333338,1,0.1
2025-05-26,W19,Z4,Property Tax,6,9,4,80.45,180.44,2,0.3333333333333333
2025-06-02,W19,Z4,Property Tax,0,3,1,172.01666666666668,190.29666666666668,0,
2025-06-09,W19,Z4,Property Tax,0,1,0,246.45,246.45,0,
2025-06-16,W19,Z4,Property Tax,0,0,0,,,0,
2025-06-23,W19,Z4,Property Tax,0,0,0,,,0,
2024-12-30,W19,Z4,Road Repair,8,0,8,,,6,0.75
2025-01-06,W19,Z4,Road Repair,9,2,15,109.19166666666666,142.71833333333333,8,0.8888888888888888
2025-01-13,W19,Z4,Road Repair,7,10,12,220.10833333333332,359.225,4,0.5714285714285714
2025-01-20,W19,Z4,Road Repair,9,6,15,183.675,379.26666666666665,6,0.6666666666666666
2025-01-27,W19,Z4,Road Repair,11,9,17,212.85,501.28000000000003,9,0.8181818181818182
2025-02-03,W19,Z4,Road Repair,8,7,18,263.3,354.9233333333334,8,1.0
2025-02-10,W19,Z4,Road Repair,6,10,14,284.42499999999995,735.8416666666666,4,0.6666666666666666
2025-02-17,W19,Z4,Road Repair,3,6,11,267.26666666666665,393.7,3,1.0
2025-02-24,W19,Z4,Road Repair,7,8,10,379.675,549.23,7,1.0
2025-03-03,W19,Z4,Road Repair,8,5,13,110.05,288.84000000000003,3,0.375
2025-03-10,W19,Z4,Road Repair,3,7,9,292.0,395.85666666666674,2,0.6666666666666666
2025-03-17,W19,Z4,Road Repair,7,5,11,334.2,656.22,5,0.7142857142857143
2025-03-24,W19,Z4,Road Repair,10,4,17,236.75833333333333,375.09000000000003,8,0.8
2025-03-31,W19,Z4,Road Repair,14,10,21,180.21666666666667,340.08833333333325,12,0.8571428571428571
2025-04-07,W19,Z4,Road Repair,6,7,20,205.36666666666667,520.0,5,0.8333333333333334
2025-04-14,W19,Z4,Road Repair,8,7,21,315.1166666666667,482.56000000000006,6,0.75
2025-04-21,W19,Z4,Road Repair,9,16,14,424.3833333333333,719.925,7,0.7777777777777778
2025-04-28,W19,Z4,Road Repair,9,9,14,214.11666666666667,454.9166666666667,6,0.6666666666666666
2025-05-05,W19,Z4,Road Repair,7,9,12,183.96666666666667,419.37333333333333,5,0.7142857142857143
2025-05-12,W19,Z4,Road Repair,10,6,16,208.10833333333335,290.68333333333334,6,0.6
2025-05-19,W19,Z4,Road Repair,12,8,20,181.25833333333333,372.54166666666663,11,0.9166666666666666
2025-05-26,W19,Z4,Road Repair,17,12,25,278.325,931.2533333333336,14,0.8235294117647058
2025-06-02,W19,Z4,Road Repair,0,12,13,241.21666666666667,425.4216666666667,0,
2025-06-09,W19,Z4,Road Repair,0,9,4,351.1166666666667,503.16333333333336,0,
2025-06-16,W19,Z4,Road Repair,0,4,0,581.675,671.8866666666667,0,
2025-06-23,W19,Z4,Road Repair,0,0,0,,,0,
2024-12-30,W19,Z4,Stray Animals,5,5,0,8.25,9.696666666666667,0,0.0
2025-01-06,W19,Z4,Stray Animals,2,2,0,12.649999999999999,15.29,0,0.0
2025-01-13,W19,Z4,Stray Animals,13,12,1,10.933333333333334,15.063333333333333,0,0.0
2025-01-20,W19,Z4,Stray Animals,6,7,0,7.35,30.0,0,0.0
2025-01-27,W19,Z4,Stray Animals,9,9,0,17.383333333333333,24.920000000000005,0,0.0
2025-02-03,W19,Z4,Stray Animals,7,5,2,10.133333333333333,22.243333333333332,0,0.0
2025-02-10,W19,Z4,Stray Animals,8,9,1,8.566666666666666,24.383333333333333,0,0.0
2025-02-17,W19,Z4,Stray Animals,4,5,0,8.233333333333333,12.069999999999999,0,0.0
2025-02-24,W19,Z4,Stray Animals,10,10,0,11.283333333333335,20.474999999999998,0,0.0
2025-03-03,W19,Z4,Stray Animals,6,6,0,18.866666666666667,20.90833333333333,0,0.0
2025-03-10,W19,Z4,Stray Animals,8,8,0,11.491666666666667,24.936666666666664,0,0.0
2025-03-17,W19,Z4,Stray Animals,18,16,2,10.391666666666666,21.975,0,0.0
2025-03-24,W19,Z4,Stray Animals,9,10,1,10.325,15.57666666666666,0,0.0
2025-03-31,W19,Z4,Stray Animals,11,11,1,12.366666666666667,17.55,0,0.0
2025-04-07,W19,Z4,Stray Animals,12,11,2,10.3,21.1,0,0.0
2025-04-14,W19,Z4,Stray Animals,6,7,1,16.166666666666668,30.74,0,0.0
2025-04-21,W19,Z4,Stray Animals,11,10,2,13.983333333333334,22.008333333333333,0,0.0
2025-04-28,W19,Z4,Stray Animals,9,11,0,11.666666666666666,20.733333333333334,0,0.0
2025-05-05,W19,Z4,Stray Animals,6,5,1,8.45,39.120000000000005,0,0.0
2025-05-12,W19,Z4,Stray Animals,10,11,0,17.983333333333334,31.516666666666666,0,0.0
2025-05-19,W19,Z4,Stray Animals,8,8,0,11.091666666666667,16.788333333333334,0,0.0
2025-05-26,W19,Z4,Stray Animals,9,9,0,15.133333333333333,22.42666666666667,0,0.0
2025-06-02,W19,Z4,Stray Animals,0,0,0,,,0,
2025-06-09,W19,Z4,Stray Animals,0,0,0,,,0,
2025-06-16,W19,Z4,Stray Animals,0,0,0,,,0,
2025-06-23,W19,Z4,Stray Animals,0,0,0,,,0,
2024-12-30,W19,Z4,Streetlight,4,2,2,10.966666666666667,11.446666666666667,0,0.0
2025-01-06,W19,Z4,Streetlight,7,7,2,12.5,31.846666666666668,0,0.0
2025-01-13,W19,Z4,Streetlight,10,10,2,26.31666666666667,49.19333333333333,0,0.0
2025-01-20,W19,Z4,Streetlight,12,12,2,18.458333333333336,31.53,0,0.0
2025-01-27,W19,Z4,Streetlight,12,12,2,15.808333333333334,25.42166666666667,0,0.0
2025-02-03,W19,Z4,Streetlight,6,4,4,15.183333333333334,19.95,0,0.0
2025-02-10,W19,Z4,Streetlight,5,9,0,15.066666666666666,27.213333333333335,0,0.0
2025-02-17,W19,Z4,Streetlight,9,8,1,18.083333333333336,33.843333333333334,0,0.0
2025-02-24,W19,Z4,Streetlight,13,12,2,23.65,48.24833333333334,0,0.0
2025-03-03,W19,Z4,Streetlight,12,12,2,24.183333333333334,44.27,0,0.0
2025-03-10,W19,Z4,Streetlight,14,14,2,23.858333333333334,56.948333333333345,0,0.0
2025-03-17,W19,Z4,Streetlight,15,17,0,18.666666666666668,29.88,0,0.0
2025-03-24,W19,Z4,Streetlight,10,8,2,15.858333333333334,23.68333333333333,0,0.0
2025-03-31,W19,Z4,Streetlight,8,10,0,26.25,53.86333333333334,0,0.0
2025-04-07,W19,Z4,Streetlight,8,8,0,22.65,29.60333333333333,0,0.0
2025-04-14,W19,Z4,Streetlight,4,4,0,12.833333333333332,17.501666666666665,0,0.0
2025-04-21,W19,Z4,Streetlight,10,10,0,17.433333333333334,21.439999999999998,0,0.0
2025-04-28,W19,Z4,Streetlight,6,5,1,18.633333333333333,26.303333333333335,0,0.0
2025-05-05,W19,Z4,Streetlight,10,8,3,18.875,30.418333333333333,0,0.0
2025-05-12,W19,Z4,Streetlight,5,7,1,23.216666666666665,30.59,0,0.0
2025-05-19,W19,Z4,Streetlight,5,4,2,23.683333333333334,68.03333333333335,0,0.0
2025-05-26,W19,Z4,Streetlight,3,5,0,40.78333333333333,60.86333333333334,0,0.0
2025-06-02,W19,Z4,Streetlight,0,0,0,,,0,
2025-06-09,W19,Z4,Streetlight,0,0,0,,,0,
2025-06-16,W19,Z4,Streetlight,0,0,0,,,0,
2025-06-23,W19,Z4,Streetlight,0,0,0,,,0,
2024-12-30,W19,Z4,Water Supply,5,2,3,17.05,18.903333333333336,0,0.0
2025-01-06,W19,Z4,Water Supply,9,9,3,32.81666666666667,89.29,1,0.1111111111111111
2025-01-13,W19,Z4,Water Supply,3,6,0,58.9,124.45833333333334,0,0.0
2025-01-20,W19,Z4,Water Supply,14,10,4,35.75,62.995,0,0.0
2025-01-27,W19,Z4,Water Supply,9,9,4,37.05,65.63333333333334,0,0.0
2025-02-03,W19,Z4,Water Supply,4,8,0,45.43333333333334,101.505,0,0.0
2025-02-10,W19,Z4,Water Supply,13,4,9,54.96666666666667,58.75,1,0.07692307692307693
2025-02-17,W19,Z4,Water Supply,10,17,2,67.28333333333333,128.36,0,0.0
2025-02-24,W19,Z4,Water Supply,8,8,2,48.483333333333334,96.28,0,0.0
2025-03-03,W19,Z4,Water Supply,12,11,3,40.45,129.41666666666666,0,0.0
2025-03-10,W19,Z4,Water Supply,11,10,4,47.36666666666667,97.19999999999997,0,0.0
2025-03-17,W19,Z4,Water Supply,6,9,1,69.16666666666667,94.43666666666667,0,0.0
2025-03-24,W19,Z4,Water Supply,6,6,1,59.56666666666667,101.19166666666666,0,0.0
2025-03-31,W19,Z4,Water Supply,4,2,3,61.63333333333334,70.04666666666668,1,0.25
2025-04-07,W19,Z4,Water Supply,7,8,2,55.20833333333333,141.24166666666665,0,0.0
2025-04-14,W19,Z4,Water Supply,11,5,8,19.45,79.64333333333333,0,0.0
2025-04-21,W19,Z4,Water Supply,14,14,8,49.78333333333333,93.55833333333337,0,0.0
2025-04-28,W19,Z4,Water Supply,7,13,2,39.63333333333333,93.41333333333336,0,0.0
2025-05-05,W19,Z4,Water Supply,7,7,2,50.583333333333336,83.17,0,0.0
2025-05-12,W19,Z4,Water Supply,10,8,4,41.85,66.575,0,0.0
2025-05-19,W19,Z4,Water Supply,12,13,3,34.78333333333333,139.16000000000003,0,0.0
2025-05-26,W19,Z4,Water Supply,6,7,2,44.11666666666667,120.31333333333336,0,0.0
2025-06-02,W19,Z4,Water Supply,0,2,0,67.4,68.05333333333334,0,
2025-06-09,W19,Z4,Water Supply,0,0,0,,,0,
2025-06-16,W19,Z4,Water Supply,0,0,0,,,0,
2025-06-23,W19,Z4,Water Supply,0,0,0,,,0,
2024-12-30,W20,Z0,Drainage,7,2,5,73.78333333333333,83.22333333333333,2,0.2857142857142857
2025-01-06,W20,Z0,Drainage,5,8,2,67.24166666666667,176.90166666666664,0,0.0
2025-01-13,W20,Z0,Drainage,11,6,7,76.03333333333333,215.0,2,0.18181818181818182
2025-01-20,W20,Z0,Drainage,6,9,4,86.3,138.22333333333336,0,0.0
2025-01-27,W20,Z0,Drainage,9,9,4,67.3,173.17000000000002,0,0.0
2025-02-03,W20,Z0,Drainage,8,6,6,92.76666666666667,115.58333333333333,3,0.375
2025-02-10,W20,Z0,Drainage,12,9,9,77.46666666666667,127.96666666666667,2,0.16666666666666666
2025-02-17,W20,Z0,Drainage,6,11,4,73.88333333333334,258.98333333333335,0,0.0
2025-02-24,W20,Z0,Drainage,7,5,6,111.0,252.55,1,0.14285714285714285
2025-03-03,W20,Z0,Drainage,9,10,5,75.69166666666666,144.065,2,0.2222222222222222
2025-03-10,W20,Z0,Drainage,10,9,6,71.81666666666666,249.40000000000003,2,0.2
2025-03-17,W20,Z0,Drainage,8,9,5,99.65,196.26333333333332,1,0.125
2025-03-24,W20,Z0,Drainage,6,7,4,109.61666666666666,200.42333333333335,1,0.16666666666666666
2025-03-31,W20,Z0,Drainage,11,6,9,107.45833333333334,172.55,3,0.2727272727272727
2025-04-07,W20,Z0,Drainage,6,9,6,142.85,219.44666666666666,2,0.3333333333333333
2025-04-14,W20,Z0,Drainage,5,8,3,96.07499999999999,190.21,0,0.0
2025-04-21,W20,Z0,Drainage,8,6,5,91.50833333333333,174.78333333333336,2,0.25
2025-04-28,W20,Z0,Drainage,10,8,7,73.68333333333334,167.2783333333333,1,0.1
2025-05-05,W20,Z0,Drainage,7,9,5,145.28333333333333,184.31333333333333,1,0.14285714285714285
2025-05-12,W20,Z0,Drainage,14,12,7,101.25,164.6,2,0.14285714285714285
2025-05-19,W20,Z0,Drainage,4,8,3,79.41666666666666,108.80666666666666,0,0.0
2025-05-26,W20,Z0,Drainage,6,6,3,102.725,288.0916666666667,1,0.16666666666666666
2025-06-02,W20,Z0,Drainage,0,2,1,83.1,87.32666666666667,0,
2025-06-09,W20,Z0,Drainage,0,1,0,256.43333333333334,256.43333333333334,0,
2025-06-16,W20,Z0,Drainage,0,0,0,,,0,
2025-06-23,W20,Z0,Drainage,0,0,0,,,0,
2024-12-30,W20,Z0,Encroachment,7,0,7,,,7,1.0
2025-01-06,W20,Z0,Encroachment,14,1,20,98.11666666666666,98.11666666666666,12,0.8571428571428571
2025-01-13,W20,Z0,Encroachment,1,8,13,216.5,371.09000000000003,1,1.0
2025-01-20,W20,Z0,Encroachment,15,6,22,342.1583333333333,532.8083333333334,14,0.9333333333333333
2025-01-27,W20,Z0,Encroachment,7,10,19,251.18333333333334,526.8933333333333,7,1.0
2025-02-03,W20,Z0,Encroachment,6,7,18,305.4166666666667,751.6566666666668,6,1.0
2025-02-10,W20,Z0,Encroachment,6,7,17,462.0833333333333,726.5733333333335,6,1.0
2025-02-17,W20,Z0,Encroachment,5,7,15,443.9,718.3166666666667,5,1.0
2025-02-24,W20,Z0,Encroachment,10,10,15,304.575,513.1766666666666,9,0.9
2025-03-03,W20,Z0,Encroachment,12,3,24,441.46666666666664,714.4666666666667,11,0.9166666666666666
2025-03-10,W20,Z0,Encroachment,10,9,25,371.26666666666665,817.3466666666667,10,1.0
2025-03-17,W20,Z0,Encroachment,10,10,25,303.2583333333333,432.83666666666664,10,1.0
2025-03-24,W20,Z0,Encroachment,10,9,26,389.05,650.2466666666667,10,1.0
2025-03-31,W20,Z0,Encroachment,10,7,29,374.98333333333335,601.2833333333333,9,0.9
2025-04-07,W20,Z0,Encroachment,4,16,17,345.45000000000005,711.8083333333334,2,0.5
2025-04-14,W20,Z0,Encroachment,6,8,15,486.31666666666666,751.9166666666666,6,1.0
2025-04-21,W20,Z0,Encroachment,5,7,13,480.1166666666667,641.0966666666668,3,0.6
2025-04-28,W20,Z0,Encroachment,9,6,16,298.25,389.60833333333335,7,0.7777777777777778
2025-05-05,W20,Z0,Encroachment,11,8,19,267.8333333333333,488.08,10,0.9090909090909091
2025-05-12,W20,Z0,Encroachment,4,7,16,255.53333333333333,593.3166666666668,3,0.75
2025-05-19,W20,Z0,Encroachment,8,6,18,318.1583333333333,676.6333333333334,7,0.875
2025-05-26,W20,Z0,Encroachment,5,9,14,346.26666666666665,658.2366666666667,4,0.8
2025-06-02,W20,Z0,Encroachment,0,7,7,321.75,638.7833333333335,0,
2025-06-09,W20,Z0,Encroachment,0,3,4,393.93333333333334,424.96,0,
2025-06-16,W20,Z0,Encroachment,0,3,1,859.8,937.8933333333333,0,
2025-06-23,W20,Z0,Encroachment,0,0,1,,,0,
2024-12-30,W20,Z0,Garbage,5,3,2,16.65,25.130000000000003,0,0.0
2025-01-06,W20,Z0,Garbage,6,7,1,28.05,40.64666666666667,0,0.0
2025-01-13,W20,Z0,Garbage,8,7,2,16.016666666666666,79.15333333333334,0,0.0
2025-01-20,W20,Z0,Garbage,12,9,5,22.683333333333334,81.79333333333334,0,0.0
2025-01-27,W20,Z0,Garbage,8,12,1,23.45,61.41000000000001,0,0.0
2025-02-03,W20,Z0,Garbage,8,9,0,33.63333333333333,80.57666666666667,0,0.0
2025-02-10,W20,Z0,Garbage,10,8,2,39.68333333333334,58.83166666666666,0,0.0
2025-02-17,W20,Z0,Garbage,4,5,1,22.366666666666667,48.78,0,0.0
2025-02-24,W20,Z0,Garbage,11,5,7,22.466666666666665,33.42666666666667,0,0.0
2025-03-03,W20,Z0,Garbage,5,12,0,35.55833333333334,68.00666666666667,0,0.0
2025-03-10,W20,Z0,Garbage,5,5,0,31.033333333333335,57.54333333333334,0,0.0
2025-03-17,W20,Z0,Garbage,8,6,2,30.166666666666668,104.55833333333334,0,0.0
2025-03-24,W20,Z0,Garbage,5,5,2,49.416666666666664,72.1,0,0.0
2025-03-31,W20,Z0,Garbage,11,12,1,34.66666666666667,65.96166666666667,0,0.0
2025-04-07,W20,Z0,Garbage,7,8,0,22.991666666666667,68.10499999999999,0,0.0
2025-04-14,W20,Z0,Garbage,14,9,5,29.016666666666666,45.09666666666667,0,0.0
2025-04-21,W20,Z0,Garbage,6,11,0,38.63333333333333,110.21666666666667,0,0.0
2025-04-28,W20,Z0,Garbage,7,7,0,20.366666666666667,47.56333333333334,0,0.0
2025-05-05,W20,Z0,Garbage,4,2,2,34.58333333333333,47.25,0,0.0
2025-05-12,W20,Z0,Garbage,11,11,2,22.533333333333335,33.68333333333333,0,0.0
2025-05-19,W20,Z0,Garbage,13,13,2,24.2,57.15666666666668,0,0.0
2025-05-26,W20,Z0,Garbage,7,7,2,31.366666666666667,57.650000000000006,0,0.0
2025-06-02,W20,Z0,Garbage,0,2,0,108.85,125.70333333333332,0,
2025-06-09,W20,Z0,Garbage,0,0,0,,,0,
2025-06-16,W20,Z0,Garbage,0,0,0,,,0,
2025-06-23,W20,Z0,Garbage,0,0,0,,,0,
2024-12-30,W20,Z0,Property Tax,6,0,6,,,1,0.16666666666666666
2025-01-06,W20,Z0,Property Tax,6,10,2,85.49166666666667,122.84333333333329,0,0.0
2025-01-13,W20,Z0,Property Tax,14,12,4,63.724999999999994,80.60666666666667,1,0.07142857142857142
2025-01-20,W20,Z0,Property Tax,9,9,4,60.666666666666664,111.30000000000003,1,0.1111111111111111
2025-01-27,W20,Z0,Property Tax,6,6,4,58.81666666666666,115.78333333333333,0,0.0
2025-02-03,W20,Z0,Property Tax,8,9,3,75.45,152.5,0,0.0
2025-02-10,W20,Z0,Property Tax,4,7,0,75.18333333333334,93.89333333333335,0,0.0
2025-02-17,W20,Z0,Property Tax,12,8,4,55.666666666666664,80.205,0,0.0
2025-02-24,W20,Z0,Property Tax,8,11,1,62.06666666666667,87.83333333333333,0,0.0
2025-03-03,W20,Z0,Property Tax,7,3,5,63.31666666666667,77.47666666666666,1,0.14285714285714285
2025-03-10,W20,Z0,Property Tax,10,12,3,65.94166666666666,145.50166666666667,0,0.0
2025-03-17,W20,Z0,Property Tax,5,5,3,50.28333333333333,151.9766666666667,0,0.0
2025-03-24,W20,Z0,Property Tax,7,10,0,58.55,107.97999999999999,0,0.0
2025-03-31,W20,Z0,Property Tax,9,6,3,62.575,116.70833333333333,1,0.1111111111111111
2025-04-07,W20,Z0,Property Tax,9,6,6,67.79166666666666,110.05833333333334,0,0.0
2025-04-14,W20,Z0,Property Tax,6,9,3,50.93333333333333,156.04333333333338,0,0.0
2025-04-21,W20,Z0,Property Tax,10,9,4,88.73333333333333,142.56,1,0.1
2025-04-28,W20,Z0,Property Tax,7,7,4,62.233333333333334,166.5366666666667,1,0.14285714285714285
2025-05-05,W20,Z0,Property Tax,8,6,6,86.23333333333333,116.15,2,0.25
2025-05-12,W20,Z0,Property Tax,8,10,4,94.35833333333333,212.325,1,0.125
2025-05-19,W20,Z0,Property Tax,10,6,8,91.65833333333333,169.03333333333333,1,0.1
2025-05-26,W20,Z0,Property Tax,6,12,2,120.79166666666666,161.90166666666667,0,0.0
2025-06-02,W20,Z0,Property Tax,0,2,0,91.59166666666667,122.70499999999998,0,
2025-06-09,W20,Z0,Property Tax,0,0,0,,,0,
2025-06-16,W20,Z0,Property Tax,0,0,0,,,0,
2025-06-23,W20,Z0,Property Tax,0,0,0,,,0,
2024-12-30,W20,Z0,Road Repair,5,0,5,,,4,0.8
2025-01-06,W20,Z0,Road Repair,7,3,9,202.18333333333334,211.74333333333334,6,0.8571428571428571
2025-01-13,W20,Z0,Road Repair,10,4,15,212.34166666666667,313.73333333333335,7,0.7
2025-01-20,W20,Z0,Road Repair,5,10,10,213.125,338.385,4,0.8
2025-01-27,W20,Z0,Road Repair,9,6,13,295.32500000000005,330.875,7,0.7777777777777778
2025-02-03,W20,Z0,Road Repair,16,10,19,188.10000000000002,373.78499999999997,10,0.625
2025-02-10,W20,Z0,Road Repair,5,9,15,169.61666666666667,423.5166666666667,4,0.8
2025-02-17,W20,Z0,Road Repair,10,7,18,392.8666666666667,763.3133333333335,10,1.0
2025-02-24,W20,Z0,Road Repair,16,7,27,375.6,483.8466666666667,12,0.75
2025-03-03,W20,Z0,Road Repair,6,11,22,255.33333333333334,339.76666666666665,5,0.8333333333333334
2025-03-10,W20,Z0,Road Repair,3,12,13,332.31666666666666,686.8700000000001,3,1.0
2025-03-17,W20,Z0,Road Repair,5,10,8,409.40833333333336,666.2549999999997,3,0.6
2025-03-24,W20,Z0,Road Repair,7,4,11,579.8333333333334,868.52,5,0.7142857142857143
2025-03-31,W20,Z0,Road Repair,12,4,19,152.71666666666667,478.4150000000001,11,0.9166666666666666
2025-04-07,W20,Z0,Road Repair,11,9,21,247.48333333333332,410.2566666666667,9,0.8181818181818182
2025-04-14,W20,Z0,Road Repair,8,13,16,226.93333333333334,456.42333333333335,7,0.875
2025-04-21,W20,Z0,Road Repair,7,6,17,242.76666666666665,372.33333333333337,6,0.8571428571428571
2025-04-28,W20,Z0,Road Repair,5,8,14,254.80833333333334,495.4133333333333,3,0.6
2025-05-05,W20,Z0,Road Repair,5,8,11,284.28333333333336,999.0566666666664,3,0.6
2025-05-12,W20,Z0,Road Repair,8,7,12,184.06666666666666,729.4166666666667,6,0.75
2025-05-19,W20,Z0,Road Repair,10,7,15,279.5833333333333,896.4200000000002,10,1.0
2025-05-26,W20,Z0,Road Repair,5,9,11,289.65,423.9033333333333,3,0.6
2025-06-02,W20,Z0,Road Repair,0,5,6,323.6,454.21000000000004,0,
2025-06-09,W20,Z0,Road Repair,0,3,3,322.9166666666667,578.41,0,
2025-06-16,W20,Z0,Road Repair,0,2,1,716.2666666666667,789.9066666666668,0,
2025-06-23,W20,Z0,Road Repair,0,1,0,627.0833333333334,627.0833333333334,0,
2024-12-30,W20,Z0,Stray Animals,7,6,1,11.533333333333333,25.18333333333333,0,0.0
2025-01-06,W20,Z0,Stray Animals,8,6,3,10.941666666666666,27.425,0,0.0
2025-01-13,W20,Z0,Stray Animals,11,13,1,11.233333333333333,17.17666666666667,0,0.0
2025-01-20,W20,Z0,Stray Animals,6,7,0,14.75,19.393333333333334,0,0.0
2025-01-27,W20,Z0,Stray Animals,10,10,0,10.291666666666668,23.57,0,0.0
2025-02-03,W20,Z0,Stray Animals,6,6,0,12.058333333333334,36.29166666666667,0,0.0
2025-02-10,W20,Z0,Stray Animals,14,12,2,9.725,23.893333333333334,0,0.0
2025-02-17,W20,Z0,Stray Animals,10,11,1,10.516666666666667,17.316666666666666,0,0.0
2025-02-24,W20,Z0,Stray Animals,8,8,1,12.133333333333333,33.07166666666666,0,0.0
2025-03-03,W20,Z0,Stray Animals,6,7,0,16.1,21.923333333333336,0,0.0
2025-03-10,W20,Z0,Stray Animals,4,4,0,12.241666666666667,19.573333333333334,0,0.0
2025-03-17,W20,Z0,Stray Animals,8,6,2,16.65,20.625,0,0.0
2025-03-24,W20,Z0,Stray Animals,7,9,0,10.4,24.59666666666667,0,0.0
2025-03-31,W20,Z0,Stray Animals,4,4,0,13.341666666666665,18.36,0,0.0
2025-04-07,W20,Z0,Stray Animals,11,10,1,12.291666666666666,29.169999999999998,0,0.0
2025-04-14,W20,Z0,Stray Animals,9,10,0,13.1,24.046666666666667,0,0.0
2025-04-21,W20,Z0,Stray Animals,9,9,0,16.816666666666666,23.3,0,0.0
2025-04-28,W20,Z0,Stray Animals,4,3,1,15.933333333333334,20.386666666666667,0,0.0
2025-05-05,W20,Z0,Stray Animals,11,10,2,12.375,38.703333333333326,0,0.0
2025-05-12,W20,Z0,Stray Animals,5,7,0,16.5,25.790000000000003,0,0.0
2025-05-19,W20,Z0,Stray Animals,14,14,0,12.25,21.695000000000004,0,0.0
2025-05-26,W20,Z0,Stray Animals,3,3,0,11.883333333333333,11.936666666666666,0,0.0
2025-06-02,W20,Z0,Stray Animals,0,0,0,,,0,
2025-06-09,W20,Z0,Stray Animals,0,0,0,,,0,
2025-06-16,W20,Z0,Stray Animals,0,0,0,,,0,
2025-06-23,W20,Z0,Stray Animals,0,0,0,,,0,
2024-12-30,W20,Z0,Streetlight,7,7,0,17.916666666666668,37.27333333333333,0,0.0
2025-01-06,W20,Z0,Streetlight,7,5,2,13.316666666666666,23.22,0,0.0
2025-01-13,W20,Z0,Streetlight,5,6,1,27.275,38.11666666666667,0,0.0
2025-01-20,W20,Z0,Streetlight,8,7,2,23.883333333333333,32.900000000000006,0,0.0
2025-01-27,W20,Z0,Streetlight,7,9,0,24.516666666666666,40.596666666666664,0,0.0
2025-02-03,W20,Z0,Streetlight,9,9,0,25.35,32.836666666666666,0,0.0
2025-02-10,W20,Z0,Streetlight,8,8,0,18.683333333333334,38.508333333333326,0,0.0
2025-02-17,W20,Z0,Streetlight,11,10,1,13.666666666666668,35.044999999999995,0,0.0
2025-02-24,W20,Z0,Streetlight,10,10,1,18.69166666666667,28.986666666666665,0,0.0
2025-03-03,W20,Z0,Streetlight,7,8,0,21.066666666666666,43.79333333333333,0,0.0
2025-03-10,W20,Z0,Streetlight,6,5,1,38.733333333333334,45.836666666666666,0,0.0
2025-03-17,W20,Z0,Streetlight,8,8,1,11.541666666666668,39.486666666666665,0,0.0
2025-03-24,W20,Z0,Streetlight,7,5,3,16.633333333333333,39.77,0,0.0
2025-03-31,W20,Z0,Streetlight,11,11,3,15.066666666666666,45.0,0,0.0
2025-04-07,W20,Z0,Streetlight,10,12,1,18.6,37.903333333333336,0,0.0
2025-04-14,W20,Z0,Streetlight,8,6,3,19.325000000000003,24.766666666666666,0,0.0
2025-04-21,W20,Z0,Streetlight,14,16,1,19.616666666666667,28.40833333333333,0,0.0
2025-04-28,W20,Z0,Streetlight,7,8,0,17.608333333333334,30.101666666666663,0,0.0
2025-05-05,W20,Z0,Streetlight,8,8,0,22.058333333333334,34.623333333333335,0,0.0
2025-05-12,W20,Z0,Streetlight,6,4,2,17.1,25.240000000000002,0,0.0
2025-05-19,W20,Z0,Streetlight,7,9,0,33.61666666666667,42.629999999999995,0,0.0
2025-05-26,W20,Z0,Streetlight,4,4,0,19.166666666666664,30.515000000000004,0,0.0
2025-06-02,W20,Z0,Streetlight,0,0,0,,,0,
2025-06-09,W20,Z0,Streetlight,0,0,0,,,0,
2025-06-16,W20,Z0,Streetlight,0,0,0,,,0,
2025-06-23,W20,Z0,Streetlight,0,0,0,,,0,
2024-12-30,W20,Z0,Water Supply,6,1,5,48.0,48.0,1,0.16666666666666666
2025-01-06,W20,Z0,Water Supply,5,9,1,29.233333333333334,68.39666666666668,0,0.0
2025-01-13,W20,Z0,Water Supply,3,2,2,161.15,256.5233333333333,2,0.6666666666666666
2025-01-20,W20,Z0,Water Supply,10,7,5,67.11666666666666,192.47666666666672,0,0.0
2025-01-27,W20,Z0,Water Supply,9,12,2,44.45,116.075,0,0.0
2025-02-03,W20,Z0,Water Supply,13,14,1,48.63333333333333,72.69166666666668,0,0.0
2025-02-10,W20,Z0,Water Supply,4,3,2,56.05,95.87666666666667,0,0.0
2025-02-17,W20,Z0,Water Supply,10,11,1,41.93333333333333,64.2,0,0.0
2025-02-24,W20,Z0,Water Supply,7,5,3,39.31666666666667,82.72000000000001,0,0.0
2025-03-03,W20,Z0,Water Supply,9,8,4,55.3,71.98833333333333,0,0.0
2025-03-10,W20,Z0,Water Supply,11,10,5,50.24166666666667,121.35,0,0.0
2025-03-17,W20,Z0,Water Supply,7,10,2,44.96666666666667,72.47333333333333,0,0.0
2025-03-24,W20,Z0,Water Supply,5,4,3,75.16666666666667,90.825,0,0.0
2025-03-31,W20,Z0,Water Supply,9,8,4,39.65833333333333,91.60499999999999,0,0.0
2025-04-07,W20,Z0,Water Supply,6,9,1,31.666666666666668,47.800000000000004,0,0.0
2025-04-14,W20,Z0,Water Supply,11,9,3,45.083333333333336,85.68,0,0.0
2025-04-21,W20,Z0,Water Supply,5,7,1,43.36666666666667,88.93,0,0.0
2025-04-28,W20,Z0,Water Supply,12,12,1,44.03333333333333,75.90333333333334,0,0.0
2025-05-05,W20,Z0,Water Supply,5,4,2,54.50833333333333,94.75833333333335,0,0.0
2025-05-12,W20,Z0,Water Supply,14,12,4,50.63333333333333,67.01666666666668,0,0.0
2025-05-19,W20,Z0,Water Supply,10,10,4,47.233333333333334,88.30999999999999,0,0.0
2025-05-26,W20,Z0,Water Supply,4,8,0,55.21666666666667,87.84,0,0.0
2025-06-02,W20,Z0,Water Supply,0,0,0,,,0,
2025-06-09,W20,Z0,Water Supply,0,0,0,,,0,
2025-06-16,W20,Z0,Water Supply,0,0,0,,,0,
2025-06-23,W20,Z0,Water Supply,0,0,0,,,0,
2024-12-30,W21,Z1,Drainage,7,2,5,63.06666666666666,87.0,1,0.14285714285714285
2025-01-06,W21,Z1,Drainage,7,8,4,117.93333333333334,148.90833333333333,1,0.14285714285714285
2025-01-13,W21,Z1,Drainage,10,6,8,63.775,179.35833333333332,2,0.2
2025-01-20,W21,Z1,Drainage,14,11,11,103.13333333333334,243.95,5,0.35714285714285715
2025-01-27,W21,Z1,Drainage,9,11,9,74.26666666666667,174.08333333333334,1,0.1111111111111111
2025-02-03,W21,Z1,Drainage,6,9,6,147.21666666666667,365.74333333333334,1,0.16666666666666666
2025-02-10,W21,Z1,Drainage,4,7,3,123.85,269.0333333333334,1,0.25
2025-02-17,W21,Z1,Drainage,3,3,3,130.08333333333334,190.45666666666668,1,0.3333333333333333
2025-02-24,W21,Z1,Drainage,6,4,5,76.75833333333333,94.82666666666667,1,0.16666666666666666
2025-03-03,W21,Z1,Drainage,6,6,5,102.86666666666667,246.70833333333331,2,0.3333333333333333
2025-03-10,W21,Z1,Drainage,3,8,0,72.38333333333333,275.6483333333333,0,0.0
2025-03-17,W21,Z1,Drainage,5,2,3,51.633333333333326,62.61999999999999,1,0.2
2025-03-24,W21,Z1,Drainage,11,6,8,69.725,115.60833333333333,4,0.36363636363636365
2025-03-31,W21,Z1,Drainage,9,7,10,91.48333333333333,298.5666666666667,2,0.2222222222222222
2025-04-07,W21,Z1,Drainage,3,10,3,119.92500000000001,323.91166666666663,1,0.3333333333333333
2025-04-14,W21,Z1,Drainage,16,9,10,85.31666666666666,299.3866666666667,2,0.125
2025-04-21,W21,Z1,Drainage,15,13,12,81.28333333333333,121.14333333333335,2,0.13333333333333333
2025-04-28,W21,Z1,Drainage,7,14,5,129.425,212.86666666666673,4,0.5714285714285714
2025-05-05,W21,Z1,Drainage,13,10,8,160.10000000000002,205.64333333333326,1,0.07692307692307693
2025-05-12,W21,Z1,Drainage,7,9,6,104.48333333333333,138.74666666666667,2,0.2857142857142857
2025-05-19,W21,Z1,Drainage,7,7,6,110.91666666666667,194.79333333333332,2,0.2857142857142857
2025-05-26,W21,Z1,Drainage,8,11,3,121.13333333333334,202.1,1,0.125
2025-06-02,W21,Z1,Drainage,0,3,0,124.1,160.96666666666667,0,
2025-06-09,W21,Z1,Drainage,0,0,0,,,0,
2025-06-16,W21,Z1,Drainage,0,0,0,,,0,
2025-06-23,W21,Z1,Drainage,0,0,0,,,0,
2024-12-30,W21,Z1,Encroachment,8,0,8,,,8,1.0
2025-01-06,W21,Z1,Encroachment,9,3,14,187.63333333333333,225.83333333333331,7,0.7777777777777778
2025-01-13,W21,Z1,Encroachment,10,2,22,187.6,217.57333333333332,9,0.9
2025-01-20,W21,Z1,Encroachment,10,10,22,387.2583333333333,485.74833333333333,8,0.8
2025-01-27,W21,Z1,Encroachment,6,7,21,349.06666666666666,459.59666666666675,6,1.0
2025-02-03,W21,Z1,Encroachment,9,6,24,523.2083333333333,813.375,8,0.8888888888888888
2025-02-10,W21,Z1,Encroachment,10,14,20,423.9,690.675,10,1.0
2025-02-17,W21,Z1,Encroachment,7,3,24,223.73333333333332,532.7333333333333,6,0.8571428571428571
2025-02-24,W21,Z1,Encroachment,6,8,22,334.675,440.715,6,1.0
2025-03-03,W21,Z1,Encroachment,9,9,22,576.8333333333334,1018.8933333333333,9,1.0
2025-03-10,W21,Z1,Encroachment,12,9,25,424.0833333333333,665.8666666666667,9,0.75
2025-03-17,W21,Z1,Encroachment,5,9,21,197.61666666666667,470.8166666666667,5,1.0
2025-03-24,W21,Z1,Encroachment,9,10,20,490.7583333333333,1147.4816666666666,7,0.7777777777777778
2025-03-31,W21,Z1,Encroachment,5,11,14,356.2,722.4333333333333,4,0.8
2025-04-07,W21,Z1,Encroachment,9,7,16,360.56666666666666,417.64666666666665,7,0.7777777777777778
2025-04-14,W21,Z1,Encroachment,11,5,22,205.26666666666668,356.5933333333333,11,1.0
2025-04-21,W21,Z1,Encroachment,7,7,22,366.1333333333333,787.1133333333336,5,0.7142857142857143
2025-04-28,W21,Z1,Encroachment,12,11,23,380.03333333333336,590.4333333333333,10,0.8333333333333334
2025-05-05,W21,Z1,Encroachment,4,12,15,377.175,603.7750000000001,4,1.0
2025-05-12,W21,Z1,Encroachment,4,8,11,315.95000000000005,553.2516666666667,3,0.75
2025-05-19,W21,Z1,Encroachment,11,6,16,389.35833333333335,635.1833333333333,11,1.0
2025-05-26,W21,Z1,Encroachment,3,3,16,196.63333333333333,652.1666666666666,0,0.0
2025-06-02,W21,Z1,Encroachment,0,8,8,307.83333333333337,492.835,0,
2025-06-09,W21,Z1,Encroachment,0,3,5,556.6166666666667,563.39,0,
2025-06-16,W21,Z1,Encroachment,0,1,4,641.8,641.8,0,
2025-06-23,W21,Z1,Encroachment,0,1,3,732.85,732.85,0,
2024-12-30,W21,Z1,Garbage,2,1,1,24.466666666666665,24.466666666666665,0,0.0
2025-01-06,W21,Z1,Garbage,8,5,4,21.416666666666668,55.49,0,0.0
2025-01-13,W21,Z1,Garbage,2,5,1,25.383333333333333,34.800000000000004,0,0.0
2025-01-20,W21,Z1,Garbage,11,11,1,52.36666666666667,75.3,0,0.0
2025-01-27,W21,Z1,Garbage,6,6,1,31.058333333333334,81.03333333333333,0,0.0
2025-02-03,W21,Z1,Garbage,7,6,2,37.333333333333336,74.61666666666666,0,0.0
2025-02-10,W21,Z1,Garbage,12,10,4,34.208333333333336,68.25666666666666,0,0.0
2025-02-17,W21,Z1,Garbage,11,12,3,28.483333333333334,34.86833333333333,0,0.0
2025-02-24,W21,Z1,Garbage,12,14,1,30.441666666666663,57.99666666666669,0,0.0
2025-03-03,W21,Z1,Garbage,6,7,0,33.266666666666666,51.660000000000004,0,0.0
2025-03-10,W21,Z1,Garbage,10,9,1,22.533333333333335,43.67,0,0.0
2025-03-17,W21,Z1,Garbage,10,9,2,19.066666666666666,37.586666666666666,0,0.0
2025-03-24,W21,Z1,Garbage,9,10,1,29.608333333333334,59.46666666666667,0,0.0
2025-03-31,W21,Z1,Garbage,11,10,2,22.65833333333333,61.150000000000006,0,0.0
2025-04-07,W21,Z1,Garbage,9,9,2,33.96666666666667,69.95,0,0.0
2025-04-14,W21,Z1,Garbage,9,11,0,26.0,46.78333333333333,0,0.0
2025-04-21,W21,Z1,Garbage,8,4,4,23.858333333333334,38.18666666666667,0,0.0
2025-04-28,W21,Z1,Garbage,9,12,1,37.05833333333333,77.89833333333334,0,0.0
2025-05-05,W21,Z1,Garbage,6,7,0,46.416666666666664,80.11333333333334,0,0.0
2025-05-12,W21,Z1,Garbage,6,5,1,37.016666666666666,63.48666666666667,0,0.0
2025-05-19,W21,Z1,Garbage,9,8,2,22.983333333333334,68.255,0,0.0
2025-05-26,W21,Z1,Garbage,3,5,0,33.6,85.42,0,0.0
2025-06-02,W21,Z1,Garbage,0,0,0,,,0,
2025-06-09,W21,Z1,Garbage,0,0,0,,,0,
2025-06-16,W21,Z1,Garbage,0,0,0,,,0,
2025-06-23,W21,Z1,Garbage,0,0,0,,,0,
2024-12-30,W21,Z1,Property Tax,13,5,8,59.95,71.62,2,0.15384615384615385
2025-01-06,W21,Z1,Property Tax,10,14,4,85.94166666666666,151.08000000000007,0,0.0
2025-01-13,W21,Z1,Property Tax,7,8,3,66.21666666666667,134.54666666666665,1,0.14285714285714285
2025-01-20,W21,Z1,Property Tax,10,8,5,105.225,149.76666666666665,0,0.0
2025-01-27,W21,Z1,Property Tax,3,7,1,84.11666666666666,129.99333333333334,1,0.3333333333333333
2025-02-03,W21,Z1,Property Tax,5,2,4,61.05833333333334,63.23833333333333,1,0.2
2025-02-10,W21,Z1,Property Tax,5,7,2,118.93333333333334,213.5333333333334,0,0.0
2025-02-17,W21,Z1,Property Tax,5,6,1,70.58333333333334,187.05,0,0.0
2025-02-24,W21,Z1,Property Tax,5,4,2,59.483333333333334,76.49833333333333,0,0.0
2025-03-03,W21,Z1,Property Tax,8,5,5,74.2,107.02333333333334,1,0.125
2025-03-10,W21,Z1,Property Tax,15,15,5,69.81666666666666,124.47333333333333,0,0.0
2025-03-17,W21,Z1,Property Tax,6,8,3,89.53333333333333,135.105,0,0.0
2025-03-24,W21,Z1,Property Tax,8,9,2,61.2,150.83333333333337,0,0.0
2025-03-31,W21,Z1,Property Tax,9,7,4,45.68333333333333,81.78666666666668,1,0.1111111111111111
2025-04-07,W21,Z1,Property Tax,9,9,4,44.95,96.03000000000003,0,0.0
2025-04-14,W21,Z1,Property Tax,11,9,6,70.9,104.74000000000001,1,0.09090909090909091
2025-04-21,W21,Z1,Property Tax,6,8,4,86.78333333333333,169.58166666666665,1,0.16666666666666666
2025-04-28,W21,Z1,Property Tax,8,8,4,74.68333333333334,146.38333333333333,1,0.125
2025-05-05,W21,Z1,Property Tax,6,7,3,83.35,191.3133333333334,1,0.16666666666666666
2025-05-12,W21,Z1,Property Tax,10,8,5,73.10833333333333,120.18499999999999,2,0.2
2025-05-19,W21,Z1,Property Tax,7,8,4,71.18333333333334,183.59166666666667,0,0.0
2025-05-26,W21,Z1,Property Tax,8,9,3,66.2,125.58666666666667,0,0.0
2025-06-02,W21,Z1,Property Tax,0,3,0,54.88333333333333,82.78999999999999,0,
2025-06-09,W21,Z1,Property Tax,0,0,0,,,0,
2025-06-16,W21,Z1,Property Tax,0,0,0,,,0,
2025-06-23,W21,Z1,Property Tax,0,0,0,,,0,
2024-12-30,W21,Z1,Road Repair,6,0,6,,,5,0.8333333333333334
2025-01-06,W21,Z1,Road Repair,5,3,8,203.45,209.71666666666667,1,0.2
2025-01-13,W21,Z1,Road Repair,11,8,11,158.73333333333335,317.3066666666667,7,0.6363636363636364
2025-01-20,W21,Z1,Road Repair,4,9,6,235.36666666666667,286.25666666666666,3,0.75
2025-01-27,W21,Z1,Road Repair,16,4,18,230.0,340.03833333333336,15,0.9375
2025-02-03,W21,Z1,Road Repair,9,6,21,248.79166666666669,410.40833333333336,6,0.6666666666666666
2025-02-10,W21,Z1,Road Repair,10,15,16,205.65,345.5566666666667,7,0.7
2025-02-17,W21,Z1,Road Repair,10,11,15,239.73333333333332,586.7833333333333,8,0.8
2025-02-24,W21,Z1,Road Repair,6,7,14,204.96666666666667,321.47,5,0.8333333333333334
2025-03-03,W21,Z1,Road Repair,7,8,13,287.51666666666665,589.5916666666667,4,0.5714285714285714
2025-03-10,W21,Z1,Road Repair,8,9,12,277.71666666666664,675.74,7,0.875
2025-03-17,W21,Z1,Road Repair,5,8,9,203.48333333333332,407.055,4,0.8
2025-03-24,W21,Z1,Road Repair,10,4,15,259.05833333333334,364.495,8,0.8
2025-03-31,W21,Z1,Road Repair,8,8,15,257.9,523.9350000000001,6,0.75
2025-04-07,W21,Z1,Road Repair,6,8,13,207.8,343.6883333333333,4,0.6666666666666666
2025-04-14,W21,Z1,Road Repair,8,7,14,401.3,646.4333333333334,8,1.0
2025-04-21,W21,Z1,Road Repair,9,8,15,275.875,447.6333333333333,9,1.0
2025-04-28,W21,Z1,Road Repair,7,4,18,211.69166666666666,331.8616666666667,4,0.5714285714285714
2025-05-05,W21,Z1,Road Repair,9,12,15,350.75,397.85499999999996,5,0.5555555555555556
2025-05-12,W21,Z1,Road Repair,7,10,12,201.78333333333333,401.73499999999996,4,0.5714285714285714
2025-05-19,W21,Z1,Road Repair,6,7,11,237.36666666666667,411.50333333333333,4,0.6666666666666666
2025-05-26,W21,Z1,Road Repair,7,6,12,239.14166666666665,679.5416666666667,7,1.0
2025-06-02,W21,Z1,Road Repair,0,5,7,265.3833333333333,994.7866666666666,0,
2025-06-09,W21,Z1,Road Repair,0,3,4,302.51666666666665,459.1966666666667,0,
2025-06-16,W21,Z1,Road Repair,0,1,3,524.55,524.55,0,
2025-06-23,W21,Z1,Road Repair,0,3,0,601.0666666666667,766.32,0,
2024-12-30,W21,Z1,Stray Animals,3,3,0,16.6,26.493333333333332,0,0.0
2025-01-06,W21,Z1,Stray Animals,11,10,1,13.441666666666666,27.34166666666667,0,0.0
2025-01-13,W21,Z1,Stray Animals,11,12,0,9.291666666666668,13.461666666666668,0,0.0
2025-01-20,W21,Z1,Stray Animals,10,9,1,15.8,26.81,0,0.0
2025-01-27,W21,Z1,Stray Animals,9,8,2,15.175,24.441666666666663,0,0.0
2025-02-03,W21,Z1,Stray Animals,3,4,1,18.416666666666668,24.993333333333336,0,0.0
2025-02-10,W21,Z1,Stray Animals,6,7,0,6.783333333333333,15.133333333333335,0,0.0
2025-02-17,W21,Z1,Stray Animals,5,4,1,20.325,25.561666666666664,0,0.0
2025-02-24,W21,Z1,Stray Animals,8,9,0,15.816666666666666,25.903333333333336,0,0.0
2025-03-03,W21,Z1,Stray Animals,6,6,0,10.7,22.866666666666667,0,0.0
2025-03-10,W21,Z1,Stray Animals,7,7,0,16.8,23.22666666666667,0,0.0
2025-03-17,W21,Z1,Stray Animals,10,9,1,12.85,18.216666666666665,0,0.0
2025-03-24,W21,Z1,Stray Animals,10,10,1,12.983333333333334,30.453333333333333,0,0.0
2025-03-31,W21,Z1,Stray Animals,14,14,1,11.941666666666666,25.576666666666675,0,0.0
2025-04-07,W21,Z1,Stray Animals,7,6,2,14.325,26.325,0,0.0
2025-04-14,W21,Z1,Stray Animals,11,11,2,12.7,25.233333333333334,0,0.0
2025-04-21,W21,Z1,Stray Animals,10,10,2,10.908333333333333,20.425,0,0.0
2025-04-28,W21,Z1,Stray Animals,5,7,0,8.5,19.926666666666666,0,0.0
2025-05-05,W21,Z1,Stray Animals,6,6,0,17.916666666666664,24.21666666666667,0,0.0
2025-05-12,W21,Z1,Stray Animals,10,10,0,12.524999999999999,20.806666666666658,0,0.0
2025-05-19,W21,Z1,Stray Animals,5,4,1,13.225000000000001,30.300000000000004,0,0.0
2025-05-26,W21,Z1,Stray Animals,9,10,0,9.825,17.064999999999998,0,0.0
2025-06-02,W21,Z1,Stray Animals,0,0,0,,,0,
2025-06-09,W21,Z1,Stray Animals,0,0,0,,,0,
2025-06-16,W21,Z1,Stray Animals,0,0,0,,,0,
2025-06-23,W21,Z1,Stray Animals,0,0,0,,,0,
2024-12-30,W21,Z1,Streetlight,3,2,1,17.166666666666668,26.366666666666667,0,0.0
2025-01-06,W21,Z1,Streetlight,10,10,1,15.116666666666667,34.97999999999999,0,0.0
2025-01-13,W21,Z1,Streetlight,11,11,1,20.4,49.7,0,0.0
2025-01-20,W21,Z1,Streetlight,5,6,0,15.291666666666666,42.99166666666667,0,0.0
2025-01-27,W21,Z1,Streetlight,12,11,1,12.766666666666667,34.65,0,0.0
2025-02-03,W21,Z1,Streetlight,12,12,1,17.475,30.006666666666668,0,0.0
2025-02-10,W21,Z1,Streetlight,7,8,0,13.758333333333333,36.97666666666666,0,0.0
2025-02-17,W21,Z1,Streetlight,7,7,0,11.95,21.596666666666668,0,0.0
2025-02-24,W21,Z1,Streetlight,8,7,1,17.333333333333332,21.576666666666668,0,0.0
2025-03-03,W21,Z1,Streetlight,6,6,1,17.941666666666666,25.59166666666667,0,0.0
2025-03-10,W21,Z1,Streetlight,5,5,1,20.75,49.67,0,0.0
2025-03-17,W21,Z1,Streetlight,7,6,2,13.65,31.849999999999998,0,0.0
2025-03-24,W21,Z1,Streetlight,8,10,0,18.59166666666667,44.92666666666665,0,0.0
2025-03-31,W21,Z1,Streetlight,7,5,2,17.5,75.33666666666667,0,0.0
2025-04-07,W21,Z1,Streetlight,8,9,1,14.333333333333334,26.35666666666667,0,0.0
2025-04-14,W21,Z1,Streetlight,10,8,3,11.408333333333333,37.71999999999999,0,0.0
2025-04-21,W21,Z1,Streetlight,11,13,1,20.25,39.75,0,0.0
2025-04-28,W21,Z1,Streetlight,6,5,2,27.183333333333334,29.953333333333333,0,0.0
2025-05-05,W21,Z1,Streetlight,11,12,1,26.258333333333333,51.97166666666667,0,0.0
2025-05-12,W21,Z1,Streetlight,6,7,0,23.933333333333334,25.803333333333335,0,0.0
2025-05-19,W21,Z1,Streetlight,7,6,1,21.791666666666664,28.300000000000004,0,0.0
2025-05-26,W21,Z1,Streetlight,7,8,0,20.733333333333334,33.02833333333333,0,0.0
2025-06-02,W21,Z1,Streetlight,0,0,0,,,0,
2025-06-09,W21,Z1,Streetlight,0,0,0,,,0,
2025-06-16,W21,Z1,Streetlight,0,0,0,,,0,
2025-06-23,W21,Z1,Streetlight,0,0,0,,,0,
2024-12-30,W21,Z1,Water Supply,6,4,2,41.86666666666667,64.895,0,0.0
2025-01-06,W21,Z1,Water Supply,8,9,1,51.56666666666667,118.29333333333335,0,0.0
2025-01-13,W21,Z1,Water Supply,12,13,0,55.65,101.74666666666668,0,0.0
2025-01-20,W21,Z1,Water Supply,7,6,1,41.05833333333334,84.43333333333334,0,0.0
2025-01-27,W21,Z1,Water Supply,4,4,1,41.71666666666667,104.37833333333334,0,0.0
2025-02-03,W21,Z1,Water Supply,8,4,5,37.975,69.72333333333334,1,0.125
2025-02-10,W21,Z1,Water Supply,11,13,3,39.45,129.36,0,0.0
2025-02-17,W21,Z1,Water Supply,6,8,1,40.81666666666666,70.16833333333332,0,0.0
2025-02-24,W21,Z1,Water Supply,6,5,2,37.71666666666667,86.10333333333334,0,0.0
2025-03-03,W21,Z1,Water Supply,13,12,3,32.725,87.29666666666668,0,0.0
2025-03-10,W21,Z1,Water Supply,6,7,2,59.35,112.43333333333337,1,0.16666666666666666
2025-03-17,W21,Z1,Water Supply,9,7,4,55.85,182.50333333333336,0,0.0
2025-03-24,W21,Z1,Water Supply,7,8,3,58.78333333333333,86.79666666666667,0,0.0
2025-03-31,W21,Z1,Water Supply,8,9,2,58.21666666666667,84.75,0,0.0
2025-04-07,W21,Z1,Water Supply,6,7,1,50.13333333333333,61.32666666666667,0,0.0
2025-04-14,W21,Z1,Water Supply,8,6,3,31.125,87.98333333333333,1,0.125
2025-04-21,W21,Z1,Water Supply,10,9,4,58.9,96.4366666666667,1,0.1
2025-04-28,W21,Z1,Water Supply,4,7,1,48.43333333333333,119.57000000000005,0,0.0
2025-05-05,W21,Z1,Water Supply,6,6,1,44.175,96.09166666666667,0,0.0
2025-05-12,W21,Z1,Water Supply,7,5,3,19.8,73.79,1,0.14285714285714285
2025-05-19,W21,Z1,Water Supply,9,8,4,57.90833333333333,102.59833333333331,0,0.0
2025-05-26,W21,Z1,Water Supply,13,11,6,71.06666666666666,95.3,0,0.0
2025-06-02,W21,Z1,Water Supply,0,6,0,112.15,151.54166666666669,0,
2025-06-09,W21,Z1,Water Supply,0,0,0,,,0,
2025-06-16,W21,Z1,Water Supply,0,0,0,,,0,
2025-06-23,W21,Z1,Water Supply,0,0,0,,,0,
2024-12-30,W22,Z2,Drainage,5,0,5,,,1,0.2
2025-01-06,W22,Z2,Drainage,7,6,6,100.075,118.39166666666665,2,0.2857142857142857
2025-01-13,W22,Z2,Drainage,6,6,6,105.85833333333333,202.15833333333333,1,0.16666666666666666
2025-01-20,W22,Z2,Drainage,9,9,6,90.86666666666666,304.0733333333333,2,0.2222222222222222
2025-01-27,W22,Z2,Drainage,7,7,6,120.01666666666667,166.38666666666668,2,0.2857142857142857
2025-02-03,W22,Z2,Drainage,10,10,6,79.70833333333333,247.0933333333333,0,0.0
2025-02-10,W22,Z2,Drainage,6,8,4,106.375,148.01666666666665,1,0.16666666666666666
2025-02-17,W22,Z2,Drainage,9,6,7,89.65,126.5,3,0.3333333333333333
2025-02-24,W22,Z2,Drainage,13,13,7,90.08333333333333,207.96333333333334,0,0.0
2025-03-03,W22,Z2,Drainage,8,13,2,82.1,104.00000000000001,1,0.125
2025-03-10,W22,Z2,Drainage,7,3,6,102.86666666666666,178.52,1,0.14285714285714285
2025-03-17,W22,Z2,Drainage,9,9,6,91.6,164.87,2,0.2222222222222222
2025-03-24,W22,Z2,Drainage,8,10,4,96.91666666666666,165.13666666666666,2,0.25
2025-03-31,W22,Z2,Drainage,6,7,3,137.71666666666667,224.06,0,0.0
2025-04-07,W22,Z2,Drainage,10,8,5,70.58333333333334,113.22333333333333,0,0.0
2025-04-14,W22,Z2,Drainage,7,10,2,64.23333333333333,126.71,2,0.2857142857142857
2025-04-21,W22,Z2,Drainage,8,4,6,146.02499999999998,246.13500000000002,2,0.25
2025-04-28,W22,Z2,Drainage,10,9,7,72.18333333333334,134.2266666666667,3,0.3
2025-05-05,W22,Z2,Drainage,5,6,6,127.57499999999999,200.14166666666665,1,0.2
2025-05-12,W22,Z2,Drainage,10,9,7,94.91666666666667,150.60000000000002,1,0.1
2025-05-19,W22,Z2,Drainage,11,13,5,98.65,219.0366666666667,0,0.0
2025-05-26,W22,Z2,Drainage,5,6,4,104.425,135.09166666666667,2,0.4
2025-06-02,W22,Z2,Drainage,0,3,1,139.75,176.37666666666667,0,
2025-06-09,W22,Z2,Drainage,0,1,0,293.3666666666667,293.3666666666667,0,
2025-06-16,W22,Z2,Drainage,0,0,0,,,0,
2025-06-23,W22,Z2,Drainage,0,0,0,,,0,
2024-12-30,W22,Z2,Encroachment,6,0,6,,,6,1.0
2025-01-06,W22,Z2,Encroachment,7,0,13,,,7,1.0
2025-01-13,W22,Z2,Encroachment,3,2,14,286.04166666666663,324.47499999999997,3,1.0
2025-01-20,W22,Z2,Encroachment,11,5,20,343.46666666666664,484.11333333333334,9,0.8181818181818182
2025-01-27,W22,Z2,Encroachment,8,9,19,219.88333333333333,543.7533333333333,7,0.875
2025-02-03,W22,Z2,Encroachment,8,11,16,358.55,803.05,8,1.0
2025-02-10,W22,Z2,Encroachment,10,4,22,378.29999999999995,507.77166666666665,10,1.0
2025-02-17,W22,Z2,Encroachment,7,6,23,213.15833333333336,408.8333333333333,4,0.5714285714285714
2025-02-24,W22,Z2,Encroachment,8,15,16,362.46666666666664,566.7733333333333,6,0.75
2025-03-03,W22,Z2,Encroachment,5,6,15,486.41666666666663,752.4166666666667,5,1.0
2025-03-10,W22,Z2,Encroachment,6,10,11,404.95,544.7733333333331,5,0.8333333333333334
2025-03-17,W22,Z2,Encroachment,6,2,15,320.4916666666667,383.52500000000003,5,0.8333333333333334
2025-03-24,W22,Z2,Encroachment,4,3,16,263.31666666666666,285.72999999999996,4,1.0
2025-03-31,W22,Z2,Encroachment,16,6,26,321.6166666666667,853.1916666666666,14,0.875
2025-04-07,W22,Z2,Encroachment,11,6,31,721.8083333333334,1053.3833333333334,11,1.0
2025-04-14,W22,Z2,Encroachment,8,12,27,307.9916666666667,405.0266666666667,7,0.875
2025-04-21,W22,Z2,Encroachment,12,10,29,440.32500000000005,910.9066666666666,12,1.0
2025-04-28,W22,Z2,Encroachment,10,8,31,436.2083333333333,767.2233333333332,9,0.9
2025-05-05,W22,Z2,Encroachment,9,11,29,402.1333333333333,832.8833333333333,8,0.8888888888888888
2025-05-12,W22,Z2,Encroachment,6,14,21,503.225,953.2166666666669,5,0.8333333333333334
2025-05-19,W22,Z2,Encroachment,7,9,19,304.1666666666667,648.0233333333334,7,1.0
2025-05-26,W22,Z2,Encroachment,8,6,21,460.825,778.4416666666666,8,1.0
2025-06-02,W22,Z2,Encroachment,0,9,12,412.73333333333335,659.5033333333334,0,
2025-06-09,W22,Z2,Encroachment,0,6,6,422.45,1021.975,0,
2025-06-16,W22,Z2,Encroachment,0,2,4,541.6,577.6133333333333,0,
2025-06-23,W22,Z2,Encroachment,0,2,2,643.2666666666667,716.28,0,
2024-12-30,W22,Z2,Garbage,6,2,4,33.25,34.489999999999995,0,0.0
2025-01-06,W22,Z2,Garbage,3,6,1,42.375,115.675,0,0.0
2025-01-13,W22,Z2,Garbage,13,12,2,38.99166666666667,50.13333333333334,0,0.0
2025-01-20,W22,Z2,Garbage,8,9,1,21.516666666666666,89.37,0,0.0
2025-01-27,W22,Z2,Garbage,9,8,2,38.525,61.21666666666666,0,0.0
2025-02-03,W22,Z2,Garbage,10,8,4,24.06666666666667,79.54499999999999,0,0.0
2025-02-10,W22,Z2,Garbage,12,13,3,39.833333333333336,59.403333333333336,0,0.0
2025-02-17,W22,Z2,Garbage,9,6,6,43.125,63.06666666666667,0,0.0
2025-02-24,W22,Z2,Garbage,3,9,0,38.483333333333334,89.91666666666667,0,0.0
2025-03-03,W22,Z2,Garbage,7,6,1,20.475,55.608333333333334,0,0.0
2025-03-10,W22,Z2,Garbage,9,6,4,29.21666666666667,89.70833333333333,0,0.0
2025-03-17,W22,Z2,Garbage,10,13,1,31.883333333333333,89.75333333333334,0,0.0
2025-03-24,W22,Z2,Garbage,7,6,2,34.41666666666667,68.15,0,0.0
2025-03-31,W22,Z2,Garbage,5,6,1,35.63333333333333,46.30833333333334,0,0.0
2025-04-07,W22,Z2,Garbage,7,4,4,20.6,43.54166666666667,1,0.14285714285714285
2025-04-14,W22,Z2,Garbage,11,9,6,29.85,112.77333333333334,0,0.0
2025-04-21,W22,Z2,Garbage,8,12,2,36.483333333333334,63.171666666666674,0,0.0
2025-04-28,W22,Z2,Garbage,9,10,1,18.924999999999997,46.03666666666663,0,0.0
2025-05-05,W22,Z2,Garbage,7,5,3,31.766666666666666,76.42333333333333,0,0.0
2025-05-12,W22,Z2,Garbage,10,8,5,27.883333333333333,33.24,0,0.0
2025-05-19,W22,Z2,Garbage,7,10,2,45.90833333333333,65.57166666666666,0,0.0
2025-05-26,W22,Z2,Garbage,6,7,1,28.35,61.32000000000001,0,0.0
2025-06-02,W22,Z2,Garbage,0,1,0,54.61666666666667,54.61666666666667,0,
2025-06-09,W22,Z2,Garbage,0,0,0,,,0,
2025-06-16,W22,Z2,Garbage,0,0,0,,,0,
2025-06-23,W22,Z2,Garbage,0,0,0,,,0,
2024-12-30,W22,Z2,Property Tax,7,4,3,45.650000000000006,69.10000000000001,0,0.0
2025-01-06,W22,Z2,Property Tax,4,4,3,81.96666666666667,124.14666666666668,0,0.0
2025-01-13,W22,Z2,Property Tax,7,7,3,73.48333333333333,83.54666666666667,1,0.14285714285714285
2025-01-20,W22,Z2,Property Tax,4,6,1,83.43333333333334,163.89166666666665,0,0.0
2025-01-27,W22,Z2,Property Tax,8,4,5,60.91666666666667,96.95666666666668,0,0.0
2025-02-03,W22,Z2,Property Tax,9,9,5,91.28333333333333,124.50333333333334,0,0.0
2025-02-10,W22,Z2,Property Tax,12,14,3,55.49166666666667,133.22833333333335,0,0.0
2025-02-17,W22,Z2,Property Tax,11,7,7,77.31666666666666,99.97666666666667,3,0.2727272727272727
2025-02-24,W22,Z2,Property Tax,7,13,1,98.21666666666667,188.6866666666667,1,0.14285714285714285
2025-03-03,W22,Z2,Property Tax,8,4,5,41.59166666666667,80.25666666666667,1,0.125
2025-03-10,W22,Z2,Property Tax,7,10,2,78.49166666666667,217.06166666666664,0,0.0
2025-03-17,W22,Z2,Property Tax,9,6,5,90.48333333333333,114.575,1,0.1111111111111111
2025-03-24,W22,Z2,Property Tax,13,10,8,71.71666666666667,122.99833333333333,1,0.07692307692307693
2025-03-31,W22,Z2,Property Tax,4,9,3,64.96666666666667,230.82333333333335,1,0.25
2025-04-07,W22,Z2,Property Tax,13,9,7,64.55,170.02333333333337,0,0.0
2025-04-14,W22,Z2,Property Tax,7,12,2,51.483333333333334,86.20833333333334,0,0.0
2025-04-21,W22,Z2,Property Tax,5,5,2,65.55,129.80666666666667,0,0.0
2025-04-28,W22,Z2,Property Tax,5,5,2,35.1,67.35000000000001,0,0.0
2025-05-05,W22,Z2,Property Tax,10,5,7,61.36666666666667,114.01000000000002,1,0.1
2025-05-12,W22,Z2,Property Tax,7,9,5,90.15,134.85333333333335,3,0.42857142857142855
2025-05-19,W22,Z2,Property Tax,11,8,8,135.65833333333333,201.82333333333332,1,0.09090909090909091
2025-05-26,W22,Z2,Property Tax,6,12,2,77.96666666666667,137.995,0,0.0
2025-06-02,W22,Z2,Property Tax,0,2,0,74.33333333333334,105.0,0,
2025-06-09,W22,Z2,Property Tax,0,0,0,,,0,
2025-06-16,W22,Z2,Property Tax,0,0,0,,,0,
2025-06-23,W22,Z2,Property Tax,0,0,0,,,0,
2024-12-30,W22,Z2,Road Repair,4,0,4,,,3,0.75
2025-01-06,W22,Z2,Road Repair,8,3,9,130.1,149.08666666666667,5,0.625
2025-01-13,W22,Z2,Road Repair,9,6,12,162.45,314.98333333333335,5,0.5555555555555556
2025-01-20,W22,Z2,Road Repair,10,7,15,224.15,421.25333333333333,8,0.8
2025-01-27,W22,Z2,Road Repair,6,6,15,309.59166666666664,600.6500000000001,5,0.8333333333333334
2025-02-03,W22,Z2,Road Repair,10,9,16,187.28333333333333,314.3833333333334,7,0.7
2025-02-10,W22,Z2,Road Repair,3,9,10,238.25,475.00333333333333,1,0.3333333333333333
2025-02-17,W22,Z2,Road Repair,10,7,13,263.68333333333334,595.2833333333334,9,0.9
2025-02-24,W22,Z2,Road Repair,13,3,23,239.08333333333334,424.53666666666663,12,0.9230769230769231
2025-03-03,W22,Z2,Road Repair,15,13,25,239.73333333333332,352.4533333333333,11,0.7333333333333333
2025-03-10,W22,Z2,Road Repair,9,11,23,249.38333333333333,478.3,6,0.6666666666666666
2025-03-17,W22,Z2,Road Repair,7,15,15,296.56666666666666,479.8066666666667,3,0.42857142857142855
2025-03-24,W22,Z2,Road Repair,6,14,7,253.88333333333333,594.6616666666669,5,0.8333333333333334
2025-03-31,W22,Z2,Road Repair,6,3,10,290.71666666666664,293.78333333333336,4,0.6666666666666666
2025-04-07,W22,Z2,Road Repair,6,5,11,249.76666666666668,324.19000000000005,4,0.6666666666666666
2025-04-14,W22,Z2,Road Repair,8,6,13,262.175,344.5,7,0.875
2025-04-21,W22,Z2,Road Repair,15,10,18,257.275,495.9916666666666,11,0.7333333333333333
2025-04-28,W22,Z2,Road Repair,5,9,14,207.41666666666666,379.03,3,0.6
2025-05-05,W22,Z2,Road Repair,5,9,10,265.01666666666665,339.06666666666666,3,0.6
2025-05-12,W22,Z2,Road Repair,5,6,9,214.89166666666665,388.125,4,0.8
2025-05-19,W22,Z2,Road Repair,9,7,11,338.4166666666667,755.2433333333333,5,0.5555555555555556
2025-05-26,W22,Z2,Road Repair,5,6,10,190.15833333333333,315.875,4,0.8
2025-06-02,W22,Z2,Road Repair,0,6,4,261.73333333333335,375.5666666666667,0,
2025-06-09,W22,Z2,Road Repair,0,3,1,336.31666666666666,558.9033333333333,0,
2025-06-16,W22,Z2,Road Repair,0,0,1,,,0,
2025-06-23,W22,Z2,Road Repair,0,0,1,,,0,
2024-12-30,W22,Z2,Stray Animals,5,5,0,14.6,31.153333333333336,0,0.0
2025-01-06,W22,Z2,Stray Animals,11,9,2,11.216666666666667,17.71333333333333,0,0.0
2025-01-13,W22,Z2,Stray Animals,8,9,1,10.35,18.550000000000004,0,0.0
2025-01-20,W22,Z2,Stray Animals,7,8,0,18.525,22.825,0,0.0
2025-01-27,W22,Z2,Stray Animals,4,3,1,25.716666666666665,25.796666666666667,0,0.0
2025-02-03,W22,Z2,Stray Animals,4,5,0,12.566666666666666,35.57666666666667,0,0.0
2025-02-10,W22,Z2,Stray Animals,10,9,1,9.383333333333333,13.876666666666669,0,0.0
2025-02-17,W22,Z2,Stray Animals,8,9,0,14.5,28.066666666666666,0,0.0
2025-02-24,W22,Z2,Stray Animals,6,6,0,9.225,21.116666666666667,0,0.0
2025-03-03,W22,Z2,Stray Animals,9,9,0,12.166666666666666,17.17666666666667,0,0.0
2025-03-10,W22,Z2,Stray Animals,14,12,2,14.183333333333334,24.033333333333335,0,0.0
2025-03-17,W22,Z2,Stray Animals,7,9,0,9.266666666666667,21.02,0,0.0
2025-03-24,W22,Z2,Stray Animals,7,6,1,10.216666666666667,21.21666666666667,0,0.0
2025-03-31,W22,Z2,Stray Animals,11,12,0,15.266666666666666,23.700000000000003,0,0.0
2025-04-07,W22,Z2,Stray Animals,2,1,1,15.283333333333333,15.283333333333333,0,0.0
2025-04-14,W22,Z2,Stray Animals,6,6,1,11.625,21.358333333333334,0,0.0
2025-04-21,W22,Z2,Stray Animals,12,13,0,9.166666666666666,24.77666666666667,0,0.0
2025-04-28,W22,Z2,Stray Animals,7,7,0,9.483333333333333,14.003333333333334,0,0.0
2025-05-05,W22,Z2,Stray Animals,9,7,2,14.933333333333334,38.49333333333334,0,0.0
2025-05-12,W22,Z2,Stray Animals,12,12,2,10.733333333333334,14.118333333333332,0,0.0
2025-05-19,W22,Z2,Stray Animals,8,10,0,11.899999999999999,19.11,0,0.0
2025-05-26,W22,Z2,Stray Animals,9,9,0,18.15,32.63666666666667,0,0.0
2025-06-02,W22,Z2,Stray Animals,0,0,0,,,0,
2025-06-09,W22,Z2,Stray Animals,0,0,0,,,0,
2025-06-16,W22,Z2,Stray Animals,0,0,0,,,0,
2025-06-23,W22,Z2,Stray Animals,0,0,0,,,0,
2024-12-30,W22,Z2,Streetlight,5,3,2,23.35,52.123333333333335,0,0.0
2025-01-06,W22,Z2,Streetlight,5,6,1,25.266666666666666,53.33333333333333,0,0.0
2025-01-13,W22,Z2,Streetlight,8,8,1,27.275,35.696666666666665,0,0.0
2025-01-20,W22,Z2,Streetlight,10,8,3,21.391666666666666,34.97833333333333,0,0.0
2025-01-27,W22,Z2,Streetlight,4,7,0,26.433333333333334,49.05333333333334,0,0.0
2025-02-03,W22,Z2,Streetlight,9,9,0,16.666666666666668,25.396666666666672,0,0.0
2025-02-10,W22,Z2,Streetlight,5,5,0,21.833333333333332,23.943333333333335,0,0.0
2025-02-17,W22,Z2,Streetlight,8,6,2,15.141666666666667,18.291666666666664,0,0.0
2025-02-24,W22,Z2,Streetlight,9,11,0,12.483333333333333,27.266666666666666,0,0.0
2025-03-03,W22,Z2,Streetlight,9,7,2,10.95,19.4,0,0.0
2025-03-10,W22,Z2,Streetlight,8,8,2,14.149999999999999,56.35333333333333,0,0.0
2025-03-17,W22,Z2,Streetlight,5,5,2,35.05,49.14666666666667,0,0.0
2025-03-24,W22,Z2,Streetlight,4,6,0,20.325,58.541666666666664,0,0.0
2025-03-31,W22,Z2,Streetlight,13,10,3,17.508333333333333,39.545,0,0.0
2025-04-07,W22,Z2,Streetlight,9,11,1,19.783333333333335,36.483333333333334,0,0.0
2025-04-14,W22,Z2,Streetlight,9,9,1,18.633333333333333,31.84666666666667,0,0.0
2025-04-21,W22,Z2,Streetlight,11,10,2,19.28333333333333,46.23833333333333,0,0.0
2025-04-28,W22,Z2,Streetlight,9,11,0,21.716666666666665,27.366666666666667,0,0.0
2025-05-05,W22,Z2,Streetlight,10,7,3,20.133333333333333,31.513333333333332,0,0.0
2025-05-12,W22,Z2,Streetlight,10,11,2,22.816666666666666,48.05,0,0.0
2025-05-19,W22,Z2,Streetlight,7,9,0,29.616666666666667,43.833333333333336,0,0.0
2025-05-26,W22,Z2,Streetlight,7,7,0,17.3,46.71000000000001,0,0.0
2025-06-02,W22,Z2,Streetlight,0,0,0,,,0,
2025-06-09,W22,Z2,Streetlight,0,0,0,,,0,
2025-06-16,W22,Z2,Streetlight,0,0,0,,,0,
2025-06-23,W22,Z2,Streetlight,0,0,0,,,0,
2024-12-30,W22,Z2,Water Supply,7,4,3,40.983333333333334,45.593333333333334,0,0.0
2025-01-06,W22,Z2,Water Supply,7,9,1,42.28333333333333,110.8,0,0.0
2025-01-13,W22,Z2,Water Supply,7,4,4,38.30833333333334,53.21333333333334,1,0.14285714285714285
2025-01-20,W22,Z2,Water Supply,3,6,1,84.0,208.63333333333333,0,0.0
2025-01-27,W22,Z2,Water Supply,8,9,0,47.7,110.64,0,0.0
2025-02-03,W22,Z2,Water Supply,14,10,4,49.1,74.09,0,0.0
2025-02-10,W22,Z2,Water Supply,7,7,4,40.166666666666664,59.416666666666664,1,0.14285714285714285
2025-02-17,W22,Z2,Water Supply,8,8,4,67.7,117.78166666666665,0,0.0
2025-02-24,W22,Z2,Water Supply,6,9,1,53.28333333333333,72.41333333333334,0,0.0
2025-03-03,W22,Z2,Water Supply,6,5,2,39.083333333333336,47.89333333333333,0,0.0
2025-03-10,W22,Z2,Water Supply,5,6,1,43.59166666666667,61.59166666666667,0,0.0
2025-03-17,W22,Z2,Water Supply,13,10,4,34.825,70.41999999999999,0,0.0
2025-03-24,W22,Z2,Water Supply,9,11,2,55.4,96.45,0,0.0
2025-03-31,W22,Z2,Water Supply,3,5,0,73.21666666666667,114.24000000000001,0,0.0
2025-04-07,W22,Z2,Water Supply,12,8,4,36.34166666666667,44.78666666666666,1,0.08333333333333333
2025-04-14,W22,Z2,Water Supply,9,11,2,67.93333333333334,105.98333333333333,0,0.0
2025-04-21,W22,Z2,Water Supply,5,5,2,54.56666666666667,105.53,0,0.0
2025-04-28,W22,Z2,Water Supply,6,5,3,56.05,90.01333333333334,0,0.0
2025-05-05,W22,Z2,Water Supply,10,10,3,58.725,118.84166666666665,1,0.1
2025-05-12,W22,Z2,Water Supply,14,10,7,68.24166666666667,161.8816666666666,1,0.07142857142857142
2025-05-19,W22,Z2,Water Supply,8,13,2,62.583333333333336,77.16000000000001,0,0.0
2025-05-26,W22,Z2,Water Supply,7,8,1,51.55,82.0,0,0.0
2025-06-02,W22,Z2,Water Supply,0,1,0,92.93333333333334,92.93333333333334,0,
2025-06-09,W22,Z2,Water Supply,0,0,0,,,0,
2025-06-16,W22,Z2,Water Supply,0,0,0,,,0,
2025-06-23,W22,Z2,Water Supply,0,0,0,,,0,
2024-12-30,W23,Z3,Drainage,5,0,5,,,5,1.0
2025-01-06,W23,Z3,Drainage,7,0,12,,,7,1.0
2025-01-13,W23,Z3,Drainage,11,0,23,,,11,1.0
2025-01-20,W23,Z3,Drainage,9,0,32,,,9,1.0
2025-01-27,W23,Z3,Drainage,10,0,42,,,10,1.0
2025-02-03,W23,Z3,Drainage,7,0,49,,,7,1.0
2025-02-10,W23,Z3,Drainage,8,0,57,,,8,1.0
2025-02-17,W23,Z3,Drainage,11,0,68,,,11,1.0
2025-02-24,W23,Z3,Drainage,8,0,76,,,8,1.0
2025-03-03,W23,Z3,Drainage,9,0,85,,,9,1.0
2025-03-10,W23,Z3,Drainage,9,0,94,,,9,1.0
2025-03-17,W23,Z3,Drainage,4,0,98,,,4,1.0
2025-03-24,W23,Z3,Drainage,8,0,106,,,8,1.0
2025-03-31,W23,Z3,Drainage,7,0,113,,,7,1.0
2025-04-07,W23,Z3,Drainage,5,0,118,,,5,1.0
2025-04-14,W23,Z3,Drainage,10,0,128,,,10,1.0
2025-04-21,W23,Z3,Drainage,7,0,135,,,7,1.0
2025-04-28,W23,Z3,Drainage,9,0,144,,,9,1.0
2025-05-05,W23,Z3,Drainage,9,0,153,,,9,1.0
2025-05-12,W23,Z3,Drainage,9,0,162,,,9,1.0
2025-05-19,W23,Z3,Drainage,7,0,169,,,7,1.0
2025-05-26,W23,Z3,Drainage,7,0,176,,,7,1.0
2025-06-02,W23,Z3,Drainage,0,0,176,,,0,
2025-06-09,W23,Z3,Drainage,0,0,176,,,0,
2025-06-16,W23,Z3,Drainage,0,0,176,,,0,
2025-06-23,W23,Z3,Drainage,0,0,176,,,0,
2024-12-30,W23,Z3,Encroachment,5,0,5,,,5,1.0
2025-01-06,W23,Z3,Encroachment,7,0,12,,,7,1.0
2025-01-13,W23,Z3,Encroachment,15,0,27,,,15,1.0
2025-01-20,W23,Z3,Encroachment,8,0,35,,,8,1.0
2025-01-27,W23,Z3,Encroachment,8,0,43,,,8,1.0
2025-02-03,W23,Z3,Encroachment,15,0,58,,,15,1.0
2025-02-10,W23,Z3,Encroachment,6,0,64,,,6,1.0
2025-02-17,W23,Z3,Encroachment,6,0,70,,,6,1.0
2025-02-24,W23,Z3,Encroachment,5,0,75,,,5,1.0
2025-03-03,W23,Z3,Encroachment,8,0,83,,,8,1.0
2025-03-10,W23,Z3,Encroachment,7,0,90,,,7,1.0
2025-03-17,W23,Z3,Encroachment,9,0,99,,,9,1.0
2025-03-24,W23,Z3,Encroachment,11,0,110,,,11,1.0
2025-03-31,W23,Z3,Encroachment,7,0,117,,,7,1.0
2025-04-07,W23,Z3,Encroachment,12,0,129,,,12,1.0
2025-04-14,W23,Z3,Encroachment,9,0,138,,,9,1.0
2025-04-21,W23,Z3,Encroachment,7,0,145,,,7,1.0
2025-04-28,W23,Z3,Encroachment,9,0,154,,,9,1.0
2025-05-05,W23,Z3,Encroachment,5,0,159,,,5,1.0
2025-05-12,W23,Z3,Encroachment,5,0,164,,,5,1.0
2025-05-19,W23,Z3,Encroachment,7,0,171,,,7,1.0
2025-05-26,W23,Z3,Encroachment,5,0,176,,,5,1.0
2025-06-02,W23,Z3,Encroachment,0,0,176,,,0,
2025-06-09,W23,Z3,Encroachment,0,0,176,,,0,
2025-06-16,W23,Z3,Encroachment,0,0,176,,,0,
2025-06-23,W23,Z3,Encroachment,0,0,176,,,0,
2024-12-30,W23,Z3,Garbage,5,0,5,,,5,1.0
2025-01-06,W23,Z3,Garbage,11,0,16,,,11,1.0
2025-01-13,W23,Z3,Garbage,12,0,28,,,12,1.0
2025-01-20,W23,Z3,Garbage,8,0,36,,,8,1.0
2025-01-27,W23,Z3,Garbage,12,0,48,,,12,1.0
2025-02-03,W23,Z3,Garbage,5,0,53,,,5,1.0
2025-02-10,W23,Z3,Garbage,8,0,61,,,8,1.0
2025-02-17,W23,Z3,Garbage,9,0,70,,,9,1.0
2025-02-24,W23,Z3,Garbage,9,0,79,,,9,1.0
2025-03-03,W23,Z3,Garbage,6,0,85,,,6,1.0
2025-03-10,W23,Z3,Garbage,9,0,94,,,9,1.0
2025-03-17,W23,Z3,Garbage,7,0,101,,,7,1.0
2025-03-24,W23,Z3,Garbage,1,0,102,,,1,1.0
2025-03-31,W23,Z3,Garbage,11,0,113,,,11,1.0
2025-04-07,W23,Z3,Garbage,8,0,121,,,8,1.0
2025-04-14,W23,Z3,Garbage,8,0,129,,,8,1.0
2025-04-21,W23,Z3,Garbage,12,0,141,,,12,1.0
2025-04-28,W23,Z3,Garbage,9,0,150,,,9,1.0
2025-05-05,W23,Z3,Garbage,6,0,156,,,6,1.0
2025-05-12,W23,Z3,Garbage,7,0,163,,,7,1.0
2025-05-19,W23,Z3,Garbage,10,0,173,,,10,1.0
2025-05-26,W23,Z3,Garbage,3,0,176,,,3,1.0
2025-06-02,W23,Z3,Garbage,0,0,176,,,0,
2025-06-09,W23,Z3,Garbage,0,0,176,,,0,
2025-06-16,W23,Z3,Garbage,0,0,176,,,0,
2025-06-23,W23,Z3,Garbage,0,0,176,,,0,
2024-12-30,W23,Z3,Property Tax,3,0,3,,,3,1.0
2025-01-06,W23,Z3,Property Tax,8,0,11,,,8,1.0
2025-01-13,W23,Z3,Property Tax,10,0,21,,,10,1.0
2025-01-20,W23,Z3,Property Tax,5,0,26,,,5,1.0
2025-01-27,W23,Z3,Property Tax,8,0,34,,,8,1.0
2025-02-03,W23,Z3,Property Tax,12,0,46,,,12,1.0
2025-02-10,W23,Z3,Property Tax,7,0,53,,,7,1.0
2025-02-17,W23,Z3,Property Tax,5,0,58,,,5,1.0
2025-02-24,W23,Z3,Property Tax,7,0,65,,,7,1.0
2025-03-03,W23,Z3,Property Tax,8,0,73,,,8,1.0
2025-03-10,W23,Z3,Property Tax,10,0,83,,,10,1.0
2025-03-17,W23,Z3,Property Tax,8,0,91,,,8,1.0
2025-03-24,W23,Z3,Property Tax,5,0,96,,,5,1.0
2025-03-31,W23,Z3,Property Tax,9,0,105,,,9,1.0
2025-04-07,W23,Z3,Property Tax,12,0,117,,,12,1.0
2025-04-14,W23,Z3,Property Tax,12,0,129,,,12,1.0
2025-04-21,W23,Z3,Property Tax,6,0,135,,,6,1.0
2025-04-28,W23,Z3,Property Tax,11,0,146,,,11,1.0
2025-05-05,W23,Z3,Property Tax,5,0,151,,,5,1.0
2025-05-12,W23,Z3,Property Tax,8,0,159,,,8,1.0
2025-05-19,W23,Z3,Property Tax,5,0,164,,,5,1.0
2025-05-26,W23,Z3,Property Tax,10,0,174,,,10,1.0
2025-06-02,W23,Z3,Property Tax,0,0,174,,,0,
2025-06-09,W23,Z3,Property Tax,0,0,174,,,0,
2025-06-16,W23,Z3,Property Tax,0,0,174,,,0,
2025-06-23,W23,Z3,Property Tax,0,0,174,,,0,
2024-12-30,W23,Z3,Road Repair,4,0,4,,,4,1.0
2025-01-06,W23,Z3,Road Repair,12,0,16,,,12,1.0
2025-01-13,W23,Z3,Road Repair,6,0,22,,,6,1.0
2025-01-20,W23,Z3,Road Repair,9,0,31,,,9,1.0
2025-01-27,W23,Z3,Road Repair,7,0,38,,,7,1.0
2025-02-03,W23,Z3,Road Repair,9,0,47,,,9,1.0
2025-02-10,W23,Z3,Road Repair,4,0,51,,,4,1.0
2025-02-17,W23,Z3,Road Repair,2,0,53,,,2,1.0
2025-02-24,W23,Z3,Road Repair,12,0,65,,,12,1.0
2025-03-03,W23,Z3,Road Repair,10,0,75,,,10,1.0
2025-03-10,W23,Z3,Road Repair,5,0,80,,,5,1.0
2025-03-17,W23,Z3,Road Repair,13,0,93,,,13,1.0
2025-03-24,W23,Z3,Road Repair,9,0,102,,,9,1.0
2025-03-31,W23,Z3,Road Repair,12,0,114,,,12,1.0
2025-04-07,W23,Z3,Road Repair,6,0,120,,,6,1.0
2025-04-14,W23,Z3,Road Repair,4,0,124,,,4,1.0
2025-04-21,W23,Z3,Road Repair,8,0,132,,,8,1.0
2025-04-28,W23,Z3,Road Repair,7,0,139,,,7,1.0
2025-05-05,W23,Z3,Road Repair,10,0,149,,,10,1.0
2025-05-12,W23,Z3,Road Repair,8,0,157,,,8,1.0
2025-05-19,W23,Z3,Road Repair,12,0,169,,,12,1.0
2025-05-26,W23,Z3,Road Repair,5,0,174,,,5,1.0
2025-06-02,W23,Z3,Road Repair,0,0,174,,,0,
2025-06-09,W23,Z3,Road Repair,0,0,174,,,0,
2025-06-16,W23,Z3,Road Repair,0,0,174,,,0,
2025-06-23,W23,Z3,Road Repair,0,0,174,,,0,
2024-12-30,W23,Z3,Stray Animals,11,0,11,,,11,1.0
2025-01-06,W23,Z3,Stray Animals,9,0,20,,,9,1.0
2025-01-13,W23,Z3,Stray Animals,11,0,31,,,11,1.0
2025-01-20,W23,Z3,Stray Animals,7,0,38,,,7,1.0
2025-01-27,W23,Z3,Stray Animals,8,0,46,,,8,1.0
2025-02-03,W23,Z3,Stray Animals,7,0,53,,,7,1.0
2025-02-10,W23,Z3,Stray Animals,6,0,59,,,6,1.0
2025-02-17,W23,Z3,Stray Animals,4,0,63,,,4,1.0
2025-02-24,W23,Z3,Stray Animals,9,0,72,,,9,1.0
2025-03-03,W23,Z3,Stray Animals,10,0,82,,,10,1.0
2025-03-10,W23,Z3,Stray Animals,7,0,89,,,7,1.0
2025-03-17,W23,Z3,Stray Animals,10,0,99,,,10,1.0
2025-03-24,W23,Z3,Stray Animals,6,0,105,,,6,1.0
2025-03-31,W23,Z3,Stray Animals,13,0,118,,,13,1.0
2025-04-07,W23,Z3,Stray Animals,7,0,125,,,7,1.0
2025-04-14,W23,Z3,Stray Animals,10,0,135,,,10,1.0
2025-04-21,W23,Z3,Stray Animals,5,0,140,,,5,1.0
2025-04-28,W23,Z3,Stray Animals,6,0,146,,,6,1.0
2025-05-05,W23,Z3,Stray Animals,6,0,152,,,6,1.0
2025-05-12,W23,Z3,Stray Animals,10,0,162,,,10,1.0
2025-05-19,W23,Z3,Stray Animals,8,0,170,,,8,1.0
2025-05-26,W23,Z3,Stray Animals,6,0,176,,,6,1.0
2025-06-02,W23,Z3,Stray Animals,0,0,176,,,0,
2025-06-09,W23,Z3,Stray Animals,0,0,176,,,0,
2025-06-16,W23,Z3,Stray Animals,0,0,176,,,0,
2025-06-23,W23,Z3,Stray Animals,0,0,176,,,0,
2024-12-30,W23,Z3,Streetlight,2,0,2,,,2,1.0
2025-01-06,W23,Z3,Streetlight,11,0,13,,,11,1.0
2025-01-13,W23,Z3,Streetlight,13,0,26,,,13,1.0
2025-01-20,W23,Z3,Streetlight,5,0,31,,,5,1.0
2025-01-27,W23,Z3,Streetlight,6,0,37,,,6,1.0
2025-02-03,W23,Z3,Streetlight,4,0,41,,,4,1.0
2025-02-10,W23,Z3,Streetlight,13,0,54,,,13,1.0
2025-02-17,W23,Z3,Streetlight,8,0,62,,,8,1.0
2025-02-24,W23,Z3,Streetlight,9,0,71,,,9,1.0
2025-03-03,W23,Z3,Streetlight,7,0,78,,,7,1.0
2025-03-10,W23,Z3,Streetlight,9,0,87,,,9,1.0
2025-03-17,W23,Z3,Streetlight,10,0,97,,,10,1.0
2025-03-24,W23,Z3,Streetlight,6,0,103,,,6,1.0
2025-03-31,W23,Z3,Streetlight,11,0,114,,,11,1.0
2025-04-07,W23,Z3,Streetlight,7,0,121,,,7,1.0
2025-04-14,W23,Z3,Streetlight,4,0,125,,,4,1.0
2025-04-21,W23,Z3,Streetlight,8,0,133,,,8,1.0
2025-04-28,W23,Z3,Streetlight,10,0,143,,,10,1.0
2025-05-05,W23,Z3,Streetlight,11,0,154,,,11,1.0
2025-05-12,W23,Z3,Streetlight,10,0,164,,,10,1.0
2025-05-19,W23,Z3,Streetlight,5,0,169,,,5,1.0
2025-05-26,W23,Z3,Streetlight,5,0,174,,,5,1.0
2025-06-02,W23,Z3,Streetlight,0,0,174,,,0,
2025-06-09,W23,Z3,Streetlight,0,0,174,,,0,
2025-06-16,W23,Z3,Streetlight,0,0,174,,,0,
2025-06-23,W23,Z3,Streetlight,0,0,174,,,0,
2024-12-30,W23,Z3,Water Supply,6,0,6,,,6,1.0
2025-01-06,W23,Z3,Water Supply,6,0,12,,,6,1.0
2025-01-13,W23,Z3,Water Supply,6,0,18,,,6,1.0
2025-01-20,W23,Z3,Water Supply,8,0,26,,,8,1.0
2025-01-27,W23,Z3,Water Supply,11,0,37,,,11,1.0
2025-02-03,W23,Z3,Water Supply,5,0,42,,,5,1.0
2025-02-10,W23,Z3,Water Supply,17,0,59,,,17,1.0
2025-02-17,W23,Z3,Water Supply,6,0,65,,,6,1.0
2025-02-24,W23,Z3,Water Supply,5,0,70,,,5,1.0
2025-03-03,W23,Z3,Water Supply,18,0,88,,,18,1.0
2025-03-10,W23,Z3,Water Supply,10,0,98,,,10,1.0
2025-03-17,W23,Z3,Water Supply,5,0,103,,,5,1.0
2025-03-24,W23,Z3,Water Supply,8,0,111,,,8,1.0
2025-03-31,W23,Z3,Water Supply,4,0,115,,,4,1.0
2025-04-07,W23,Z3,Water Supply,3,0,118,,,3,1.0
2025-04-14,W23,Z3,Water Supply,7,0,125,,,7,1.0
2025-04-21,W23,Z3,Water Supply,11,0,136,,,11,1.0
2025-04-28,W23,Z3,Water Supply,8,0,144,,,8,1.0
2025-05-05,W23,Z3,Water Supply,11,0,155,,,11,1.0
2025-05-12,W23,Z3,Water Supply,8,0,163,,,8,1.0
2025-05-19,W23,Z3,Water Supply,8,0,171,,,8,1.0
2025-05-26,W23,Z3,Water Supply,3,0,174,,,3,1.0
2025-06-02,W23,Z3,Water Supply,0,0,174,,,0,
2025-06-09,W23,Z3,Water Supply,0,0,174,,,0,
2025-06-16,W23,Z3,Water Supply,0,0,174,,,0,
2025-06-23,W23,Z3,Water Supply,0,0,174,,,0,
2024-12-30,W24,Z4,Drainage,10,6,4,61.858333333333334,90.60833333333333,0,0.0
2025-01-06,W24,Z4,Drainage,14,11,7,82.26666666666667,125.56666666666666,3,0.21428571428571427
2025-01-13,W24,Z4,Drainage,6,7,6,115.5,177.76333333333335,2,0.3333333333333333
2025-01-20,W24,Z4,Drainage,7,10,3,98.075,207.56166666666664,1,0.14285714285714285
2025-01-27,W24,Z4,Drainage,9,4,8,67.80833333333334,81.71333333333334,2,0.2222222222222222
2025-02-03,W24,Z4,Drainage,8,8,8,110.20833333333334,201.13666666666666,0,0.0
2025-02-10,W24,Z4,Drainage,8,10,6,92.60833333333333,142.42499999999998,1,0.125
2025-02-17,W24,Z4,Drainage,8,12,2,97.14166666666667,157.93666666666667,1,0.125
2025-02-24,W24,Z4,Drainage,9,4,7,74.59166666666667,109.53333333333335,3,0.3333333333333333
2025-03-03,W24,Z4,Drainage,10,12,5,128.6,230.6466666666667,2,0.2
2025-03-10,W24,Z4,Drainage,4,6,3,98.01666666666667,245.78333333333333,0,0.0
2025-03-17,W24,Z4,Drainage,6,6,3,78.15833333333333,180.05833333333334,1,0.16666666666666666
2025-03-24,W24,Z4,Drainage,15,7,11,58.71666666666667,165.22,0,0.0
2025-03-31,W24,Z4,Drainage,9,13,7,87.41666666666667,127.26333333333335,4,0.4444444444444444
2025-04-07,W24,Z4,Drainage,6,6,7,108.80833333333334,196.34166666666667,1,0.16666666666666666
2025-04-14,W24,Z4,Drainage,5,10,2,89.0,314.1766666666666,0,0.0
2025-04-21,W24,Z4,Drainage,2,2,2,108.85,145.78333333333333,0,0.0
2025-04-28,W24,Z4,Drainage,8,7,3,65.81666666666666,93.68333333333335,1,0.125
2025-05-05,W24,Z4,Drainage,11,8,6,58.88333333333333,130.95666666666665,1,0.09090909090909091
2025-05-12,W24,Z4,Drainage,4,7,3,106.15,120.24333333333333,0,0.0
2025-05-19,W24,Z4,Drainage,5,6,2,89.66666666666666,228.58333333333334,0,0.0
2025-05-26,W24,Z4,Drainage,12,7,7,88.9,113.49666666666667,2,0.16666666666666666
2025-06-02,W24,Z4,Drainage,0,6,1,110.67500000000001,183.39166666666665,0,
2025-06-09,W24,Z4,Drainage,0,1,0,243.0,243.0,0,
2025-06-16,W24,Z4,Drainage,0,0,0,,,0,
2025-06-23,W24,Z4,Drainage,0,0,0,,,0,
2024-12-30,W24,Z4,Encroachment,5,0,5,,,4,0.8
2025-01-06,W24,Z4,Encroachment,6,3,8,156.4,175.53333333333333,4,0.6666666666666666
2025-01-13,W24,Z4,Encroachment,7,3,12,227.83333333333334,250.16666666666669,5,0.7142857142857143
2025-01-20,W24,Z4,Encroachment,7,6,13,224.25833333333333,353.7166666666667,7,1.0
2025-01-27,W24,Z4,Encroachment,10,6,17,372.8416666666667,571.9833333333333,8,0.8
2025-02-03,W24,Z4,Encroachment,13,9,21,218.53333333333333,335.8166666666667,11,0.8461538461538461
2025-02-10,W24,Z4,Encroachment,8,6,23,295.6583333333333,505.8666666666667,8,1.0
2025-02-17,W24,Z4,Encroachment,6,11,18,356.06666666666666,577.1333333333333,5,0.8333333333333334
2025-02-24,W24,Z4,Encroachment,10,4,24,281.35,593.2766666666668,10,1.0
2025-03-03,W24,Z4,Encroachment,9,10,23,446.60833333333335,626.4283333333333,8,0.8888888888888888
2025-03-10,W24,Z4,Encroachment,7,10,20,267.08333333333337,882.0083333333332,5,0.7142857142857143
2025-03-17,W24,Z4,Encroachment,9,9,20,379.8333333333333,620.34,7,0.7777777777777778
2025-03-24,W24,Z4,Encroachment,11,7,24,371.26666666666665,509.18000000000006,9,0.8181818181818182
2025-03-31,W24,Z4,Encroachment,6,13,17,379.18333333333334,641.7766666666666,6,1.0
2025-04-07,W24,Z4,Encroachment,9,10,16,334.76666666666665,539.6766666666664,9,1.0
2025-04-14,W24,Z4,Encroachment,12,5,23,287.53333333333336,487.03333333333336,12,1.0
2025-04-21,W24,Z4,Encroachment,12,11,24,306.73333333333335,553.6333333333333,10,0.8333333333333334
2025-04-28,W24,Z4,Encroachment,9,7,26,276.28333333333336,453.52000000000004,8,0.8888888888888888
2025-05-05,W24,Z4,Encroachment,6,11,21,460.65,683.8166666666667,6,1.0
2025-05-12,W24,Z4,Encroachment,5,10,16,496.35833333333335,563.2716666666666,5,1.0
2025-05-19,W24,Z4,Encroachment,5,3,18,276.53333333333336,396.96000000000004,4,0.8
2025-05-26,W24,Z4,Encroachment,4,7,15,417.85,595.3633333333333,4,1.0
2025-06-02,W24,Z4,Encroachment,0,6,9,415.3666666666667,757.2750000000001,0,
2025-06-09,W24,Z4,Encroachment,0,6,3,508.32500000000005,949.5416666666667,0,
2025-06-16,W24,Z4,Encroachment,0,2,1,989.2416666666667,1282.2083333333335,0,
2025-06-23,W24,Z4,Encroachment,0,1,0,1032.9166666666667,1032.9166666666667,0,
2024-12-30,W24,Z4,Garbage,6,2,4,25.999999999999996,41.54666666666667,0,0.0
2025-01-06,W24,Z4,Garbage,7,10,1,29.174999999999997,63.54,0,0.0
2025-01-13,W24,Z4,Garbage,17,15,3,23.083333333333332,50.16333333333333,0,0.0
2025-01-20,W24,Z4,Garbage,10,13,0,31.05,59.62333333333334,0,0.0
2025-01-27,W24,Z4,Garbage,8,7,1,18.933333333333334,44.37666666666667,0,0.0
2025-02-03,W24,Z4,Garbage,6,4,3,28.7,35.125,0,0.0
2025-02-10,W24,Z4,Garbage,9,11,1,34.63333333333333,71.68333333333334,0,0.0
2025-02-17,W24,Z4,Garbage,11,9,3,30.1,57.78333333333334,0,0.0
2025-02-24,W24,Z4,Garbage,7,8,2,39.96666666666667,87.85166666666666,0,0.0
2025-03-03,W24,Z4,Garbage,11,8,5,26.483333333333334,40.391666666666666,0,0.0
2025-03-10,W24,Z4,Garbage,11,13,3,35.916666666666664,70.99333333333334,0,0.0
2025-03-17,W24,Z4,Garbage,12,12,3,32.53333333333333,69.52000000000001,0,0.0
2025-03-24,W24,Z4,Garbage,8,9,2,28.916666666666668,59.640000000000015,0,0.0
2025-03-31,W24,Z4,Garbage,4,6,0,38.15,90.44166666666666,0,0.0
2025-04-07,W24,Z4,Garbage,11,8,3,23.700000000000003,49.986666666666665,0,0.0
2025-04-14,W24,Z4,Garbage,6,9,0,30.05,49.99333333333333,0,0.0
2025-04-21,W24,Z4,Garbage,4,4,0,29.549999999999997,35.33166666666666,0,0.0
2025-04-28,W24,Z4,Garbage,6,4,2,27.108333333333334,34.60166666666667,0,0.0
2025-05-05,W24,Z4,Garbage,3,5,0,27.633333333333333,69.08333333333333,0,0.0
2025-05-12,W24,Z4,Garbage,8,6,2,31.674999999999997,35.625,0,0.0
2025-05-19,W24,Z4,Garbage,6,7,1,44.166666666666664,53.753333333333345,0,0.0
2025-05-26,W24,Z4,Garbage,5,5,1,38.583333333333336,74.01,0,0.0
2025-06-02,W24,Z4,Garbage,0,1,0,84.11666666666666,84.11666666666666,0,
2025-06-09,W24,Z4,Garbage,0,0,0,,,0,
2025-06-16,W24,Z4,Garbage,0,0,0,,,0,
2025-06-23,W24,Z4,Garbage,0,0,0,,,0,
2024-12-30,W24,Z4,Property Tax,6,2,4,72.1,91.47333333333333,1,0.16666666666666666
2025-01-06,W24,Z4,Property Tax,11,7,8,66.33333333333333,159.6266666666667,3,0.2727272727272727
2025-01-13,W24,Z4,Property Tax,13,15,6,81.55,181.11666666666662,0,0.0
2025-01-20,W24,Z4,Property Tax,10,12,4,99.225,156.76166666666666,1,0.1
2025-01-27,W24,Z4,Property Tax,10,6,8,89.14166666666668,154.77499999999998,1,0.1
2025-02-03,W24,Z4,Property Tax,9,13,4,90.98333333333333,152.49333333333334,1,0.1111111111111111
2025-02-10,W24,Z4,Property Tax,6,6,4,87.825,146.11666666666667,1,0.16666666666666666
2025-02-17,W24,Z4,Property Tax,15,15,4,60.083333333333336,129.7733333333333,2,0.13333333333333333
2025-02-24,W24,Z4,Property Tax,7,6,5,69.78333333333333,187.88333333333333,0,0.0
2025-03-03,W24,Z4,Property Tax,13,13,5,74.18333333333334,155.68333333333334,0,0.0
2025-03-10,W24,Z4,Property Tax,9,9,5,90.26666666666667,121.42333333333335,0,0.0
2025-03-17,W24,Z4,Property Tax,4,7,2,61.45,105.64666666666668,1,0.25
2025-03-24,W24,Z4,Property Tax,8,5,5,50.416666666666664,157.15,1,0.125
2025-03-31,W24,Z4,Property Tax,5,8,2,71.90833333333333,117.04166666666666,0,0.0
2025-04-07,W24,Z4,Property Tax,7,7,2,55.53333333333333,187.6133333333334,1,0.14285714285714285
2025-04-14,W24,Z4,Property Tax,4,3,3,106.8,165.68,0,0.0
2025-04-21,W24,Z4,Property Tax,4,6,1,39.13333333333333,67.55833333333334,0,0.0
2025-04-28,W24,Z4,Property Tax,3,2,2,65.225,65.965,0,0.0
2025-05-05,W24,Z4,Property Tax,10,6,6,43.34166666666667,135.55833333333334,0,0.0
2025-05-12,W24,Z4,Property Tax,7,11,2,87.4,135.2,1,0.14285714285714285
2025-05-19,W24,Z4,Property Tax,6,4,4,56.375,99.55166666666668,0,0.0
2025-05-26,W24,Z4,Property Tax,7,9,2,64.21666666666667,158.17000000000002,0,0.0
2025-06-02,W24,Z4,Property Tax,0,2,0,101.95833333333334,104.35166666666667,0,
2025-06-09,W24,Z4,Property Tax,0,0,0,,,0,
2025-06-16,W24,Z4,Property Tax,0,0,0,,,0,
2025-06-23,W24,Z4,Property Tax,0,0,0,,,0,
2024-12-30,W24,Z4,Road Repair,4,0,4,,,4,1.0
2025-01-06,W24,Z4,Road Repair,6,0,10,,,5,0.8333333333333334
2025-01-13,W24,Z4,Road Repair,8,6,12,228.6,244.59166666666667,7,0.875
2025-01-20,W24,Z4,Road Repair,9,8,13,201.18333333333334,410.58,7,0.7777777777777778
2025-01-27,W24,Z4,Road Repair,5,6,12,241.53333333333333,522.4916666666667,4,0.8
2025-02-03,W24,Z4,Road Repair,9,7,14,295.76666666666665,498.36333333333334,9,1.0
2025-02-10,W24,Z4,Road Repair,12,9,17,287.1,421.34333333333336,9,0.75
2025-02-17,W24,Z4,Road Repair,8,15,10,230.45,313.7933333333333,5,0.625
2025-02-24,W24,Z4,Road Repair,8,7,11,199.45,479.09000000000015,6,0.75
2025-03-03,W24,Z4,Road Repair,6,4,13,196.81666666666666,271.8416666666667,4,0.6666666666666666
2025-03-10,W24,Z4,Road Repair,10,6,17,113.26666666666667,442.64166666666665,4,0.4
2025-03-17,W24,Z4,Road Repair,10,13,14,188.33333333333334,567.2,8,0.8
2025-03-24,W24,Z4,Road Repair,6,7,13,425.28333333333336,659.8800000000001,5,0.8333333333333334
2025-03-31,W24,Z4,Road Repair,12,6,19,271.9666666666667,332.1333333333333,9,0.75
2025-04-07,W24,Z4,Road Repair,7,13,13,244.48333333333332,413.1500000000001,6,0.8571428571428571
2025-04-14,W24,Z4,Road Repair,9,8,14,258.0916666666667,424.7733333333333,7,0.7777777777777778
2025-04-21,W24,Z4,Road Repair,3,9,8,272.18333333333334,643.12,2,0.6666666666666666
2025-04-28,W24,Z4,Road Repair,6,5,9,263.75,298.27,3,0.5
2025-05-05,W24,Z4,Road Repair,11,6,14,169.33333333333331,463.675,10,0.9090909090909091
2025-05-12,W24,Z4,Road Repair,7,6,15,195.0,275.65,7,1.0
2025-05-19,W24,Z4,Road Repair,11,5,21,413.56666666666666,583.6666666666666,9,0.8181818181818182
2025-05-26,W24,Z4,Road Repair,7,12,16,294.275,463.2666666666667,6,0.8571428571428571
2025-06-02,W24,Z4,Road Repair,0,8,8,293.95833333333337,630.3399999999999,0,
2025-06-09,W24,Z4,Road Repair,0,2,6,506.725,529.2783333333333,0,
2025-06-16,W24,Z4,Road Repair,0,4,2,608.9916666666667,825.5883333333334,0,
2025-06-23,W24,Z4,Road Repair,0,1,1,632.4333333333333,632.4333333333333,0,
2024-12-30,W24,Z4,Stray Animals,6,3,3,10.05,13.716666666666667,0,0.0
2025-01-06,W24,Z4,Stray Animals,12,15,0,10.783333333333333,25.709999999999997,0,0.0
2025-01-13,W24,Z4,Stray Animals,10,9,1,6.8,23.92,0,0.0
2025-01-20,W24,Z4,Stray Animals,11,12,0,9.7,15.473333333333333,0,0.0
2025-01-27,W24,Z4,Stray Animals,7,7,0,11.016666666666667,23.88000000000001,0,0.0
2025-02-03,W24,Z4,Stray Animals,13,13,0,12.783333333333333,23.723333333333336,0,0.0
2025-02-10,W24,Z4,Stray Animals,7,6,1,10.591666666666667,19.28333333333333,0,0.0
2025-02-17,W24,Z4,Stray Animals,9,9,1,8.4,33.85,0,0.0
2025-02-24,W24,Z4,Stray Animals,8,8,1,8.666666666666666,25.22333333333333,0,0.0
2025-03-03,W24,Z4,Stray Animals,8,9,0,12.916666666666666,26.323333333333338,0,0.0
2025-03-10,W24,Z4,Stray Animals,7,7,0,14.416666666666666,21.05,0,0.0
2025-03-17,W24,Z4,Stray Animals,7,6,1,9.916666666666668,23.78333333333333,0,0.0
2025-03-24,W24,Z4,Stray Animals,6,5,2,11.733333333333333,23.936666666666667,0,0.0
2025-03-31,W24,Z4,Stray Animals,2,4,0,20.083333333333336,44.97500000000001,0,0.0
2025-04-07,W24,Z4,Stray Animals,7,7,0,8.466666666666667,10.856666666666667,0,0.0
2025-04-14,W24,Z4,Stray Animals,7,7,0,16.716666666666665,20.793333333333333,0,0.0
2025-04-21,W24,Z4,Stray Animals,8,7,1,10.5,13.870000000000003,0,0.0
2025-04-28,W24,Z4,Stray Animals,11,12,0,12.791666666666668,29.0,0,0.0
2025-05-05,W24,Z4,Stray Animals,13,11,2,16.55,21.883333333333333,0,0.0
2025-05-12,W24,Z4,Stray Animals,9,10,1,15.291666666666666,25.058333333333334,0,0.0
2025-05-19,W24,Z4,Stray Animals,4,5,0,11.516666666666667,29.60333333333333,0,0.0
2025-05-26,W24,Z4,Stray Animals,4,3,1,11.05,11.556666666666667,0,0.0
2025-06-02,W24,Z4,Stray Animals,0,1,0,29.366666666666667,29.366666666666667,0,
2025-06-09,W24,Z4,Stray Animals,0,0,0,,,0,
2025-06-16,W24,Z4,Stray Animals,0,0,0,,,0,
2025-06-23,W24,Z4,Stray Animals,0,0,0,,,0,
2024-12-30,W24,Z4,Streetlight,8,5,3,11.35,25.86,0,0.0
2025-01-06,W24,Z4,Streetlight,5,7,1,19.933333333333334,57.146666666666675,0,0.0
2025-01-13,W24,Z4,Streetlight,9,9,1,11.383333333333333,33.84,0,0.0
2025-01-20,W24,Z4,Streetlight,9,9,1,12.733333333333333,20.846666666666668,0,0.0
2025-01-27,W24,Z4,Streetlight,7,7,1,13.616666666666667,32.19666666666667,0,0.0
2025-02-03,W24,Z4,Streetlight,13,12,2,21.741666666666667,60.66333333333334,0,0.0
2025-02-10,W24,Z4,Streetlight,10,10,2,10.883333333333333,19.424999999999994,0,0.0
2025-02-17,W24,Z4,Streetlight,10,9,3,17.866666666666667,42.690000000000005,0,0.0
2025-02-24,W24,Z4,Streetlight,6,9,0,20.1,49.65666666666667,0,0.0
2025-03-03,W24,Z4,Streetlight,9,8,1,12.716666666666667,21.361666666666668,0,0.0
2025-03-10,W24,Z4,Streetlight,12,12,1,13.541666666666666,29.955000000000002,0,0.0
2025-03-17,W24,Z4,Streetlight,6,7,0,15.333333333333334,29.393333333333338,0,0.0
2025-03-24,W24,Z4,Streetlight,9,9,0,17.633333333333333,31.816666666666666,0,0.0
2025-03-31,W24,Z4,Streetlight,7,7,0,20.25,31.506666666666668,0,0.0
2025-04-07,W24,Z4,Streetlight,6,3,3,45.15,46.71,1,0.16666666666666666
2025-04-14,W24,Z4,Streetlight,6,9,0,22.1,82.10000000000002,0,0.0
2025-04-21,W24,Z4,Streetlight,12,11,1,19.05,41.5,0,0.0
2025-04-28,W24,Z4,Streetlight,5,6,0,13.508333333333333,25.741666666666667,0,0.0
2025-05-05,W24,Z4,Streetlight,6,6,0,21.475,25.96666666666667,0,0.0
2025-05-12,W24,Z4,Streetlight,6,5,1,15.966666666666667,19.32,0,0.0
2025-05-19,W24,Z4,Streetlight,3,4,0,18.558333333333334,28.798333333333332,0,0.0
2025-05-26,W24,Z4,Streetlight,10,10,0,17.833333333333336,31.434999999999988,0,0.0
2025-06-02,W24,Z4,Streetlight,0,0,0,,,0,
2025-06-09,W24,Z4,Streetlight,0,0,0,,,0,
2025-06-16,W24,Z4,Streetlight,0,0,0,,,0,
2025-06-23,W24,Z4,Streetlight,0,0,0,,,0,
2024-12-30,W24,Z4,Water Supply,10,8,2,30.799999999999997,55.91833333333333,0,0.0
2025-01-06,W24,Z4,Water Supply,11,10,3,32.88333333333333,78.5483333333333,0,0.0
2025-01-13,W24,Z4,Water Supply,5,6,2,46.84166666666667,86.36666666666666,0,0.0
2025-01-20,W24,Z4,Water Supply,9,8,3,65.975,119.36833333333334,0,0.0
2025-01-27,W24,Z4,Water Supply,7,9,1,46.583333333333336,74.70666666666666,0,0.0
2025-02-03,W24,Z4,Water Supply,10,7,4,41.4,59.056666666666665,0,0.0
2025-02-10,W24,Z4,Water Supply,11,10,5,47.666666666666664,69.73499999999999,0,0.0
2025-02-17,W24,Z4,Water Supply,9,10,4,52.54166666666667,126.24,0,0.0
2025-02-24,W24,Z4,Water Supply,7,9,2,52.833333333333336,91.23333333333335,0,0.0
2025-03-03,W24,Z4,Water Supply,8,6,4,28.975,80.225,0,0.0
2025-03-10,W24,Z4,Water Supply,10,11,3,44.5,56.61666666666667,0,0.0
2025-03-17,W24,Z4,Water Supply,8,9,2,42.666666666666664,104.81,0,0.0
2025-03-24,W24,Z4,Water Supply,8,8,2,45.90833333333333,115.00333333333333,0,0.0
2025-03-31,W24,Z4,Water Supply,11,8,5,45.54166666666667,77.22666666666666,0,0.0
2025-04-07,W24,Z4,Water Supply,6,9,2,64.66666666666667,161.39333333333335,0,0.0
2025-04-14,W24,Z4,Water Supply,1,3,0,54.61666666666667,72.41666666666666,0,0.0
2025-04-21,W24,Z4,Water Supply,8,5,3,43.333333333333336,56.20333333333333,0,0.0
2025-04-28,W24,Z4,Water Supply,9,7,5,29.416666666666668,103.87333333333336,0,0.0
2025-05-05,W24,Z4,Water Supply,6,9,2,76.05,94.44,0,0.0
2025-05-12,W24,Z4,Water Supply,5,5,2,42.53333333333333,74.11666666666666,1,0.2
2025-05-19,W24,Z4,Water Supply,7,5,4,41.733333333333334,134.98333333333335,0,0.0
2025-05-26,W24,Z4,Water Supply,8,9,3,53.86666666666667,134.00666666666666,0,0.0
2025-06-02,W24,Z4,Water Supply,0,3,0,90.06666666666666,115.42666666666666,0,
2025-06-09,W24,Z4,Water Supply,0,0,0,,,0,
2025-06-16,W24,Z4,Water Supply,0,0,0,,,0,
2025-06-23,W24,Z4,Water Supply,0,0,0,,,0,
2024-12-30,W25,Z0,Drainage,4,1,3,31.35,31.35,0,0.0
2025-01-06,W25,Z0,Drainage,7,5,5,86.31666666666666,116.01333333333332,2,0.2857142857142857
2025-01-13,W25,Z0,Drainage,13,6,12,119.55000000000001,182.21666666666667,5,0.38461538461538464
2025-01-20,W25,Z0,Drainage,9,13,8,117.51666666666667,176.03333333333333,3,0.3333333333333333
2025-01-27,W25,Z0,Drainage,7,8,7,94.94999999999999,219.69166666666666,1,0.14285714285714285
2025-02-03,W25,Z0,Drainage,6,8,5,160.31666666666666,311.6716666666666,2,0.3333333333333333
2025-02-10,W25,Z0,Drainage,8,8,5,83.05833333333334,126.50999999999998,3,0.375
2025-02-17,W25,Z0,Drainage,6,3,8,78.9,242.42000000000002,0,0.0
2025-02-24,W25,Z0,Drainage,3,9,2,158.25,296.50333333333333,0,0.0
2025-03-03,W25,Z0,Drainage,11,7,6,73.85,127.31666666666668,3,0.2727272727272727
2025-03-10,W25,Z0,Drainage,4,6,4,155.64166666666665,211.78333333333336,2,0.5
2025-03-17,W25,Z0,Drainage,16,10,10,91.125,178.53666666666663,2,0.125
2025-03-24,W25,Z0,Drainage,11,12,9,98.25833333333333,150.39,3,0.2727272727272727
2025-03-31,W25,Z0,Drainage,5,11,3,115.1,189.53333333333333,1,0.2
2025-04-07,W25,Z0,Drainage,5,6,2,129.08333333333331,155.075,0,0.0
2025-04-14,W25,Z0,Drainage,10,7,5,87.58333333333333,200.4833333333334,1,0.1
2025-04-21,W25,Z0,Drainage,4,5,4,74.0,149.15333333333334,1,0.25
2025-04-28,W25,Z0,Drainage,11,11,4,112.18333333333334,186.76666666666668,1,0.09090909090909091
2025-05-05,W25,Z0,Drainage,8,5,7,67.0,105.52,3,0.375
2025-05-12,W25,Z0,Drainage,6,7,6,96.3,193.36,0,0.0
2025-05-19,W25,Z0,Drainage,12,9,9,138.46666666666667,185.32333333333335,3,0.25
2025-05-26,W25,Z0,Drainage,10,13,6,125.83333333333333,194.61333333333334,1,0.1
2025-06-02,W25,Z0,Drainage,0,6,0,107.82499999999999,217.76666666666668,0,
2025-06-09,W25,Z0,Drainage,0,0,0,,,0,
2025-06-16,W25,Z0,Drainage,0,0,0,,,0,
2025-06-23,W25,Z0,Drainage,0,0,0,,,0,
2024-12-30,W25,Z0,Encroachment,7,0,7,,,6,0.8571428571428571
2025-01-06,W25,Z0,Encroachment,6,3,10,201.65,209.31666666666666,5,0.8333333333333334
2025-01-13,W25,Z0,Encroachment,11,6,15,251.93333333333334,292.26666666666665,11,1.0
2025-01-20,W25,Z0,Encroachment,10,4,21,357.1166666666667,449.27666666666664,8,0.8
2025-01-27,W25,Z0,Encroachment,6,6,21,189.58333333333331,352.17499999999995,6,1.0
2025-02-03,W25,Z0,Encroachment,7,8,20,491.92499999999995,613.4483333333334,7,1.0
2025-02-10,W25,Z0,Encroachment,8,7,21,461.96666666666664,670.5200000000001,7,0.875
2025-02-17,W25,Z0,Encroachment,5,9,17,280.4166666666667,603.59,4,0.8
2025-02-24,W25,Z0,Encroachment,6,6,17,392.75,612.5833333333334,6,1.0
2025-03-03,W25,Z0,Encroachment,11,14,14,413.23333333333335,693.0466666666667,11,1.0
2025-03-10,W25,Z0,Encroachment,8,5,17,337.7,904.6166666666668,8,1.0
2025-03-17,W25,Z0,Encroachment,9,6,20,275.1583333333333,346.5083333333333,8,0.8888888888888888
2025-03-24,W25,Z0,Encroachment,6,4,22,317.48333333333335,504.5766666666667,5,0.8333333333333334
2025-03-31,W25,Z0,Encroachment,12,12,22,440.2833333333333,559.24,12,1.0
2025-04-07,W25,Z0,Encroachment,8,3,27,346.46666666666664,446.3466666666667,7,0.875
2025-04-14,W25,Z0,Encroachment,8,9,26,384.51666666666665,623.0266666666666,6,0.75
2025-04-21,W25,Z0,Encroachment,8,12,22,509.675,760.6883333333334,8,1.0
2025-04-28,W25,Z0,Encroachment,8,4,26,392.94166666666666,733.9483333333334,7,0.875
2025-05-05,W25,Z0,Encroachment,12,11,27,394.78333333333336,655.9833333333333,11,0.9166666666666666
2025-05-12,W25,Z0,Encroachment,11,15,23,387.53333333333336,825.9,10,0.9090909090909091
2025-05-19,W25,Z0,Encroachment,5,5,23,278.0,290.67333333333335,4,0.8
2025-05-26,W25,Z0,Encroachment,4,10,17,384.875,673.4333333333334,4,1.0
2025-06-02,W25,Z0,Encroachment,0,7,10,435.98333333333335,717.8100000000001,0,
2025-06-09,W25,Z0,Encroachment,0,4,6,704.1666666666667,1212.5300000000002,0,
2025-06-16,W25,Z0,Encroachment,0,2,4,705.625,848.2850000000001,0,
2025-06-23,W25,Z0,Encroachment,0,2,2,1359.05,1899.4766666666667,0,
2024-12-30,W25,Z0,Garbage,7,6,1,27.85,64.44166666666666,0,0.0
2025-01-06,W25,Z0,Garbage,5,6,0,27.941666666666666,88.14166666666665,0,0.0
2025-01-13,W25,Z0,Garbage,5,4,1,35.291666666666664,40.32666666666667,0,0.0
2025-01-20,W25,Z0,Garbage,7,7,1,37.333333333333336,52.370000000000005,0,0.0
2025-01-27,W25,Z0,Garbage,6,6,1,34.94166666666666,48.733333333333334,0,0.0
2025-02-03,W25,Z0,Garbage,8,4,5,26.15,44.04166666666667,0,0.0
2025-02-10,W25,Z0,Garbage,8,12,1,34.59166666666667,54.86,0,0.0
2025-02-17,W25,Z0,Garbage,8,8,1,28.958333333333336,52.09833333333333,0,0.0
2025-02-24,W25,Z0,Garbage,12,10,3,21.008333333333333,75.32666666666665,0,0.0
2025-03-03,W25,Z0,Garbage,7,8,2,34.983333333333334,95.47666666666666,0,0.0
2025-03-10,W25,Z0,Garbage,4,6,0,32.025,56.83333333333333,0,0.0
2025-03-17,W25,Z0,Garbage,9,7,2,27.316666666666666,38.41666666666667,0,0.0
2025-03-24,W25,Z0,Garbage,13,11,4,35.36666666666667,68.98333333333333,0,0.0
2025-03-31,W25,Z0,Garbage,16,19,1,36.18333333333333,63.1933333333333,0,0.0
2025-04-07,W25,Z0,Garbage,7,8,0,26.75,68.345,0,0.0
2025-04-14,W25,Z0,Garbage,8,8,0,27.675,41.11833333333333,0,0.0
2025-04-21,W25,Z0,Garbage,11,10,1,21.683333333333334,36.88499999999999,0,0.0
2025-04-28,W25,Z0,Garbage,6,7,0,28.266666666666666,34.74333333333334,0,0.0
2025-05-05,W25,Z0,Garbage,10,8,2,24.775,56.67833333333333,0,0.0
2025-05-12,W25,Z0,Garbage,2,4,0,50.875,81.51000000000002,0,0.0
2025-05-19,W25,Z0,Garbage,11,8,3,33.61666666666666,51.08166666666666,0,0.0
2025-05-26,W25,Z0,Garbage,6,8,1,34.666666666666664,64.80499999999999,0,0.0
2025-06-02,W25,Z0,Garbage,0,1,0,44.06666666666667,44.06666666666667,0,
2025-06-09,W25,Z0,Garbage,0,0,0,,,0,
2025-06-16,W25,Z0,Garbage,0,0,0,,,0,
2025-06-23,W25,Z0,Garbage,0,0,0,,,0,
2024-12-30,W25,Z0,Property Tax,7,3,4,47.85,57.35666666666667,1,0.14285714285714285
2025-01-06,W25,Z0,Property Tax,6,6,4,78.03333333333333,102.78333333333333,2,0.3333333333333333
2025-01-13,W25,Z0,Property Tax,6,7,3,90.68333333333334,250.92666666666673,0,0.0
2025-01-20,W25,Z0,Property Tax,6,6,3,102.38333333333333,207.27499999999998,0,0.0
2025-01-27,W25,Z0,Property Tax,6,8,1,55.66666666666667,108.41499999999999,0,0.0
2025-02-03,W25,Z0,Property Tax,8,7,2,58.916666666666664,84.81333333333333,0,0.0
2025-02-10,W25,Z0,Property Tax,10,8,4,60.80833333333334,73.20166666666667,0,0.0
2025-02-17,W25,Z0,Property Tax,7,6,5,52.84166666666667,65.3,0,0.0
2025-02-24,W25,Z0,Property Tax,5,8,2,56.75833333333333,115.84166666666667,0,0.0
2025-03-03,W25,Z0,Property Tax,16,9,9,55.083333333333336,120.91666666666667,1,0.0625
2025-03-10,W25,Z0,Property Tax,4,11,2,91.73333333333333,127.86666666666666,0,0.0
2025-03-17,W25,Z0,Property Tax,5,5,2,74.65,81.31666666666666,1,0.2
2025-03-24,W25,Z0,Property Tax,14,8,8,47.78333333333333,86.515,2,0.14285714285714285
2025-03-31,W25,Z0,Property Tax,8,12,4,82.16666666666666,170.96333333333334,1,0.125
2025-04-07,W25,Z0,Property Tax,11,8,7,55.425,117.45833333333333,1,0.09090909090909091
2025-04-14,W25,Z0,Property Tax,3,9,1,121.13333333333334,331.6433333333333,0,0.0
2025-04-21,W25,Z0,Property Tax,8,6,3,69.2,86.45,1,0.125
2025-04-28,W25,Z0,Property Tax,9,8,4,46.275000000000006,113.85333333333332,1,0.1111111111111111
2025-05-05,W25,Z0,Property Tax,9,6,7,85.24166666666666,111.19999999999999,2,0.2222222222222222
2025-05-12,W25,Z0,Property Tax,13,13,7,81.36666666666666,207.66333333333333,0,0.0
2025-05-19,W25,Z0,Property Tax,7,11,3,75.91666666666667,92.2,1,0.14285714285714285
2025-05-26,W25,Z0,Property Tax,6,5,4,96.2,165.15666666666667,1,0.16666666666666666
2025-06-02,W25,Z0,Property Tax,0,4,0,112.30833333333334,179.20499999999998,0,
2025-06-09,W25,Z0,Property Tax,0,0,0,,,0,
2025-06-16,W25,Z0,Property Tax,0,0,0,,,0,
2025-06-23,W25,Z0,Property Tax,0,0,0,,,0,
2024-12-30,W25,Z0,Road Repair,4,0,4,,,3,0.75
2025-01-06,W25,Z0,Road Repair,11,1,14,141.25,141.25,8,0.7272727272727273
2025-01-13,W25,Z0,Road Repair,9,8,15,169.94166666666666,237.82666666666665,8,0.8888888888888888
2025-01-20,W25,Z0,Road Repair,7,10,12,329.04166666666663,490.3166666666666,4,0.5714285714285714
2025-01-27,W25,Z0,Road Repair,16,10,18,145.09166666666667,248.31499999999997,12,0.75
2025-02-03,W25,Z0,Road Repair,8,11,15,204.91666666666666,507.1333333333333,4,0.5
2025-02-10,W25,Z0,Road Repair,4,11,8,249.05,574.1333333333333,4,1.0
2025-02-17,W25,Z0,Road Repair,8,6,10,238.61666666666667,519.3833333333333,6,0.75
2025-02-24,W25,Z0,Road Repair,9,8,11,215.95833333333331,380.86,5,0.5555555555555556
2025-03-03,W25,Z0,Road Repair,2,6,7,168.30833333333334,377.15833333333336,2,1.0
2025-03-10,W25,Z0,Road Repair,13,4,16,286.6333333333333,351.2366666666667,8,0.6153846153846154
2025-03-17,W25,Z0,Road Repair,10,9,17,171.41666666666666,517.2133333333334,7,0.7
2025-03-24,W25,Z0,Road Repair,9,11,15,178.4,316.2,7,0.7777777777777778
2025-03-31,W25,Z0,Road Repair,5,11,9,270.46666666666664,524.4166666666666,4,0.8
2025-04-07,W25,Z0,Road Repair,9,7,11,226.41666666666666,325.2633333333333,7,0.7777777777777778
2025-04-14,W25,Z0,Road Repair,11,5,17,236.03333333333333,399.52666666666664,8,0.7272727272727273
2025-04-21,W25,Z0,Road Repair,10,10,17,259.07500000000005,423.53166666666664,7,0.7
2025-04-28,W25,Z0,Road Repair,5,10,12,189.55833333333334,350.3883333333333,4,0.8
2025-05-05,W25,Z0,Road Repair,8,8,12,317.125,454.9266666666667,6,0.75
2025-05-12,W25,Z0,Road Repair,6,5,13,182.1,329.4566666666667,5,0.8333333333333334
2025-05-19,W25,Z0,Road Repair,7,6,14,262.98333333333335,548.1583333333333,6,0.8571428571428571
2025-05-26,W25,Z0,Road Repair,3,5,12,449.8833333333333,647.73,3,1.0
2025-06-02,W25,Z0,Road Repair,0,6,6,292.34166666666664,725.4083333333333,0,
2025-06-09,W25,Z0,Road Repair,0,2,4,1020.6750000000001,1482.9216666666666,0,
2025-06-16,W25,Z0,Road Repair,0,3,1,507.93333333333334,583.1066666666667,0,
2025-06-23,W25,Z0,Road Repair,0,1,0,964.2333333333333,964.2333333333333,0,
2024-12-30,W25,Z0,Stray Animals,6,6,0,10.558333333333334,21.90833333333333,0,0.0
2025-01-06,W25,Z0,Stray Animals,9,8,1,16.241666666666667,39.76666666666665,0,0.0
2025-01-13,W25,Z0,Stray Animals,8,8,1,11.116666666666667,24.281666666666663,0,0.0
2025-01-20,W25,Z0,Stray Animals,3,4,0,10.491666666666667,15.688333333333333,0,0.0
2025-01-27,W25,Z0,Stray Animals,7,7,0,10.433333333333334,28.463333333333335,0,0.0
2025-02-03,W25,Z0,Stray Animals,8,7,1,10.183333333333334,15.953333333333335,0,0.0
2025-02-10,W25,Z0,Stray Animals,10,10,1,10.083333333333334,18.54166666666666,0,0.0
2025-02-17,W25,Z0,Stray Animals,10,9,2,12.416666666666666,20.01666666666667,0,0.0
2025-02-24,W25,Z0,Stray Animals,6,8,0,11.691666666666666,23.344999999999995,0,0.0
2025-03-03,W25,Z0,Stray Animals,11,11,0,9.366666666666667,30.666666666666668,0,0.0
2025-03-10,W25,Z0,Stray Animals,5,5,0,11.416666666666666,22.03,0,0.0
2025-03-17,W25,Z0,Stray Animals,5,5,0,12.55,16.646666666666665,0,0.0
2025-03-24,W25,Z0,Stray Animals,7,7,0,11.766666666666667,21.16666666666667,0,0.0
2025-03-31,W25,Z0,Stray Animals,10,9,1,9.433333333333334,24.630000000000003,0,0.0
2025-04-07,W25,Z0,Stray Animals,7,7,1,10.583333333333334,17.913333333333334,0,0.0
2025-04-14,W25,Z0,Stray Animals,11,10,2,11.958333333333334,15.881666666666666,0,0.0
2025-04-21,W25,Z0,Stray Animals,6,8,0,14.791666666666668,36.699999999999996,0,0.0
2025-04-28,W25,Z0,Stray Animals,5,4,1,11.466666666666665,32.373333333333335,0,0.0
2025-05-05,W25,Z0,Stray Animals,8,8,1,12.258333333333333,37.03,0,0.0
2025-05-12,W25,Z0,Stray Animals,10,11,0,14.366666666666667,22.233333333333334,0,0.0
2025-05-19,W25,Z0,Stray Animals,11,11,0,9.316666666666666,18.383333333333333,0,0.0
2025-05-26,W25,Z0,Stray Animals,13,13,0,11.7,24.14,0,0.0
2025-06-02,W25,Z0,Stray Animals,0,0,0,,,0,
2025-06-09,W25,Z0,Stray Animals,0,0,0,,,0,
2025-06-16,W25,Z0,Stray Animals,0,0,0,,,0,
2025-06-23,W25,Z0,Stray Animals,0,0,0,,,0,
2024-12-30,W25,Z0,Streetlight,11,7,4,18.25,31.373333333333342,0,0.0
2025-01-06,W25,Z0,Streetlight,12,14,2,20.233333333333334,38.543333333333344,0,0.0
2025-01-13,W25,Z0,Streetlight,5,5,2,35.3,39.166666666666664,0,0.0
2025-01-20,W25,Z0,Streetlight,7,8,1,19.266666666666666,27.185,0,0.0
2025-01-27,W25,Z0,Streetlight,8,8,1,14.858333333333334,26.195,0,0.0
2025-02-03,W25,Z0,Streetlight,4,5,0,18.683333333333334,21.98,0,0.0
2025-02-10,W25,Z0,Streetlight,3,3,0,35.416666666666664,39.28333333333333,0,0.0
2025-02-17,W25,Z0,Streetlight,9,6,3,16.108333333333334,28.449999999999996,0,0.0
2025-02-24,W25,Z0,Streetlight,9,9,3,21.083333333333332,26.563333333333336,0,0.0
2025-03-03,W25,Z0,Streetlight,7,10,0,13.891666666666666,28.581666666666663,0,0.0
2025-03-10,W25,Z0,Streetlight,13,11,2,22.066666666666666,34.81666666666667,0,0.0
2025-03-17,W25,Z0,Streetlight,5,6,1,12.191666666666666,23.641666666666666,0,0.0
2025-03-24,W25,Z0,Streetlight,8,7,2,15.416666666666666,29.496666666666677,0,0.0
2025-03-31,W25,Z0,Streetlight,11,11,2,26.516666666666666,34.38333333333333,0,0.0
2025-04-07,W25,Z0,Streetlight,7,8,1,13.75,25.22333333333333,0,0.0
2025-04-14,W25,Z0,Streetlight,9,10,0,16.683333333333334,33.98,0,0.0
2025-04-21,W25,Z0,Streetlight,4,4,0,12.216666666666665,15.995000000000001,0,0.0
2025-04-28,W25,Z0,Streetlight,7,7,0,26.85,31.923333333333336,0,0.0
2025-05-05,W25,Z0,Streetlight,12,11,1,11.35,20.166666666666668,0,0.0
2025-05-12,W25,Z0,Streetlight,8,8,1,15.5,33.22,0,0.0
2025-05-19,W25,Z0,Streetlight,11,10,2,14.741666666666667,24.511666666666656,0,0.0
2025-05-26,W25,Z0,Streetlight,4,6,0,11.541666666666666,19.883333333333333,0,0.0
2025-06-02,W25,Z0,Streetlight,0,0,0,,,0,
2025-06-09,W25,Z0,Streetlight,0,0,0,,,0,
2025-06-16,W25,Z0,Streetlight,0,0,0,,,0,
2025-06-23,W25,Z0,Streetlight,0,0,0,,,0,
2024-12-30,W25,Z0,Water Supply,5,2,3,32.35,36.483333333333334,0,0.0
2025-01-06,W25,Z0,Water Supply,4,7,0,65.73333333333333,97.13333333333334,0,0.0
2025-01-13,W25,Z0,Water Supply,11,7,4,34.733333333333334,52.56333333333334,0,0.0
2025-01-20,W25,Z0,Water Supply,5,8,1,39.45,102.25666666666666,0,0.0
2025-01-27,W25,Z0,Water Supply,8,8,1,34.5,76.17333333333332,0,0.0
2025-02-03,W25,Z0,Water Supply,6,5,2,56.166666666666664,60.760000000000005,0,0.0
2025-02-10,W25,Z0,Water Supply,9,7,4,35.766666666666666,83.26,0,0.0
2025-02-17,W25,Z0,Water Supply,9,9,4,42.56666666666667,84.82666666666667,1,0.1111111111111111
2025-02-24,W25,Z0,Water Supply,15,11,8,47.11666666666667,158.1,0,0.0
2025-03-03,W25,Z0,Water Supply,8,14,2,63.29166666666667,89.03666666666668,0,0.0
2025-03-10,W25,Z0,Water Supply,6,6,2,57.05833333333334,87.46666666666667,1,0.16666666666666666
2025-03-17,W25,Z0,Water Supply,7,7,2,46.35,134.9866666666667,0,0.0
2025-03-24,W25,Z0,Water Supply,7,6,3,38.766666666666666,82.925,0,0.0
2025-03-31,W25,Z0,Water Supply,4,6,1,65.71666666666667,85.86666666666667,0,0.0
2025-04-07,W25,Z0,Water Supply,10,7,4,51.516666666666666,106.47333333333333,0,0.0
2025-04-14,W25,Z0,Water Supply,14,13,5,67.16666666666667,81.34333333333333,1,0.07142857142857142
2025-04-21,W25,Z0,Water Supply,7,11,1,59.733333333333334,164.35,0,0.0
2025-04-28,W25,Z0,Water Supply,8,2,7,36.24166666666667,45.90166666666667,0,0.0
2025-05-05,W25,Z0,Water Supply,6,12,1,57.708333333333336,86.16833333333332,1,0.16666666666666666
2025-05-12,W25,Z0,Water Supply,13,11,3,50.03333333333333,70.53333333333333,0,0.0
2025-05-19,W25,Z0,Water Supply,6,8,1,37.19166666666666,91.39833333333333,0,0.0
2025-05-26,W25,Z0,Water Supply,6,5,2,62.666666666666664,109.68,0,0.0
2025-06-02,W25,Z0,Water Supply,0,2,0,66.825,87.325,0,
2025-06-09,W25,Z0,Water Supply,0,0,0,,,0,
2025-06-16,W25,Z0,Water Supply,0,0,0,,,0,
2025-06-23,W25,Z0,Water Supply,0,0,0,,,0,
2024-12-30,W26,Z1,Drainage,7,0,7,,,3,0.42857142857142855
2025-01-06,W26,Z1,Drainage,8,9,6,61.916666666666664,145.76333333333335,2,0.25
2025-01-13,W26,Z1,Drainage,4,8,2,153.16666666666666,206.31166666666664,0,0.0
2025-01-20,W26,Z1,Drainage,10,7,5,79.11666666666666,135.50666666666666,1,0.1
2025-01-27,W26,Z1,Drainage,5,7,3,134.05,163.8,0,0.0
2025-02-03,W26,Z1,Drainage,9,8,4,96.15,109.85,1,0.1111111111111111
2025-02-10,W26,Z1,Drainage,10,7,7,78.18333333333334,178.12666666666672,1,0.1
2025-02-17,W26,Z1,Drainage,13,13,7,90.53333333333333,137.31333333333333,3,0.23076923076923078
2025-02-24,W26,Z1,Drainage,10,8,9,108.15833333333333,197.66833333333332,1,0.1
2025-03-03,W26,Z1,Drainage,5,10,4,123.86666666666667,178.2633333333333,1,0.2
2025-03-10,W26,Z1,Drainage,5,6,3,93.65833333333333,222.55833333333334,1,0.2
2025-03-17,W26,Z1,Drainage,8,8,3,98.425,150.435,0,0.0
2025-03-24,W26,Z1,Drainage,7,6,4,89.06666666666666,118.375,1,0.14285714285714285
2025-03-31,W26,Z1,Drainage,9,6,7,118.42500000000001,178.975,2,0.2222222222222222
2025-04-07,W26,Z1,Drainage,6,8,5,97.73333333333333,139.01666666666665,2,0.3333333333333333
2025-04-14,W26,Z1,Drainage,7,6,6,136.36666666666667,283.64166666666665,0,0.0
2025-04-21,W26,Z1,Drainage,7,8,5,86.175,209.6383333333333,1,0.14285714285714285
2025-04-28,W26,Z1,Drainage,9,9,5,104.65,165.23333333333335,2,0.2222222222222222
2025-05-05,W26,Z1,Drainage,12,8,9,109.38333333333333,177.015,1,0.08333333333333333
2025-05-12,W26,Z1,Drainage,11,14,6,83.42500000000001,153.985,1,0.09090909090909091
2025-05-19,W26,Z1,Drainage,7,9,4,70.9,84.40333333333334,1,0.14285714285714285
2025-05-26,W26,Z1,Drainage,7,4,7,144.83333333333334,255.56833333333338,1,0.14285714285714285
2025-06-02,W26,Z1,Drainage,0,7,0,140.03333333333333,244.45666666666668,0,
2025-06-09,W26,Z1,Drainage,0,0,0,,,0,
2025-06-16,W26,Z1,Drainage,0,0,0,,,0,
2025-06-23,W26,Z1,Drainage,0,0,0,,,0,
2024-12-30,W26,Z1,Encroachment,7,0,7,,,7,1.0
2025-01-06,W26,Z1,Encroachment,10,0,17,,,10,1.0
2025-01-13,W26,Z1,Encroachment,10,2,25,263.5833333333333,286.28999999999996,10,1.0
2025-01-20,W26,Z1,Encroachment,9,12,22,326.79166666666663,427.31,8,0.8888888888888888
2025-01-27,W26,Z1,Encroachment,8,7,23,182.78333333333333,464.44333333333344,8,1.0
2025-02-03,W26,Z1,Encroachment,11,10,24,425.65,719.2783333333332,10,0.9090909090909091
2025-02-10,W26,Z1,Encroachment,7,12,19,371.98333333333335,772.2666666666668,6,0.8571428571428571
2025-02-17,W26,Z1,Encroachment,11,9,21,343.73333333333335,755.4000000000001,9,0.8181818181818182
2025-02-24,W26,Z1,Encroachment,5,5,21,381.43333333333334,581.4266666666667,5,1.0
2025-03-03,W26,Z1,Encroachment,9,6,24,329.0083333333333,354.1583333333333,7,0.7777777777777778
2025-03-10,W26,Z1,Encroachment,12,13,23,381.2,822.2966666666667,11,0.9166666666666666
2025-03-17,W26,Z1,Encroachment,5,9,19,288.53333333333336,693.6733333333334,5,1.0
2025-03-24,W26,Z1,Encroachment,8,8,19,413.31666666666666,1116.1083333333333,7,0.875
2025-03-31,W26,Z1,Encroachment,8,8,19,409.4,631.2733333333333,8,1.0
2025-04-07,W26,Z1,Encroachment,4,8,15,345.825,750.2716666666666,3,0.75
2025-04-14,W26,Z1,Encroachment,3,4,14,255.49166666666667,681.8800000000001,3,1.0
2025-04-21,W26,Z1,Encroachment,6,4,16,513.2166666666667,924.7033333333334,6,1.0
2025-04-28,W26,Z1,Encroachment,10,4,22,548.4583333333333,698.36,8,0.8
2025-05-05,W26,Z1,Encroachment,13,12,23,308.23333333333335,978.86,13,1.0
2025-05-12,W26,Z1,Encroachment,4,4,23,358.3166666666667,419.6616666666667,4,1.0
2025-05-19,W26,Z1,Encroachment,5,9,19,504.45,809.4066666666666,5,1.0
2025-05-26,W26,Z1,Encroachment,11,8,22,438.975,675.3616666666666,10,0.9090909090909091
2025-06-02,W26,Z1,Encroachment,0,6,16,572.5583333333334,810.1833333333334,0,
2025-06-09,W26,Z1,Encroachment,0,7,9,453.35,630.3700000000001,0,
2025-06-16,W26,Z1,Encroachment,0,4,5,692.2416666666667,883.2333333333333,0,
2025-06-23,W26,Z1,Encroachment,0,2,3,719.5083333333333,727.4883333333333,0,
2024-12-30,W26,Z1,Garbage,10,6,4,38.00833333333333,43.233333333333334,0,0.0
2025-01-06,W26,Z1,Garbage,13,13,4,39.733333333333334,88.4,0,0.0
2025-01-13,W26,Z1,Garbage,6,8,2,30.825,39.44,0,0.0
2025-01-20,W26,Z1,Garbage,8,8,2,29.325,52.44166666666666,0,0.0
2025-01-27,W26,Z1,Garbage,10,8,4,39.08333333333333,45.36666666666667,0,0.0
2025-02-03,W26,Z1,Garbage,10,12,2,37.891666666666666,95.295,0,0.0
2025-02-10,W26,Z1,Garbage,12,13,1,25.1,44.59666666666668,0,0.0
2025-02-17,W26,Z1,Garbage,4,4,1,25.03333333333333,46.2,0,0.0
2025-02-24,W26,Z1,Garbage,7,7,1,34.983333333333334,51.18666666666667,0,0.0
2025-03-03,W26,Z1,Garbage,8,6,3,27.174999999999997,79.85,0,0.0
2025-03-10,W26,Z1,Garbage,8,9,2,36.43333333333333,54.24,0,0.0
2025-03-17,W26,Z1,Garbage,4,4,2,19.933333333333334,30.86833333333334,0,0.0
2025-03-24,W26,Z1,Garbage,11,11,2,21.733333333333334,67.78333333333333,0,0.0
2025-03-31,W26,Z1,Garbage,7,8,1,35.49166666666667,41.785,0,0.0
2025-04-07,W26,Z1,Garbage,5,6,0,29.008333333333333,77.45833333333334,0,0.0
2025-04-14,W26,Z1,Garbage,10,7,3,23.966666666666665,37.09666666666667,0,0.0
2025-04-21,W26,Z1,Garbage,8,11,0,22.766666666666666,39.93333333333333,0,0.0
2025-04-28,W26,Z1,Garbage,4,3,1,46.15,57.843333333333334,0,0.0
2025-05-05,W26,Z1,Garbage,11,10,2,28.025,56.196666666666665,0,0.0
2025-05-12,W26,Z1,Garbage,5,7,0,36.21666666666667,46.31333333333334,0,0.0
2025-05-19,W26,Z1,Garbage,5,2,3,23.808333333333334,28.748333333333335,0,0.0
2025-05-26,W26,Z1,Garbage,10,13,0,28.9,42.90666666666667,0,0.0
2025-06-02,W26,Z1,Garbage,0,0,0,,,0,
2025-06-09,W26,Z1,Garbage,0,0,0,,,0,
2025-06-16,W26,Z1,Garbage,0,0,0,,,0,
2025-06-23,W26,Z1,Garbage,0,0,0,,,0,
2024-12-30,W26,Z1,Property Tax,6,1,5,45.7,45.7,0,0.0
2025-01-06,W26,Z1,Property Tax,9,11,3,57.016666666666666,130.11666666666667,0,0.0
2025-01-13,W26,Z1,Property Tax,8,8,3,97.9,127.63833333333332,0,0.0
2025-01-20,W26,Z1,Property Tax,7,5,5,64.45,95.80333333333333,0,0.0
2025-01-27,W26,Z1,Property Tax,5,7,3,96.28333333333333,118.31333333333335,0,0.0
2025-02-03,W26,Z1,Property Tax,12,9,6,107.48333333333333,133.48666666666668,1,0.08333333333333333
2025-02-10,W26,Z1,Property Tax,12,12,6,82.36666666666666,134.85666666666668,2,0.16666666666666666
2025-02-17,W26,Z1,Property Tax,5,11,0,89.35,226.68333333333334,0,0.0
2025-02-24,W26,Z1,Property Tax,12,7,5,49.333333333333336,85.22666666666667,1,0.08333333333333333
2025-03-03,W26,Z1,Property Tax,4,8,1,70.18333333333334,140.605,0,0.0
2025-03-10,W26,Z1,Property Tax,10,4,7,48.041666666666664,88.82500000000002,0,0.0
2025-03-17,W26,Z1,Property Tax,8,11,4,72.15,121.56666666666666,0,0.0
2025-03-24,W26,Z1,Property Tax,5,8,1,61.875,88.00999999999999,0,0.0
2025-03-31,W26,Z1,Property Tax,5,3,3,90.7,102.79333333333334,1,0.2
2025-04-07,W26,Z1,Property Tax,6,5,4,77.78333333333333,117.91333333333334,2,0.3333333333333333
2025-04-14,W26,Z1,Property Tax,9,5,8,179.0,271.9233333333333,1,0.1111111111111111
2025-04-21,W26,Z1,Property Tax,7,13,2,77.88333333333334,133.17333333333335,0,0.0
2025-04-28,W26,Z1,Property Tax,8,5,5,50.88333333333333,153.89000000000001,1,0.125
2025-05-05,W26,Z1,Property Tax,10,7,8,91.01666666666667,156.0266666666667,2,0.2
2025-05-12,W26,Z1,Property Tax,9,13,4,100.56666666666666,132.44666666666666,0,0.0
2025-05-19,W26,Z1,Property Tax,11,9,6,83.65,173.52000000000004,2,0.18181818181818182
2025-05-26,W26,Z1,Property Tax,6,11,1,106.56666666666666,188.85,0,0.0
2025-06-02,W26,Z1,Property Tax,0,1,0,98.93333333333334,98.93333333333334,0,
2025-06-09,W26,Z1,Property Tax,0,0,0,,,0,
2025-06-16,W26,Z1,Property Tax,0,0,0,,,0,
2025-06-23,W26,Z1,Property Tax,0,0,0,,,0,
2024-12-30,W26,Z1,Road Repair,11,1,10,44.61666666666667,44.61666666666667,7,0.6363636363636364
2025-01-06,W26,Z1,Road Repair,9,6,13,162.475,222.81666666666666,8,0.8888888888888888
2025-01-13,W26,Z1,Road Repair,7,7,13,192.1,252.15333333333336,6,0.8571428571428571
2025-01-20,W26,Z1,Road Repair,9,10,12,277.1333333333333,477.89,6,0.6666666666666666
2025-01-27,W26,Z1,Road Repair,12,11,13,179.48333333333332,237.51666666666668,10,0.8333333333333334
2025-02-03,W26,Z1,Road Repair,8,7,14,206.3,257.08,5,0.625
2025-02-10,W26,Z1,Road Repair,10,8,16,208.00833333333333,359.7583333333333,7,0.7
2025-02-17,W26,Z1,Road Repair,6,12,10,184.5,351.4283333333334,5,0.8333333333333334
2025-02-24,W26,Z1,Road Repair,6,5,11,209.25,305.22333333333336,5,0.8333333333333334
2025-03-03,W26,Z1,Road Repair,8,4,15,260.31666666666666,542.1466666666668,5,0.625
2025-03-10,W26,Z1,Road Repair,9,7,17,152.05,264.63,5,0.5555555555555556
2025-03-17,W26,Z1,Road Repair,6,11,12,248.6,493.5,4,0.6666666666666666
2025-03-24,W26,Z1,Road Repair,7,8,11,299.375,497.65,5,0.7142857142857143
2025-03-31,W26,Z1,Road Repair,3,5,9,261.6166666666667,1061.226666666667,2,0.6666666666666666
2025-04-07,W26,Z1,Road Repair,9,6,12,359.375,512.0583333333334,7,0.7777777777777778
2025-04-14,W26,Z1,Road Repair,12,8,16,137.25,556.6199999999999,6,0.5
2025-04-21,W26,Z1,Road Repair,12,11,17,234.71666666666667,434.3333333333333,9,0.75
2025-04-28,W26,Z1,Road Repair,8,11,14,257.96666666666664,396.3333333333333,7,0.875
2025-05-05,W26,Z1,Road Repair,3,5,12,333.4166666666667,441.55333333333334,3,1.0
2025-05-12,W26,Z1,Road Repair,5,10,7,307.68333333333334,384.22166666666664,5,1.0
2025-05-19,W26,Z1,Road Repair,6,1,12,430.65,430.65,5,0.8333333333333334
2025-05-26,W26,Z1,Road Repair,8,8,12,208.575,306.205,4,0.5
2025-06-02,W26,Z1,Road Repair,0,8,4,278.925,593.3599999999999,0,
2025-06-09,W26,Z1,Road Repair,0,2,2,430.80833333333334,443.6016666666667,0,
2025-06-16,W26,Z1,Road Repair,0,2,0,867.8083333333334,916.295,0,
2025-06-23,W26,Z1,Road Repair,0,0,0,,,0,
2024-12-30,W26,Z1,Stray Animals,2,1,1,29.85,29.85,0,0.0
2025-01-06,W26,Z1,Stray Animals,10,11,0,11.45,18.45,0,0.0
2025-01-13,W26,Z1,Stray Animals,9,8,1,10.583333333333332,13.030000000000001,0,0.0
2025-01-20,W26,Z1,Stray Animals,10,9,2,11.116666666666667,29.376666666666672,0,0.0
2025-01-27,W26,Z1,Stray Animals,7,8,1,14.783333333333333,29.896666666666665,0,0.0
2025-02-03,W26,Z1,Stray Animals,8,9,0,13.633333333333333,26.133333333333336,0,0.0
2025-02-10,W26,Z1,Stray Animals,10,9,1,18.416666666666668,24.98,0,0.0
2025-02-17,W26,Z1,Stray Animals,7,8,0,12.25,32.29666666666667,0,0.0
2025-02-24,W26,Z1,Stray Animals,7,6,1,9.95,22.725,0,0.0
2025-03-03,W26,Z1,Stray Animals,9,8,2,10.666666666666668,25.848333333333333,0,0.0
2025-03-10,W26,Z1,Stray Animals,9,11,0,10.066666666666666,18.116666666666667,0,0.0
2025-03-17,W26,Z1,Stray Animals,8,6,2,9.366666666666667,25.491666666666667,0,0.0
2025-03-24,W26,Z1,Stray Animals,6,8,0,9.016666666666666,22.851666666666667,0,0.0
2025-03-31,W26,Z1,Stray Animals,7,7,0,12.183333333333334,20.12,0,0.0
2025-04-07,W26,Z1,Stray Animals,6,6,0,12.483333333333334,21.075000000000003,0,0.0
2025-04-14,W26,Z1,Stray Animals,11,11,0,9.266666666666667,22.35,0,0.0
2025-04-21,W26,Z1,Stray Animals,11,9,2,6.266666666666667,21.130000000000003,0,0.0
2025-04-28,W26,Z1,Stray Animals,8,10,0,9.625,16.205,0,0.0
2025-05-05,W26,Z1,Stray Animals,8,8,0,11.45,17.576666666666664,0,0.0
2025-05-12,W26,Z1,Stray Animals,7,7,0,13.95,19.900000000000002,0,0.0
2025-05-19,W26,Z1,Stray Animals,10,9,1,10.516666666666667,15.486666666666666,0,0.0
2025-05-26,W26,Z1,Stray Animals,6,7,0,9.75,20.91,0,0.0
2025-06-02,W26,Z1,Stray Animals,0,0,0,,,0,
2025-06-09,W26,Z1,Stray Animals,0,0,0,,,0,
2025-06-16,W26,Z1,Stray Animals,0,0,0,,,0,
2025-06-23,W26,Z1,Stray Animals,0,0,0,,,0,
2024-12-30,W26,Z1,Streetlight,4,3,1,20.016666666666666,21.523333333333333,0,0.0
2025-01-06,W26,Z1,Streetlight,6,6,1,15.291666666666668,44.425,0,0.0
2025-01-13,W26,Z1,Streetlight,7,8,0,18.191666666666666,39.065,0,0.0
2025-01-20,W26,Z1,Streetlight,7,7,0,12.816666666666666,24.483333333333334,0,0.0
2025-01-27,W26,Z1,Streetlight,4,4,0,23.03333333333333,30.57,0,0.0
2025-02-03,W26,Z1,Streetlight,11,8,3,18.59166666666667,39.88,0,0.0
2025-02-10,W26,Z1,Streetlight,9,10,2,19.549999999999997,43.431666666666665,0,0.0
2025-02-17,W26,Z1,Streetlight,10,11,1,18.366666666666667,25.266666666666666,0,0.0
2025-02-24,W26,Z1,Streetlight,8,8,1,18.78333333333333,34.883333333333326,0,0.0
2025-03-03,W26,Z1,Streetlight,13,14,0,15.149999999999999,39.26166666666667,0,0.0
2025-03-10,W26,Z1,Streetlight,13,11,2,19.166666666666668,42.016666666666666,0,0.0
2025-03-17,W26,Z1,Streetlight,5,6,1,13.341666666666667,19.083333333333332,0,0.0
2025-03-24,W26,Z1,Streetlight,6,7,0,23.7,31.29666666666667,0,0.0
2025-03-31,W26,Z1,Streetlight,8,8,0,14.983333333333333,27.39333333333333,0,0.0
2025-04-07,W26,Z1,Streetlight,7,6,1,19.041666666666664,47.56666666666666,0,0.0
2025-04-14,W26,Z1,Streetlight,13,14,0,26.775,31.35666666666667,0,0.0
2025-04-21,W26,Z1,Streetlight,9,9,0,14.916666666666666,35.02,0,0.0
2025-04-28,W26,Z1,Streetlight,7,6,1,20.516666666666666,23.358333333333334,0,0.0
2025-05-05,W26,Z1,Streetlight,4,5,0,9.25,25.330000000000005,0,0.0
2025-05-12,W26,Z1,Streetlight,8,7,1,14.916666666666666,35.37000000000001,0,0.0
2025-05-19,W26,Z1,Streetlight,7,8,0,21.15,35.373333333333335,0,0.0
2025-05-26,W26,Z1,Streetlight,8,8,0,13.858333333333334,26.65,0,0.0
2025-06-02,W26,Z1,Streetlight,0,0,0,,,0,
2025-06-09,W26,Z1,Streetlight,0,0,0,,,0,
2025-06-16,W26,Z1,Streetlight,0,0,0,,,0,
2025-06-23,W26,Z1,Streetlight,0,0,0,,,0,
2024-12-30,W26,Z1,Water Supply,9,3,6,19.766666666666666,21.806666666666665,0,0.0
2025-01-06,W26,Z1,Water Supply,4,10,0,47.141666666666666,136.015,0,0.0
2025-01-13,W26,Z1,Water Supply,10,8,2,30.84166666666667,46.23499999999999,0,0.0
2025-01-20,W26,Z1,Water Supply,9,8,3,54.78333333333333,105.20333333333333,0,0.0
2025-01-27,W26,Z1,Water Supply,9,11,1,57.6,81.73333333333333,0,0.0
2025-02-03,W26,Z1,Water Supply,17,12,6,43.875,59.14333333333333,0,0.0
2025-02-10,W26,Z1,Water Supply,7,11,2,37.53333333333333,79.16666666666667,0,0.0
2025-02-17,W26,Z1,Water Supply,11,7,6,46.53333333333333,109.01,0,0.0
2025-02-24,W26,Z1,Water Supply,11,13,4,37.266666666666666,68.78,1,0.09090909090909091
2025-03-03,W26,Z1,Water Supply,6,8,2,63.93333333333334,156.33499999999998,0,0.0
2025-03-10,W26,Z1,Water Supply,7,7,2,49.766666666666666,102.62333333333333,0,0.0
2025-03-17,W26,Z1,Water Supply,8,7,3,47.85,64.30333333333334,0,0.0
2025-03-24,W26,Z1,Water Supply,11,10,4,60.224999999999994,110.615,1,0.09090909090909091
2025-03-31,W26,Z1,Water Supply,5,9,0,52.96666666666667,103.61000000000001,0,0.0
2025-04-07,W26,Z1,Water Supply,6,5,1,42.416666666666664,57.586666666666666,0,0.0
2025-04-14,W26,Z1,Water Supply,8,6,3,47.58333333333333,65.15833333333333,0,0.0
2025-04-21,W26,Z1,Water Supply,5,6,2,43.84166666666667,69.66666666666666,0,0.0
2025-04-28,W26,Z1,Water Supply,9,9,2,44.21666666666667,99.58333333333334,1,0.1111111111111111
2025-05-05,W26,Z1,Water Supply,6,5,3,48.61666666666667,52.65,0,0.0
2025-05-12,W26,Z1,Water Supply,6,7,2,73.81666666666666,159.77000000000004,0,0.0
2025-05-19,W26,Z1,Water Supply,5,4,3,37.2,119.63000000000002,0,0.0
2025-05-26,W26,Z1,Water Supply,5,8,0,50.00833333333333,79.77166666666666,0,0.0
2025-06-02,W26,Z1,Water Supply,0,0,0,,,0,
2025-06-09,W26,Z1,Water Supply,0,0,0,,,0,
2025-06-16,W26,Z1,Water Supply,0,0,0,,,0,
2025-06-23,W26,Z1,Water Supply,0,0,0,,,0,
2024-12-30,W27,Z2,Drainage,6,2,4,41.8,53.879999999999995,1,0.16666666666666666
2025-01-06,W27,Z2,Drainage,9,9,4,95.26666666666667,138.28333333333336,0,0.0
2025-01-13,W27,Z2,Drainage,12,8,8,97.20833333333333,144.60833333333332,2,0.16666666666666666
2025-01-20,W27,Z2,Drainage,15,13,10,110.4,168.1566666666667,3,0.2
2025-01-27,W27,Z2,Drainage,15,14,11,74.06666666666666,158.35166666666672,1,0.06666666666666667
2025-02-03,W27,Z2,Drainage,9,16,4,106.96666666666667,166.98333333333335,2,0.2222222222222222
2025-02-10,W27,Z2,Drainage,13,9,8,99.63333333333334,179.10333333333332,2,0.15384615384615385
2025-02-17,W27,Z2,Drainage,14,14,8,97.01666666666667,173.42500000000007,2,0.14285714285714285
2025-02-24,W27,Z2,Drainage,5,8,5,136.375,203.35,4,0.8
2025-03-03,W27,Z2,Drainage,7,7,5,146.93333333333334,258.90000000000003,2,0.2857142857142857
2025-03-10,W27,Z2,Drainage,3,6,2,133.08333333333334,283.5416666666667,0,0.0
2025-03-17,W27,Z2,Drainage,7,5,4,102.36666666666666,185.0066666666667,2,0.2857142857142857
2025-03-24,W27,Z2,Drainage,12,7,9,129.06666666666666,206.81000000000003,3,0.25
2025-03-31,W27,Z2,Drainage,2,9,2,109.35,185.68666666666667,1,0.5
2025-04-07,W27,Z2,Drainage,6,3,5,104.21666666666667,180.73666666666668,1,0.16666666666666666
2025-04-14,W27,Z2,Drainage,8,10,3,73.68333333333334,118.52499999999998,2,0.25
2025-04-21,W27,Z2,Drainage,6,4,5,172.3,221.91833333333332,1,0.16666666666666666
2025-04-28,W27,Z2,Drainage,11,8,8,83.325,159.855,3,0.2727272727272727
2025-05-05,W27,Z2,Drainage,6,12,2,118.51666666666665,187.78833333333333,0,0.0
2025-05-12,W27,Z2,Drainage,8,7,3,58.46666666666667,113.77333333333335,1,0.125
2025-05-19,W27,Z2,Drainage,7,4,6,102.31666666666666,109.27666666666667,2,0.2857142857142857
2025-05-26,W27,Z2,Drainage,7,9,4,103.61666666666666,181.55333333333334,0,0.0
2025-06-02,W27,Z2,Drainage,0,4,0,129.04166666666666,158.37,0,
2025-06-09,W27,Z2,Drainage,0,0,0,,,0,
2025-06-16,W27,Z2,Drainage,0,0,0,,,0,
2025-06-23,W27,Z2,Drainage,0,0,0,,,0,
2024-12-30,W27,Z2,Encroachment,6,1,5,67.98333333333333,67.98333333333333,4,0.6666666666666666
2025-01-06,W27,Z2,Encroachment,7,1,11,144.21666666666667,144.21666666666667,5,0.7142857142857143
2025-01-13,W27,Z2,Encroachment,10,4,17,235.30833333333334,363.77500000000003,10,1.0
2025-01-20,W27,Z2,Encroachment,5,6,16,311.32500000000005,324.8,5,1.0
2025-01-27,W27,Z2,Encroachment,9,6,19,398.3333333333333,594.0416666666666,8,0.8888888888888888
2025-02-03,W27,Z2,Encroachment,16,12,23,364.39166666666665,503.70166666666665,15,0.9375
2025-02-10,W27,Z2,Encroachment,10,8,25,215.61666666666667,404.03999999999996,7,0.7
2025-02-17,W27,Z2,Encroachment,8,9,24,292.45,366.97333333333336,7,0.875
2025-02-24,W27,Z2,Encroachment,11,8,27,416.54999999999995,525.3,10,0.9090909090909091
2025-03-03,W27,Z2,Encroachment,6,10,23,412.84166666666664,882.135,6,1.0
2025-03-10,W27,Z2,Encroachment,6,7,22,303.35,640.1566666666669,5,0.8333333333333334
2025-03-17,W27,Z2,Encroachment,8,9,21,529.0666666666667,995.1066666666667,8,1.0
2025-03-24,W27,Z2,Encroachment,10,11,20,454.56666666666666,685.3666666666667,9,0.9
2025-03-31,W27,Z2,Encroachment,5,8,17,339.4083333333333,648.795,4,0.8
2025-04-07,W27,Z2,Encroachment,6,5,18,236.45,412.16,4,0.6666666666666666
2025-04-14,W27,Z2,Encroachment,13,10,21,386.25,608.7499999999997,11,0.8461538461538461
2025-04-21,W27,Z2,Encroachment,7,9,19,251.18333333333334,607.6033333333334,7,1.0
2025-04-28,W27,Z2,Encroachment,11,13,17,306.78333333333336,648.3833333333334,10,0.9090909090909091
2025-05-05,W27,Z2,Encroachment,14,6,25,352.5083333333333,527.6916666666666,13,0.9285714285714286
2025-05-12,W27,Z2,Encroachment,5,10,20,287.15,639.5099999999999,5,1.0
2025-05-19,W27,Z2,Encroachment,12,8,24,332.0916666666667,417.735,11,0.9166666666666666
2025-05-26,W27,Z2,Encroachment,3,8,19,463.70000000000005,954.9616666666666,3,1.0
2025-06-02,W27,Z2,Encroachment,0,6,13,317.5916666666667,444.8333333333333,0,
2025-06-09,W27,Z2,Encroachment,0,6,7,558.1666666666666,1044.2416666666668,0,
2025-06-16,W27,Z2,Encroachment,0,2,5,661.4833333333333,763.91,0,
2025-06-23,W27,Z2,Encroachment,0,3,2,1066.3333333333333,1155.1733333333334,0,
2024-12-30,W27,Z2,Garbage,4,3,1,30.833333333333332,52.82000000000001,0,0.0
2025-01-06,W27,Z2,Garbage,13,13,1,24.966666666666665,41.36333333333333,0,0.0
2025-01-13,W27,Z2,Garbage,16,14,3,28.950000000000003,64.58166666666666,0,0.0
2025-01-20,W27,Z2,Garbage,12,14,1,31.15833333333333,41.473333333333336,0,0.0
2025-01-27,W27,Z2,Garbage,12,9,4,34.583333333333336,51.04333333333333,0,0.0
2025-02-03,W27,Z2,Garbage,8,10,2,39.04166666666667,99.07999999999998,0,0.0
2025-02-10,W27,Z2,Garbage,9,9,2,28.4,44.89,0,0.0
2025-02-17,W27,Z2,Garbage,9,11,0,22.283333333333335,50.78333333333333,0,0.0
2025-02-24,W27,Z2,Garbage,8,4,4,34.28333333333333,52.536666666666676,0,0.0
2025-03-03,W27,Z2,Garbage,5,7,2,34.06666666666667,72.87666666666667,0,0.0
2025-03-10,W27,Z2,Garbage,13,11,4,26.266666666666666,51.88333333333333,0,0.0
2025-03-17,W27,Z2,Garbage,11,11,4,41.9,60.3,1,0.09090909090909091
2025-03-24,W27,Z2,Garbage,7,9,2,42.93333333333333,81.03333333333335,0,0.0
2025-03-31,W27,Z2,Garbage,8,9,1,33.78333333333333,53.52666666666668,0,0.0
2025-04-07,W27,Z2,Garbage,6,6,1,20.241666666666667,54.86666666666666,0,0.0
2025-04-14,W27,Z2,Garbage,7,7,1,16.4,43.800000000000004,0,0.0
2025-04-21,W27,Z2,Garbage,12,10,3,30.983333333333334,76.45666666666664,0,0.0
2025-04-28,W27,Z2,Garbage,4,7,0,32.083333333333336,67.42000000000002,0,0.0
2025-05-05,W27,Z2,Garbage,8,6,2,22.616666666666667,26.991666666666667,0,0.0
2025-05-12,W27,Z2,Garbage,8,9,1,40.9,113.40666666666667,0,0.0
2025-05-19,W27,Z2,Garbage,4,5,0,33.05,78.62666666666667,0,0.0
2025-05-26,W27,Z2,Garbage,4,4,0,21.5,30.380000000000003,0,0.0
2025-06-02,W27,Z2,Garbage,0,0,0,,,0,
2025-06-09,W27,Z2,Garbage,0,0,0,,,0,
2025-06-16,W27,Z2,Garbage,0,0,0,,,0,
2025-06-23,W27,Z2,Garbage,0,0,0,,,0,
2024-12-30,W27,Z2,Property Tax,5,3,2,38.31666666666667,44.42333333333334,0,0.0
2025-01-06,W27,Z2,Property Tax,13,9,6,69.08333333333333,118.44,0,0.0
2025-01-13,W27,Z2,Property Tax,6,10,2,70.53333333333333,92.72833333333332,1,0.16666666666666666
2025-01-20,W27,Z2,Property Tax,18,11,9,51.86666666666667,138.2,0,0.0
2025-01-27,W27,Z2,Property Tax,7,15,1,79.73333333333333,117.90333333333334,0,0.0
2025-02-03,W27,Z2,Property Tax,14,8,7,62.05,97.48499999999999,2,0.14285714285714285
2025-02-10,W27,Z2,Property Tax,11,10,8,108.96666666666667,151.20166666666665,2,0.18181818181818182
2025-02-17,W27,Z2,Property Tax,10,14,4,63.733333333333334,177.60833333333346,0,0.0
2025-02-24,W27,Z2,Property Tax,7,8,3,85.63333333333334,163.03333333333333,0,0.0
2025-03-03,W27,Z2,Property Tax,9,7,5,75.88333333333334,122.06333333333335,0,0.0
2025-03-10,W27,Z2,Property Tax,11,10,6,63.78333333333333,116.83999999999999,0,0.0
2025-03-17,W27,Z2,Property Tax,5,8,3,75.55833333333334,141.91,0,0.0
2025-03-24,W27,Z2,Property Tax,7,6,4,76.5,91.06666666666666,1,0.14285714285714285
2025-03-31,W27,Z2,Property Tax,8,7,5,60.5,84.59,0,0.0
2025-04-07,W27,Z2,Property Tax,11,13,3,62.18333333333333,127.09333333333336,1,0.09090909090909091
2025-04-14,W27,Z2,Property Tax,9,8,4,66.36666666666667,147.21666666666667,2,0.2222222222222222
2025-04-21,W27,Z2,Property Tax,7,5,6,89.85,186.76666666666668,1,0.14285714285714285
2025-04-28,W27,Z2,Property Tax,5,8,3,108.31666666666666,182.06833333333333,0,0.0
2025-05-05,W27,Z2,Property Tax,6,6,3,39.34166666666667,66.25833333333334,0,0.0
2025-05-12,W27,Z2,Property Tax,8,9,2,57.666666666666664,142.51333333333335,1,0.125
2025-05-19,W27,Z2,Property Tax,6,4,4,75.625,131.425,0,0.0
2025-05-26,W27,Z2,Property Tax,4,6,2,91.10833333333333,166.69166666666666,0,0.0
2025-06-02,W27,Z2,Property Tax,0,2,0,130.24166666666667,157.50166666666667,0,
2025-06-09,W27,Z2,Property Tax,0,0,0,,,0,
2025-06-16,W27,Z2,Property Tax,0,0,0,,,0,
2025-06-23,W27,Z2,Property Tax,0,0,0,,,0,
2024-12-30,W27,Z2,Road Repair,7,1,6,52.483333333333334,52.483333333333334,3,0.42857142857142855
2025-01-06,W27,Z2,Road Repair,11,5,12,133.86666666666667,229.24333333333334,7,0.6363636363636364
2025-01-13,W27,Z2,Road Repair,5,6,11,165.33333333333331,304.725,3,0.6
2025-01-20,W27,Z2,Road Repair,7,4,14,204.88333333333333,303.5466666666667,5,0.7142857142857143
2025-01-27,W27,Z2,Road Repair,7,6,15,222.65833333333333,252.56666666666666,5,0.7142857142857143
2025-02-03,W27,Z2,Road Repair,9,8,16,285.29999999999995,622.9033333333333,7,0.7777777777777778
2025-02-10,W27,Z2,Road Repair,10,6,20,199.575,567.2916666666667,9,0.9
2025-02-17,W27,Z2,Road Repair,14,15,19,231.8,658.5366666666665,6,0.42857142857142855
2025-02-24,W27,Z2,Road Repair,12,16,15,173.64999999999998,372.6,7,0.5833333333333334
2025-03-03,W27,Z2,Road Repair,13,11,17,243.58333333333334,480.01666666666665,9,0.6923076923076923
2025-03-10,W27,Z2,Road Repair,9,9,17,221.65,514.7100000000002,7,0.7777777777777778
2025-03-17,W27,Z2,Road Repair,7,10,14,228.2,322.9866666666667,6,0.8571428571428571
2025-03-24,W27,Z2,Road Repair,6,7,13,470.3666666666667,627.83,4,0.6666666666666666
2025-03-31,W27,Z2,Road Repair,8,5,16,327.25,421.44666666666666,7,0.875
2025-04-07,W27,Z2,Road Repair,12,10,18,386.25,597.2999999999998,8,0.6666666666666666
2025-04-14,W27,Z2,Road Repair,6,10,14,203.85,456.4516666666666,5,0.8333333333333334
2025-04-21,W27,Z2,Road Repair,9,11,12,176.51666666666668,404.05,4,0.4444444444444444
2025-04-28,W27,Z2,Road Repair,8,5,15,168.16666666666666,253.2566666666667,6,0.75
2025-05-05,W27,Z2,Road Repair,4,9,10,260.8333333333333,507.32000000000005,2,0.5
2025-05-12,W27,Z2,Road Repair,10,8,12,209.68333333333334,507.7933333333333,5,0.5
2025-05-19,W27,Z2,Road Repair,6,6,12,148.43333333333334,217.375,5,0.8333333333333334
2025-05-26,W27,Z2,Road Repair,7,7,12,256.1333333333333,427.9000000000001,5,0.7142857142857143
2025-06-02,W27,Z2,Road Repair,0,4,8,248.625,306.12166666666667,0,
2025-06-09,W27,Z2,Road Repair,0,2,6,844.3749999999999,1296.3549999999998,0,
2025-06-16,W27,Z2,Road Repair,0,4,2,521.3666666666667,547.735,0,
2025-06-23,W27,Z2,Road Repair,0,2,0,1421.5583333333334,1733.7649999999999,0,
2024-12-30,W27,Z2,Stray Animals,6,5,1,7.966666666666667,11.863333333333333,0,0.0
2025-01-06,W27,Z2,Stray Animals,6,7,0,8.933333333333334,15.316666666666668,0,0.0
2025-01-13,W27,Z2,Stray Animals,4,3,1,12.483333333333333,15.043333333333333,0,0.0
2025-01-20,W27,Z2,Stray Animals,7,8,0,19.28333333333333,46.269999999999996,0,0.0
2025-01-27,W27,Z2,Stray Animals,7,7,0,19.5,35.019999999999996,0,0.0
2025-02-03,W27,Z2,Stray Animals,9,9,0,10.65,22.016666666666666,0,0.0
2025-02-10,W27,Z2,Stray Animals,7,7,0,8.483333333333333,34.88333333333334,0,0.0
2025-02-17,W27,Z2,Stray Animals,10,9,1,7.516666666666667,14.656666666666668,0,0.0
2025-02-24,W27,Z2,Stray Animals,9,10,0,12.841666666666667,34.43833333333333,0,0.0
2025-03-03,W27,Z2,Stray Animals,12,11,1,11.516666666666667,20.783333333333335,0,0.0
2025-03-10,W27,Z2,Stray Animals,14,12,3,18.175,23.733333333333334,0,0.0
2025-03-17,W27,Z2,Stray Animals,9,11,1,20.05,37.56666666666667,0,0.0
2025-03-24,W27,Z2,Stray Animals,9,10,0,15.083333333333334,17.458333333333332,0,0.0
2025-03-31,W27,Z2,Stray Animals,13,11,2,11.283333333333333,21.233333333333334,0,0.0
2025-04-07,W27,Z2,Stray Animals,6,8,0,12.025,17.56,0,0.0
2025-04-14,W27,Z2,Stray Animals,10,9,1,13.033333333333333,15.04,0,0.0
2025-04-21,W27,Z2,Stray Animals,12,13,0,8.95,12.433333333333334,0,0.0
2025-04-28,W27,Z2,Stray Animals,10,8,2,20.675,29.24,0,0.0
2025-05-05,W27,Z2,Stray Animals,8,10,0,14.691666666666666,19.154999999999998,0,0.0
2025-05-12,W27,Z2,Stray Animals,4,3,1,8.566666666666666,23.96666666666667,0,0.0
2025-05-19,W27,Z2,Stray Animals,11,12,0,10.7,35.473333333333336,0,0.0
2025-05-26,W27,Z2,Stray Animals,5,5,0,10.316666666666666,13.84,0,0.0
2025-06-02,W27,Z2,Stray Animals,0,0,0,,,0,
2025-06-09,W27,Z2,Stray Animals,0,0,0,,,0,
2025-06-16,W27,Z2,Stray Animals,0,0,0,,,0,
2025-06-23,W27,Z2,Stray Animals,0,0,0,,,0,
2024-12-30,W27,Z2,Streetlight,10,7,3,14.816666666666666,24.05666666666667,0,0.0
2025-01-06,W27,Z2,Streetlight,4,6,1,26.233333333333334,40.575,0,0.0
2025-01-13,W27,Z2,Streetlight,9,9,1,24.866666666666667,28.356666666666666,0,0.0
2025-01-20,W27,Z2,Streetlight,8,9,0,15.7,25.92,0,0.0
2025-01-27,W27,Z2,Streetlight,6,6,0,14.716666666666667,36.425,0,0.0
2025-02-03,W27,Z2,Streetlight,11,9,2,13.65,35.36666666666667,0,0.0
2025-02-10,W27,Z2,Streetlight,12,12,2,20.75,28.343333333333334,0,0.0
2025-02-17,W27,Z2,Streetlight,6,7,1,23.683333333333334,36.3,0,0.0
2025-02-24,W27,Z2,Streetlight,12,13,0,17.683333333333334,30.206666666666667,0,0.0
2025-03-03,W27,Z2,Streetlight,7,6,1,22.71666666666667,33.275,0,0.0
2025-03-10,W27,Z2,Streetlight,5,6,0,11.841666666666667,44.4,0,0.0
2025-03-17,W27,Z2,Streetlight,7,5,2,22.85,25.55666666666667,0,0.0
2025-03-24,W27,Z2,Streetlight,5,7,0,30.633333333333333,48.52333333333333,0,0.0
2025-03-31,W27,Z2,Streetlight,9,8,1,23.96666666666667,30.85333333333333,0,0.0
2025-04-07,W27,Z2,Streetlight,9,10,0,21.208333333333336,43.81166666666665,0,0.0
2025-04-14,W27,Z2,Streetlight,8,8,0,27.741666666666667,63.92666666666666,0,0.0
2025-04-21,W27,Z2,Streetlight,12,9,3,21.133333333333333,41.42333333333333,0,0.0
2025-04-28,W27,Z2,Streetlight,9,12,0,12.225,29.99666666666667,0,0.0
2025-05-05,W27,Z2,Streetlight,7,7,0,15.3,26.773333333333337,0,0.0
2025-05-12,W27,Z2,Streetlight,14,12,2,11.416666666666668,21.95666666666667,0,0.0
2025-05-19,W27,Z2,Streetlight,11,12,1,17.21666666666667,41.22833333333334,0,0.0
2025-05-26,W27,Z2,Streetlight,6,6,1,15.983333333333333,27.766666666666666,0,0.0
2025-06-02,W27,Z2,Streetlight,0,1,0,36.75,36.75,0,
2025-06-09,W27,Z2,Streetlight,0,0,0,,,0,
2025-06-16,W27,Z2,Streetlight,0,0,0,,,0,
2025-06-23,W27,Z2,Streetlight,0,0,0,,,0,
2024-12-30,W27,Z2,Water Supply,4,1,3,25.666666666666668,25.666666666666668,0,0.0
2025-01-06,W27,Z2,Water Supply,5,8,0,48.96666666666667,77.40833333333333,0,0.0
2025-01-13,W27,Z2,Water Supply,9,6,3,29.46666666666667,69.24166666666667,0,0.0
2025-01-20,W27,Z2,Water Supply,12,12,3,40.46666666666667,59.17666666666667,0,0.0
2025-01-27,W27,Z2,Water Supply,9,11,1,55.13333333333333,95.95,0,0.0
2025-02-03,W27,Z2,Water Supply,12,11,2,28.783333333333335,42.06666666666667,0,0.0
2025-02-10,W27,Z2,Water Supply,8,8,2,51.95,84.03333333333333,0,0.0
2025-02-17,W27,Z2,Water Supply,11,6,7,39.84166666666667,78.60833333333333,0,0.0
2025-02-24,W27,Z2,Water Supply,11,10,8,32.15833333333333,132.39333333333335,0,0.0
2025-03-03,W27,Z2,Water Supply,7,12,3,66.33333333333333,158.85000000000002,0,0.0
2025-03-10,W27,Z2,Water Supply,5,7,1,56.516666666666666,90.80666666666667,0,0.0
2025-03-17,W27,Z2,Water Supply,7,6,2,28.59166666666667,71.675,1,0.14285714285714285
2025-03-24,W27,Z2,Water Supply,9,7,4,53.7,134.16666666666669,0,0.0
2025-03-31,W27,Z2,Water Supply,6,9,1,33.53333333333333,69.95666666666668,0,0.0
2025-04-07,W27,Z2,Water Supply,12,8,5,44.78333333333333,83.20833333333333,0,0.0
2025-04-14,W27,Z2,Water Supply,9,11,3,46.96666666666667,83.58333333333333,0,0.0
2025-04-21,W27,Z2,Water Supply,10,8,5,89.44999999999999,106.525,1,0.1
2025-04-28,W27,Z2,Water Supply,4,8,1,70.73333333333332,122.63666666666667,0,0.0
2025-05-05,W27,Z2,Water Supply,11,9,3,43.18333333333333,120.22666666666669,1,0.09090909090909091
2025-05-12,W27,Z2,Water Supply,11,10,4,54.075,89.46666666666663,0,0.0
2025-05-19,W27,Z2,Water Supply,8,10,2,61.21666666666667,106.90833333333333,0,0.0
2025-05-26,W27,Z2,Water Supply,7,7,2,53.733333333333334,100.59333333333336,1,0.14285714285714285
2025-06-02,W27,Z2,Water Supply,0,2,0,141.025,165.53833333333333,0,
2025-06-09,W27,Z2,Water Supply,0,0,0,,,0,
2025-06-16,W27,Z2,Water Supply,0,0,0,,,0,
2025-06-23,W27,Z2,Water Supply,0,0,0,,,0,
2024-12-30,W28,Z3,Drainage,5,2,3,49.875,65.06833333333333,0,0.0
2025-01-06,W28,Z3,Drainage,5,4,4,93.525,136.51666666666668,1,0.2
2025-01-13,W28,Z3,Drainage,2,5,1,127.45,210.45,0,0.0
2025-01-20,W28,Z3,Drainage,12,6,7,76.65833333333333,114.35,2,0.16666666666666666
2025-01-27,W28,Z3,Drainage,11,10,8,87.08333333333334,130.88833333333332,0,0.0
2025-02-03,W28,Z3,Drainage,8,12,4,97.65,154.975,2,0.25
2025-02-10,W28,Z3,Drainage,9,4,9,99.44166666666666,146.29,3,0.3333333333333333
2025-02-17,W28,Z3,Drainage,12,11,10,83.58333333333333,235.5,2,0.16666666666666666
2025-02-24,W28,Z3,Drainage,9,11,8,117.61666666666666,246.05,1,0.1111111111111111
2025-03-03,W28,Z3,Drainage,12,14,6,82.59166666666667,190.71333333333337,3,0.25
2025-03-10,W28,Z3,Drainage,9,9,6,72.55,249.13666666666666,0,0.0
2025-03-17,W28,Z3,Drainage,6,8,4,99.45833333333333,177.56999999999996,2,0.3333333333333333
2025-03-24,W28,Z3,Drainage,3,2,5,99.025,115.765,1,0.3333333333333333
2025-03-31,W28,Z3,Drainage,10,9,6,148.53333333333333,260.13,2,0.2
2025-04-07,W28,Z3,Drainage,17,15,8,95.05,148.01333333333332,4,0.23529411764705882
2025-04-14,W28,Z3,Drainage,7,8,7,142.09166666666667,220.29999999999998,2,0.2857142857142857
2025-04-21,W28,Z3,Drainage,11,12,6,97.15,306.03000000000003,0,0.0
2025-04-28,W28,Z3,Drainage,8,9,5,112.71666666666667,181.5166666666667,2,0.25
2025-05-05,W28,Z3,Drainage,8,8,5,57.175,161.22166666666664,2,0.25
2025-05-12,W28,Z3,Drainage,9,10,4,92.78333333333333,188.535,2,0.2222222222222222
2025-05-19,W28,Z3,Drainage,6,3,7,155.45,222.59666666666666,1,0.16666666666666666
2025-05-26,W28,Z3,Drainage,9,12,4,95.13333333333333,202.59000000000003,0,0.0
2025-06-02,W28,Z3,Drainage,0,4,0,133.84166666666667,153.94333333333333,0,
2025-06-09,W28,Z3,Drainage,0,0,0,,,0,
2025-06-16,W28,Z3,Drainage,0,0,0,,,0,
2025-06-23,W28,Z3,Drainage,0,0,0,,,0,
2024-12-30,W28,Z3,Encroachment,9,0,9,,,7,0.7777777777777778
2025-01-06,W28,Z3,Encroachment,8,4,13,173.925,232.37833333333333,8,1.0
2025-01-13,W28,Z3,Encroachment,9,4,18,213.5,306.58000000000004,8,0.8888888888888888
2025-01-20,W28,Z3,Encroachment,7,7,18,299.85,422.87,7,1.0
2025-01-27,W28,Z3,Encroachment,6,8,16,354.70833333333337,575.5533333333333,4,0.6666666666666666
2025-02-03,W28,Z3,Encroachment,15,4,27,259.7833333333333,392.94166666666666,15,1.0
2025-02-10,W28,Z3,Encroachment,9,7,29,459.0,685.7666666666668,9,1.0
2025-02-17,W28,Z3,Encroachment,8,14,23,357.56666666666666,502.5566666666668,6,0.75
2025-02-24,W28,Z3,Encroachment,5,7,21,309.56666666666666,809.5266666666668,5,1.0
2025-03-03,W28,Z3,Encroachment,9,8,22,417.4416666666667,961.2333333333333,9,1.0
2025-03-10,W28,Z3,Encroachment,10,6,26,440.41666666666663,597.8916666666667,10,1.0
2025-03-17,W28,Z3,Encroachment,9,8,27,396.5333333333333,877.8666666666667,8,0.8888888888888888
2025-03-24,W28,Z3,Encroachment,15,12,30,298.825,944.656666666667,12,0.8
2025-03-31,W28,Z3,Encroachment,4,13,21,272.6666666666667,970.8633333333339,3,0.75
2025-04-07,W28,Z3,Encroachment,12,7,26,553.5333333333333,1191.9633333333336,12,1.0
2025-04-14,W28,Z3,Encroachment,3,7,22,471.0833333333333,805.4233333333334,3,1.0
2025-04-21,W28,Z3,Encroachment,7,12,17,333.8833333333333,904.3366666666667,7,1.0
2025-04-28,W28,Z3,Encroachment,9,9,17,315.9166666666667,803.12,8,0.8888888888888888
2025-05-05,W28,Z3,Encroachment,9,5,21,334.8666666666667,552.3066666666667,8,0.8888888888888888
2025-05-12,W28,Z3,Encroachment,6,9,18,326.6333333333333,761.8566666666667,6,1.0
2025-05-19,W28,Z3,Encroachment,10,5,23,350.0,501.7966666666667,9,0.9
2025-05-26,W28,Z3,Encroachment,9,9,23,496.93333333333334,774.0600000000001,8,0.8888888888888888
2025-06-02,W28,Z3,Encroachment,0,7,16,283.46666666666664,423.3766666666668,0,
2025-06-09,W28,Z3,Encroachment,0,10,6,456.79166666666663,806.3333333333334,0,
2025-06-16,W28,Z3,Encroachment,0,3,3,625.6666666666666,1463.6800000000003,0,
2025-06-23,W28,Z3,Encroachment,0,2,1,713.0666666666666,759.1866666666667,0,
2024-12-30,W28,Z3,Garbage,5,5,0,33.96666666666667,48.120000000000005,0,0.0
2025-01-06,W28,Z3,Garbage,6,6,0,24.483333333333334,52.31666666666666,0,0.0
2025-01-13,W28,Z3,Garbage,13,10,3,37.04166666666667,54.60166666666666,0,0.0
2025-01-20,W28,Z3,Garbage,6,8,1,45.03333333333333,67.30833333333332,0,0.0
2025-01-27,W28,Z3,Garbage,12,10,3,21.733333333333334,39.17666666666666,0,0.0
2025-02-03,W28,Z3,Garbage,14,11,6,18.4,51.43333333333333,0,0.0
2025-02-10,W28,Z3,Garbage,7,12,1,40.875,56.235,0,0.0
2025-02-17,W28,Z3,Garbage,6,7,0,46.516666666666666,65.35333333333334,0,0.0
2025-02-24,W28,Z3,Garbage,7,6,1,39.54166666666667,71.81666666666666,0,0.0
2025-03-03,W28,Z3,Garbage,12,8,5,26.025,33.985,0,0.0
2025-03-10,W28,Z3,Garbage,7,12,0,28.983333333333334,53.30500000000001,0,0.0
2025-03-17,W28,Z3,Garbage,11,9,2,21.7,47.02,0,0.0
2025-03-24,W28,Z3,Garbage,4,6,0,23.09166666666667,59.13333333333333,0,0.0
2025-03-31,W28,Z3,Garbage,8,8,0,49.375,74.31833333333333,0,0.0
2025-04-07,W28,Z3,Garbage,6,6,0,31.891666666666666,39.975,0,0.0
2025-04-14,W28,Z3,Garbage,14,10,4,30.4,58.62333333333332,0,0.0
2025-04-21,W28,Z3,Garbage,9,10,3,23.066666666666666,52.8,0,0.0
2025-04-28,W28,Z3,Garbage,8,10,1,33.5,59.57833333333333,0,0.0
2025-05-05,W28,Z3,Garbage,6,6,1,20.875,53.4,0,0.0
2025-05-12,W28,Z3,Garbage,11,9,3,21.9,49.663333333333334,0,0.0
2025-05-19,W28,Z3,Garbage,9,10,2,40.99166666666667,61.32999999999999,0,0.0
2025-05-26,W28,Z3,Garbage,7,9,0,34.78333333333333,68.40333333333334,0,0.0
2025-06-02,W28,Z3,Garbage,0,0,0,,,0,
2025-06-09,W28,Z3,Garbage,0,0,0,,,0,
2025-06-16,W28,Z3,Garbage,0,0,0,,,0,
2025-06-23,W28,Z3,Garbage,0,0,0,,,0,
2024-12-30,W28,Z3,Property Tax,9,2,7,36.833333333333336,46.16666666666667,1,0.1111111111111111
2025-01-06,W28,Z3,Property Tax,6,10,3,72.50833333333333,116.36833333333331,0,0.0
2025-01-13,W28,Z3,Property Tax,6,6,3,94.51666666666667,171.24166666666667,0,0.0
2025-01-20,W28,Z3,Property Tax,8,8,3,62.916666666666664,97.91,2,0.25
2025-01-27,W28,Z3,Property Tax,8,8,3,108.54166666666667,214.47166666666666,0,0.0
2025-02-03,W28,Z3,Property Tax,9,9,3,62.3,107.88,1,0.1111111111111111
2025-02-10,W28,Z3,Property Tax,6,4,5,91.25,213.57833333333338,1,0.16666666666666666
2025-02-17,W28,Z3,Property Tax,14,11,8,52.7,124.83333333333333,1,0.07142857142857142
2025-02-24,W28,Z3,Property Tax,10,12,6,104.90833333333333,164.39833333333337,0,0.0
2025-03-03,W28,Z3,Property Tax,12,10,8,75.95833333333334,133.67833333333334,1,0.08333333333333333
2025-03-10,W28,Z3,Property Tax,9,13,4,95.28333333333333,140.56000000000003,0,0.0
2025-03-17,W28,Z3,Property Tax,6,8,2,90.38333333333333,123.06833333333333,0,0.0
2025-03-24,W28,Z3,Property Tax,6,4,4,61.69166666666666,98.56,0,0.0
2025-03-31,W28,Z3,Property Tax,7,10,1,84.425,145.915,0,0.0
2025-04-07,W28,Z3,Property Tax,10,8,3,82.83333333333333,124.70666666666666,2,0.2
2025-04-14,W28,Z3,Property Tax,7,7,3,58.233333333333334,198.02000000000004,0,0.0
2025-04-21,W28,Z3,Property Tax,7,7,3,85.2,173.1766666666667,0,0.0
2025-04-28,W28,Z3,Property Tax,13,11,5,49.5,89.01666666666667,1,0.07692307692307693
2025-05-05,W28,Z3,Property Tax,10,10,5,64.23333333333333,170.23999999999998,1,0.1
2025-05-12,W28,Z3,Property Tax,8,8,5,73.82499999999999,109.82499999999999,0,0.0
2025-05-19,W28,Z3,Property Tax,8,8,5,59.2,176.1033333333333,3,0.375
2025-05-26,W28,Z3,Property Tax,8,9,4,70.65,211.6,0,0.0
2025-06-02,W28,Z3,Property Tax,0,4,0,108.00833333333333,128.01166666666666,0,
2025-06-09,W28,Z3,Property Tax,0,0,0,,,0,
2025-06-16,W28,Z3,Property Tax,0,0,0,,,0,
2025-06-23,W28,Z3,Property Tax,0,0,0,,,0,
2024-12-30,W28,Z3,Road Repair,4,0,4,,,4,1.0
2025-01-06,W28,Z3,Road Repair,11,3,12,195.01666666666668,222.35000000000002,9,0.8181818181818182
2025-01-13,W28,Z3,Road Repair,7,6,13,211.60833333333332,274.39166666666665,5,0.7142857142857143
2025-01-20,W28,Z3,Road Repair,12,6,19,197.78333333333333,388.65,9,0.75
2025-01-27,W28,Z3,Road Repair,10,9,20,230.01666666666668,459.4633333333333,9,0.9
2025-02-03,W28,Z3,Road Repair,6,11,15,249.78333333333333,364.6333333333333,4,0.6666666666666666
2025-02-10,W28,Z3,Road Repair,10,12,13,207.85000000000002,418.93333333333334,6,0.6
2025-02-17,W28,Z3,Road Repair,5,8,10,286.76666666666665,564.4866666666666,5,1.0
2025-02-24,W28,Z3,Road Repair,8,6,12,292.93333333333334,745.7583333333332,4,0.5
2025-03-03,W28,Z3,Road Repair,6,9,9,185.03333333333333,234.81,3,0.5
2025-03-10,W28,Z3,Road Repair,12,6,15,122.8,410.06666666666666,7,0.5833333333333334
2025-03-17,W28,Z3,Road Repair,7,7,15,216.08333333333334,529.056666666667,5,0.7142857142857143
2025-03-24,W28,Z3,Road Repair,7,12,10,273.65,454.68666666666667,5,0.7142857142857143
2025-03-31,W28,Z3,Road Repair,8,6,12,173.95833333333331,285.2916666666667,7,0.875
2025-04-07,W28,Z3,Road Repair,12,6,18,311.14166666666665,751.3166666666666,10,0.8333333333333334
2025-04-14,W28,Z3,Road Repair,7,7,18,268.3833333333333,375.73666666666674,5,0.7142857142857143
2025-04-21,W28,Z3,Road Repair,6,13,11,290.3666666666667,520.3033333333334,4,0.6666666666666666
2025-04-28,W28,Z3,Road Repair,18,4,25,200.5,655.9550000000002,13,0.7222222222222222
2025-05-05,W28,Z3,Road Repair,9,13,21,204.0,619.6500000000001,7,0.7777777777777778
2025-05-12,W28,Z3,Road Repair,11,15,17,259.55,564.4966666666666,9,0.8181818181818182
2025-05-19,W28,Z3,Road Repair,7,10,14,207.71666666666667,539.7216666666666,3,0.42857142857142855
2025-05-26,W28,Z3,Road Repair,4,8,10,328.725,400.87833333333333,4,1.0
2025-06-02,W28,Z3,Road Repair,0,6,4,422.0083333333333,494.0333333333333,0,
2025-06-09,W28,Z3,Road Repair,0,3,1,365.55,768.8166666666666,0,
2025-06-16,W28,Z3,Road Repair,0,0,1,,,0,
2025-06-23,W28,Z3,Road Repair,0,0,1,,,0,
2024-12-30,W28,Z3,Stray Animals,10,10,0,10.483333333333334,16.58833333333333,0,0.0
2025-01-06,W28,Z3,Stray Animals,7,7,0,17.516666666666666,36.650000000000006,0,0.0
2025-01-13,W28,Z3,Stray Animals,10,9,1,10.883333333333333,20.880000000000003,0,0.0
2025-01-20,W28,Z3,Stray Animals,12,12,1,12.266666666666666,52.616666666666674,0,0.0
2025-01-27,W28,Z3,Stray Animals,8,9,0,13.216666666666667,20.18,0,0.0
2025-02-03,W28,Z3,Stray Animals,14,13,1,12.716666666666667,22.44,0,0.0
2025-02-10,W28,Z3,Stray Animals,6,7,0,9.7,20.683333333333337,0,0.0
2025-02-17,W28,Z3,Stray Animals,14,13,1,10.15,24.680000000000003,0,0.0
2025-02-24,W28,Z3,Stray Animals,9,9,1,12.733333333333333,23.633333333333336,0,0.0
2025-03-03,W28,Z3,Stray Animals,5,4,2,23.183333333333334,25.87,0,0.0
2025-03-10,W28,Z3,Stray Animals,12,11,3,10.383333333333333,16.25,0,0.0
2025-03-17,W28,Z3,Stray Animals,15,15,3,13.85,59.4,0,0.0
2025-03-24,W28,Z3,Stray Animals,5,8,0,12.641666666666667,23.266666666666666,0,0.0
2025-03-31,W28,Z3,Stray Animals,4,4,0,16.366666666666667,24.925,0,0.0
2025-04-07,W28,Z3,Stray Animals,8,7,1,14.816666666666666,30.076666666666675,0,0.0
2025-04-14,W28,Z3,Stray Animals,3,4,0,16.09166666666667,28.690000000000005,0,0.0
2025-04-21,W28,Z3,Stray Animals,11,10,1,11.066666666666666,16.891666666666666,0,0.0
2025-04-28,W28,Z3,Stray Animals,9,9,1,11.983333333333333,18.17666666666667,0,0.0
2025-05-05,W28,Z3,Stray Animals,7,7,1,9.85,22.230000000000004,0,0.0
2025-05-12,W28,Z3,Stray Animals,9,10,0,13.166666666666666,20.39166666666667,0,0.0
2025-05-19,W28,Z3,Stray Animals,8,6,2,9.575,21.19166666666667,0,0.0
2025-05-26,W28,Z3,Stray Animals,2,4,0,25.866666666666667,32.096666666666664,0,0.0
2025-06-02,W28,Z3,Stray Animals,0,0,0,,,0,
2025-06-09,W28,Z3,Stray Animals,0,0,0,,,0,
2025-06-16,W28,Z3,Stray Animals,0,0,0,,,0,
2025-06-23,W28,Z3,Stray Animals,0,0,0,,,0,
2024-12-30,W28,Z3,Streetlight,4,3,1,19.166666666666668,25.753333333333334,0,0.0
2025-01-06,W28,Z3,Streetlight,11,11,1,12.2,36.733333333333334,0,0.0
2025-01-13,W28,Z3,Streetlight,15,15,1,16.6,45.986666666666665,0,0.0
2025-01-20,W28,Z3,Streetlight,6,5,2,15.516666666666667,24.533333333333335,0,0.0
2025-01-27,W28,Z3,Streetlight,8,8,2,20.241666666666667,29.598333333333333,0,0.0
2025-02-03,W28,Z3,Streetlight,4,6,0,20.916666666666664,49.233333333333334,0,0.0
2025-02-10,W28,Z3,Streetlight,7,7,0,22.233333333333334,35.646666666666675,0,0.0
2025-02-17,W28,Z3,Streetlight,9,9,0,10.366666666666667,28.063333333333336,0,0.0
2025-02-24,W28,Z3,Streetlight,3,2,1,13.541666666666668,15.201666666666668,0,0.0
2025-03-03,W28,Z3,Streetlight,6,6,1,15.233333333333333,40.958333333333336,0,0.0
2025-03-10,W28,Z3,Streetlight,11,9,3,22.516666666666666,34.77333333333333,0,0.0
2025-03-17,W28,Z3,Streetlight,10,13,0,14.116666666666667,47.320000000000014,0,0.0
2025-03-24,W28,Z3,Streetlight,10,10,0,19.041666666666664,29.175,0,0.0
2025-03-31,W28,Z3,Streetlight,4,3,1,34.65,40.38333333333334,0,0.0
2025-04-07,W28,Z3,Streetlight,15,16,0,18.691666666666666,30.025,0,0.0
2025-04-14,W28,Z3,Streetlight,8,8,0,20.84166666666667,52.80999999999999,0,0.0
2025-04-21,W28,Z3,Streetlight,13,12,1,15.95,33.64333333333333,0,0.0
2025-04-28,W28,Z3,Streetlight,7,7,1,17.6,24.986666666666668,0,0.0
2025-05-05,W28,Z3,Streetlight,8,9,0,18.266666666666666,30.490000000000002,0,0.0
2025-05-12,W28,Z3,Streetlight,9,8,1,9.858333333333334,26.953333333333333,0,0.0
2025-05-19,W28,Z3,Streetlight,10,10,1,18.333333333333336,45.06999999999999,0,0.0
2025-05-26,W28,Z3,Streetlight,9,10,0,23.125,39.088333333333324,0,0.0
2025-06-02,W28,Z3,Streetlight,0,0,0,,,0,
2025-06-09,W28,Z3,Streetlight,0,0,0,,,0,
2025-06-16,W28,Z3,Streetlight,0,0,0,,,0,
2025-06-23,W28,Z3,Streetlight,0,0,0,,,0,
2024-12-30,W28,Z3,Water Supply,4,1,3,13.816666666666666,13.816666666666666,1,0.25
2025-01-06,W28,Z3,Water Supply,10,9,4,52.11666666666667,90.31666666666669,0,0.0
2025-01-13,W28,Z3,Water Supply,10,10,4,35.016666666666666,66.19166666666665,1,0.1
2025-01-20,W28,Z3,Water Supply,8,11,1,53.21666666666667,91.56666666666666,0,0.0
2025-01-27,W28,Z3,Water Supply,12,11,2,31.516666666666666,45.38333333333333,0,0.0
2025-02-03,W28,Z3,Water Supply,14,11,5,36.516666666666666,69.81666666666666,1,0.07142857142857142
2025-02-10,W28,Z3,Water Supply,6,8,3,66.29166666666667,127.205,1,0.16666666666666666
2025-02-17,W28,Z3,Water Supply,12,11,4,52.81666666666667,195.38333333333333,0,0.0
2025-02-24,W28,Z3,Water Supply,6,9,1,44.96666666666667,77.39333333333333,0,0.0
2025-03-03,W28,Z3,Water Supply,12,6,7,24.875,72.1,0,0.0
2025-03-10,W28,Z3,Water Supply,9,12,4,47.891666666666666,73.22500000000001,0,0.0
2025-03-17,W28,Z3,Water Supply,7,8,3,31.708333333333336,90.35666666666665,0,0.0
2025-03-24,W28,Z3,Water Supply,9,10,2,35.858333333333334,59.37333333333332,0,0.0
2025-03-31,W28,Z3,Water Supply,4,5,1,50.71666666666667,62.72,0,0.0
2025-04-07,W28,Z3,Water Supply,6,5,2,51.18333333333333,74.22333333333333,0,0.0
2025-04-14,W28,Z3,Water Supply,6,7,1,41.416666666666664,87.32000000000001,0,0.0
2025-04-21,W28,Z3,Water Supply,11,7,5,33.61666666666667,59.85666666666668,0,0.0
2025-04-28,W28,Z3,Water Supply,11,10,6,55.31666666666666,80.95333333333332,0,0.0
2025-05-05,W28,Z3,Water Supply,9,12,3,48.31666666666666,86.63166666666667,1,0.1111111111111111
2025-05-12,W28,Z3,Water Supply,7,5,5,47.516666666666666,67.16666666666667,0,0.0
2025-05-19,W28,Z3,Water Supply,11,7,9,90.0,202.44333333333338,0,0.0
2025-05-26,W28,Z3,Water Supply,3,11,1,64.4,146.58333333333334,0,0.0
2025-06-02,W28,Z3,Water Supply,0,1,0,105.78333333333333,105.78333333333333,0,
2025-06-09,W28,Z3,Water Supply,0,0,0,,,0,
2025-06-16,W28,Z3,Water Supply,0,0,0,,,0,
2025-06-23,W28,Z3,Water Supply,0,0,0,,,0,
2024-12-30,W29,Z4,Drainage,11,2,9,67.59166666666667,76.38499999999999,2,0.18181818181818182
2025-01-06,W29,Z4,Drainage,13,11,11,67.63333333333334,131.13333333333333,4,0.3076923076923077
2025-01-13,W29,Z4,Drainage,13,15,9,145.91666666666666,245.06333333333333,2,0.15384615384615385
2025-01-20,W29,Z4,Drainage,11,13,7,78.15,172.70000000000002,3,0.2727272727272727
2025-01-27,W29,Z4,Drainage,9,7,9,116.78333333333333,174.06666666666666,1,0.1111111111111111
2025-02-03,W29,Z4,Drainage,5,8,6,149.94166666666666,318.09,1,0.2
2025-02-10,W29,Z4,Drainage,13,10,9,75.1,165.11833333333334,3,0.23076923076923078
2025-02-17,W29,Z4,Drainage,8,12,5,116.75833333333333,215.04000000000002,1,0.125
2025-02-24,W29,Z4,Drainage,12,8,9,99.65,173.90666666666664,3,0.25
2025-03-03,W29,Z4,Drainage,6,10,5,116.14166666666667,249.72833333333332,1,0.16666666666666666
2025-03-10,W29,Z4,Drainage,6,8,3,89.38333333333333,144.95,0,0.0
2025-03-17,W29,Z4,Drainage,7,6,4,68.375,103.31666666666666,1,0.14285714285714285
2025-03-24,W29,Z4,Drainage,8,5,7,51.166666666666664,184.76999999999998,3,0.375
2025-03-31,W29,Z4,Drainage,8,8,7,92.525,176.90333333333334,2,0.25
2025-04-07,W29,Z4,Drainage,10,11,6,96.11666666666666,185.75,1,0.1
2025-04-14,W29,Z4,Drainage,9,8,7,109.25833333333333,225.77499999999998,4,0.4444444444444444
2025-04-21,W29,Z4,Drainage,5,6,6,112.48333333333332,180.88333333333333,0,0.0
2025-04-28,W29,Z4,Drainage,7,9,4,97.15,243.19333333333338,1,0.14285714285714285
2025-05-05,W29,Z4,Drainage,8,8,4,48.06666666666666,148.64,3,0.375
2025-05-12,W29,Z4,Drainage,3,4,3,126.70833333333334,194.2216666666667,0,0.0
2025-05-19,W29,Z4,Drainage,9,6,6,121.4,307.4916666666667,1,0.1111111111111111
2025-05-26,W29,Z4,Drainage,7,7,6,61.083333333333336,101.61666666666669,2,0.2857142857142857
2025-06-02,W29,Z4,Drainage,0,5,1,85.71666666666667,202.89666666666668,0,
2025-06-09,W29,Z4,Drainage,0,0,1,,,0,
2025-06-16,W29,Z4,Drainage,0,1,0,383.0833333333333,383.0833333333333,0,
2025-06-23,W29,Z4,Drainage,0,0,0,,,0,
2024-12-30,W29,Z4,Encroachment,8,0,8,,,8,1.0
2025-01-06,W29,Z4,Encroachment,11,0,19,,,11,1.0
2025-01-13,W29,Z4,Encroachment,11,6,24,282.25,330.91666666666663,11,1.0
2025-01-20,W29,Z4,Encroachment,7,6,25,373.8,521.3833333333333,7,1.0
2025-01-27,W29,Z4,Encroachment,10,9,26,320.4166666666667,489.8233333333334,9,0.9
2025-02-03,W29,Z4,Encroachment,7,10,23,551.75,687.9033333333333,7,1.0
2025-02-10,W29,Z4,Encroachment,12,5,30,429.85,526.1933333333334,10,0.8333333333333334
2025-02-17,W29,Z4,Encroachment,5,14,21,279.675,564.0900000000001,5,1.0
2025-02-24,W29,Z4,Encroachment,12,8,25,479.3166666666667,829.4350000000001,11,0.9166666666666666
2025-03-03,W29,Z4,Encroachment,7,6,26,499.43333333333334,1149.6416666666667,7,1.0
2025-03-10,W29,Z4,Encroachment,10,12,24,371.125,790.8349999999999,10,1.0
2025-03-17,W29,Z4,Encroachment,4,9,19,340.55,553.2833333333333,3,0.75
2025-03-24,W29,Z4,Encroachment,9,7,21,537.5666666666667,1473.9366666666667,8,0.8888888888888888
2025-03-31,W29,Z4,Encroachment,10,6,25,424.41666666666663,494.9416666666667,10,1.0
2025-04-07,W29,Z4,Encroachment,6,7,24,405.21666666666664,844.9766666666668,6,1.0
2025-04-14,W29,Z4,Encroachment,14,6,32,313.125,491.44166666666666,13,0.9285714285714286
2025-04-21,W29,Z4,Encroachment,6,7,31,427.8833333333333,703.9866666666668,5,0.8333333333333334
2025-04-28,W29,Z4,Encroachment,7,17,21,392.85,660.0933333333334,6,0.8571428571428571
2025-05-05,W29,Z4,Encroachment,9,9,21,338.31666666666666,1382.63,7,0.7777777777777778
2025-05-12,W29,Z4,Encroachment,7,11,17,352.71666666666664,854.8666666666667,7,1.0
2025-05-19,W29,Z4,Encroachment,8,6,19,322.39166666666665,653.3083333333333,8,1.0
2025-05-26,W29,Z4,Encroachment,8,6,21,345.9416666666667,594.7083333333333,8,1.0
2025-06-02,W29,Z4,Encroachment,0,5,16,284.0833333333333,912.55,0,
2025-06-09,W29,Z4,Encroachment,0,9,7,460.98333333333335,602.1833333333334,0,
2025-06-16,W29,Z4,Encroachment,0,3,4,758.0666666666667,774.8000000000001,0,
2025-06-23,W29,Z4,Encroachment,0,1,3,1581.0833333333333,1581.0833333333333,0,
2024-12-30,W29,Z4,Garbage,4,4,0,25.016666666666666,40.870000000000005,0,0.0
2025-01-06,W29,Z4,Garbage,6,6,0,16.025,57.358333333333334,0,0.0
2025-01-13,W29,Z4,Garbage,10,6,4,21.691666666666666,39.79166666666667,0,0.0
2025-01-20,W29,Z4,Garbage,9,12,1,26.825,71.52000000000001,0,0.0
2025-01-27,W29,Z4,Garbage,5,5,1,21.9,62.82333333333334,0,0.0
2025-02-03,W29,Z4,Garbage,10,9,2,30.15,45.60666666666667,0,0.0
2025-02-10,W29,Z4,Garbage,7,8,1,27.725,36.49333333333333,0,0.0
2025-02-17,W29,Z4,Garbage,13,12,2,22.0,36.720000000000006,0,0.0
2025-02-24,W29,Z4,Garbage,9,8,3,32.55833333333334,39.08166666666666,0,0.0
2025-03-03,W29,Z4,Garbage,5,6,2,50.525000000000006,71.125,0,0.0
2025-03-10,W29,Z4,Garbage,6,6,2,29.358333333333334,37.925,0,0.0
2025-03-17,W29,Z4,Garbage,11,11,2,26.3,61.96666666666667,0,0.0
2025-03-24,W29,Z4,Garbage,8,6,4,51.0,89.475,0,0.0
2025-03-31,W29,Z4,Garbage,10,9,5,23.716666666666665,56.42333333333334,0,0.0
2025-04-07,W29,Z4,Garbage,6,11,0,37.88333333333333,83.11666666666666,0,0.0
2025-04-14,W29,Z4,Garbage,9,9,0,36.7,83.65333333333334,0,0.0
2025-04-21,W29,Z4,Garbage,16,12,4,19.858333333333334,49.378333333333345,0,0.0
2025-04-28,W29,Z4,Garbage,9,11,2,32.166666666666664,73.03333333333333,0,0.0
2025-05-05,W29,Z4,Garbage,13,13,2,33.28333333333333,59.26666666666667,0,0.0
2025-05-12,W29,Z4,Garbage,8,9,1,27.3,57.013333333333335,0,0.0
2025-05-19,W29,Z4,Garbage,6,5,2,38.43333333333333,59.58,0,0.0
2025-05-26,W29,Z4,Garbage,8,10,0,38.68333333333334,63.959999999999994,0,0.0
2025-06-02,W29,Z4,Garbage,0,0,0,,,0,
2025-06-09,W29,Z4,Garbage,0,0,0,,,0,
2025-06-16,W29,Z4,Garbage,0,0,0,,,0,
2025-06-23,W29,Z4,Garbage,0,0,0,,,0,
2024-12-30,W29,Z4,Property Tax,4,2,2,72.05000000000001,98.95666666666668,0,0.0
2025-01-06,W29,Z4,Property Tax,3,3,2,53.016666666666666,67.53666666666668,1,0.3333333333333333
2025-01-13,W29,Z4,Property Tax,7,6,3,61.74166666666667,123.71666666666667,0,0.0
2025-01-20,W29,Z4,Property Tax,8,7,4,55.96666666666667,104.92666666666669,1,0.125
2025-01-27,W29,Z4,Property Tax,9,7,6,77.06666666666666,165.75333333333333,1,0.1111111111111111
2025-02-03,W29,Z4,Property Tax,11,11,6,65.26666666666667,107.18333333333334,1,0.09090909090909091
2025-02-10,W29,Z4,Property Tax,10,11,5,86.81666666666666,232.53333333333333,0,0.0
2025-02-17,W29,Z4,Property Tax,8,9,4,105.85,146.46666666666667,0,0.0
2025-02-24,W29,Z4,Property Tax,13,11,6,76.3,109.38333333333334,0,0.0
2025-03-03,W29,Z4,Property Tax,5,7,4,92.18333333333334,119.86333333333334,0,0.0
2025-03-10,W29,Z4,Property Tax,8,10,2,62.8,138.17999999999998,0,0.0
2025-03-17,W29,Z4,Property Tax,6,4,4,67.64166666666667,81.475,1,0.16666666666666666
2025-03-24,W29,Z4,Property Tax,8,6,6,55.65833333333333,60.516666666666666,1,0.125
2025-03-31,W29,Z4,Property Tax,8,10,4,113.95833333333334,230.73499999999996,1,0.125
2025-04-07,W29,Z4,Property Tax,10,6,8,96.84166666666667,135.34166666666667,3,0.3
2025-04-14,W29,Z4,Property Tax,12,12,8,100.0,215.74333333333334,2,0.16666666666666666
2025-04-21,W29,Z4,Property Tax,8,11,5,126.13333333333334,183.16666666666666,0,0.0
2025-04-28,W29,Z4,Property Tax,11,11,5,50.68333333333333,88.36666666666666,1,0.09090909090909091
2025-05-05,W29,Z4,Property Tax,14,13,6,78.85,104.25666666666666,1,0.07142857142857142
2025-05-12,W29,Z4,Property Tax,10,11,5,82.26666666666667,198.23333333333332,2,0.2
2025-05-19,W29,Z4,Property Tax,7,6,6,79.73333333333333,166.83333333333331,1,0.14285714285714285
2025-05-26,W29,Z4,Property Tax,7,10,3,67.925,152.10166666666663,0,0.0
2025-06-02,W29,Z4,Property Tax,0,3,0,57.55,222.25666666666666,0,
2025-06-09,W29,Z4,Property Tax,0,0,0,,,0,
2025-06-16,W29,Z4,Property Tax,0,0,0,,,0,
2025-06-23,W29,Z4,Property Tax,0,0,0,,,0,
2024-12-30,W29,Z4,Road Repair,7,0,7,,,6,0.8571428571428571
2025-01-06,W29,Z4,Road Repair,12,1,18,162.01666666666668,162.01666666666668,7,0.5833333333333334
2025-01-13,W29,Z4,Road Repair,10,14,14,160.77499999999998,303.1316666666667,7,0.7
2025-01-20,W29,Z4,Road Repair,5,9,10,254.13333333333333,455.4,4,0.8
2025-01-27,W29,Z4,Road Repair,3,7,6,247.6,323.52000000000004,1,0.3333333333333333
2025-02-03,W29,Z4,Road Repair,5,5,6,161.5,380.1533333333334,4,0.8
2025-02-10,W29,Z4,Road Repair,12,4,14,218.425,446.7066666666667,8,0.6666666666666666
2025-02-17,W29,Z4,Road Repair,11,7,18,211.71666666666667,344.82000000000005,8,0.7272727272727273
2025-02-24,W29,Z4,Road Repair,8,10,16,264.4916666666667,405.4933333333333,4,0.5
2025-03-03,W29,Z4,Road Repair,11,8,19,184.09166666666667,364.9866666666667,10,0.9090909090909091
2025-03-10,W29,Z4,Road Repair,12,13,18,440.23333333333335,493.14,10,0.8333333333333334
2025-03-17,W29,Z4,Road Repair,8,12,14,219.725,369.6716666666667,6,0.75
2025-03-24,W29,Z4,Road Repair,8,8,14,246.56666666666666,384.0183333333333,7,0.875
2025-03-31,W29,Z4,Road Repair,5,10,9,259.85,521.5333333333333,4,0.8
2025-04-07,W29,Z4,Road Repair,7,6,10,256.94166666666666,347.94166666666666,5,0.7142857142857143
2025-04-14,W29,Z4,Road Repair,7,6,11,283.2833333333333,405.275,6,0.8571428571428571
2025-04-21,W29,Z4,Road Repair,9,4,16,201.73333333333335,242.33833333333334,8,0.8888888888888888
2025-04-28,W29,Z4,Road Repair,15,11,20,292.8,495.3333333333333,9,0.6
2025-05-05,W29,Z4,Road Repair,7,12,15,160.75833333333333,312.9816666666667,5,0.7142857142857143
2025-05-12,W29,Z4,Road Repair,8,8,15,240.45,339.0683333333333,7,0.875
2025-05-19,W29,Z4,Road Repair,11,7,19,267.4166666666667,478.8933333333334,6,0.5454545454545454
2025-05-26,W29,Z4,Road Repair,6,12,13,255.54999999999998,631.4533333333334,6,1.0
2025-06-02,W29,Z4,Road Repair,0,4,9,305.725,615.5983333333334,0,
2025-06-09,W29,Z4,Road Repair,0,5,4,348.46666666666664,368.86333333333334,0,
2025-06-16,W29,Z4,Road Repair,0,4,0,671.4916666666667,702.8516666666667,0,
2025-06-23,W29,Z4,Road Repair,0,0,0,,,0,
2024-12-30,W29,Z4,Stray Animals,3,1,2,14.966666666666667,14.966666666666667,0,0.0
2025-01-06,W29,Z4,Stray Animals,12,12,2,13.649999999999999,23.743333333333336,0,0.0
2025-01-13,W29,Z4,Stray Animals,10,10,2,9.85,16.263333333333332,0,0.0
2025-01-20,W29,Z4,Stray Animals,15,15,2,11.55,18.173333333333332,0,0.0
2025-01-27,W29,Z4,Stray Animals,15,13,4,8.733333333333333,20.000000000000004,0,0.0
2025-02-03,W29,Z4,Stray Animals,5,9,0,6.65,23.993333333333336,0,0.0
2025-02-10,W29,Z4,Stray Animals,4,4,0,12.633333333333333,18.031666666666666,0,0.0
2025-02-17,W29,Z4,Stray Animals,12,12,0,14.975000000000001,23.305,0,0.0
2025-02-24,W29,Z4,Stray Animals,3,3,0,5.916666666666667,11.623333333333335,0,0.0
2025-03-03,W29,Z4,Stray Animals,5,5,0,10.883333333333333,15.866666666666667,0,0.0
2025-03-10,W29,Z4,Stray Animals,10,10,0,11.875,23.73166666666667,0,0.0
2025-03-17,W29,Z4,Stray Animals,8,7,1,10.283333333333333,24.333333333333332,0,0.0
2025-03-24,W29,Z4,Stray Animals,2,3,0,22.3,28.473333333333333,0,0.0
2025-03-31,W29,Z4,Stray Animals,6,5,1,12.2,18.31666666666667,0,0.0
2025-04-07,W29,Z4,Stray Animals,10,10,1,14.683333333333334,17.958333333333332,0,0.0
2025-04-14,W29,Z4,Stray Animals,9,9,1,13.583333333333334,28.406666666666666,0,0.0
2025-04-21,W29,Z4,Stray Animals,8,9,0,11.533333333333333,17.486666666666668,0,0.0
2025-04-28,W29,Z4,Stray Animals,10,9,1,10.033333333333333,31.96,0,0.0
2025-05-05,W29,Z4,Stray Animals,10,8,3,7.775,16.005,0,0.0
2025-05-12,W29,Z4,Stray Animals,13,16,0,11.133333333333333,30.6,0,0.0
2025-05-19,W29,Z4,Stray Animals,12,12,0,12.108333333333334,24.110000000000003,0,0.0
2025-05-26,W29,Z4,Stray Animals,6,6,0,16.141666666666666,23.041666666666664,0,0.0
2025-06-02,W29,Z4,Stray Animals,0,0,0,,,0,
2025-06-09,W29,Z4,Stray Animals,0,0,0,,,0,
2025-06-16,W29,Z4,Stray Animals,0,0,0,,,0,
2025-06-23,W29,Z4,Stray Animals,0,0,0,,,0,
2024-12-30,W29,Z4,Streetlight,10,10,0,14.725,26.80833333333333,0,0.0
2025-01-06,W29,Z4,Streetlight,9,9,0,21.566666666666666,39.153333333333336,0,0.0
2025-01-13,W29,Z4,Streetlight,4,2,2,26.916666666666664,38.18333333333333,0,0.0
2025-01-20,W29,Z4,Streetlight,6,8,0,14.7,23.32,0,0.0
2025-01-27,W29,Z4,Streetlight,9,7,2,19.05,22.243333333333336,0,0.0
2025-02-03,W29,Z4,Streetlight,11,10,3,23.2,35.43333333333334,0,0.0
2025-02-10,W29,Z4,Streetlight,11,12,2,16.133333333333333,24.861666666666668,0,0.0
2025-02-17,W29,Z4,Streetlight,9,11,0,17.7,33.81666666666667,0,0.0
2025-02-24,W29,Z4,Streetlight,11,10,1,13.141666666666666,43.838333333333324,0,0.0
2025-03-03,W29,Z4,Streetlight,6,7,0,16.25,20.80666666666667,0,0.0
2025-03-10,W29,Z4,Streetlight,10,9,1,18.883333333333333,25.28666666666667,0,0.0
2025-03-17,W29,Z4,Streetlight,7,6,2,11.958333333333332,22.791666666666668,0,0.0
2025-03-24,W29,Z4,Streetlight,7,8,1,14.941666666666666,25.316666666666666,0,0.0
2025-03-31,W29,Z4,Streetlight,8,8,1,9.775,19.581666666666663,0,0.0
2025-04-07,W29,Z4,Streetlight,6,7,0,15.616666666666667,41.81000000000001,0,0.0
2025-04-14,W29,Z4,Streetlight,6,6,0,7.575,12.133333333333333,0,0.0
2025-04-21,W29,Z4,Streetlight,9,7,2,14.533333333333333,32.32666666666667,0,0.0
2025-04-28,W29,Z4,Streetlight,10,12,0,16.733333333333334,29.238333333333337,0,0.0
2025-05-05,W29,Z4,Streetlight,10,9,1,13.7,21.243333333333332,0,0.0
2025-05-12,W29,Z4,Streetlight,8,9,0,25.566666666666666,56.41000000000001,0,0.0
2025-05-19,W29,Z4,Streetlight,11,10,1,17.53333333333333,33.961666666666666,0,0.0
2025-05-26,W29,Z4,Streetlight,9,9,1,21.033333333333335,34.03333333333334,0,0.0
2025-06-02,W29,Z4,Streetlight,0,1,0,36.06666666666667,36.06666666666667,0,
2025-06-09,W29,Z4,Streetlight,0,0,0,,,0,
2025-06-16,W29,Z4,Streetlight,0,0,0,,,0,
2025-06-23,W29,Z4,Streetlight,0,0,0,,,0,
2024-12-30,W29,Z4,Water Supply,8,6,2,60.28333333333333,88.82499999999999,0,0.0
2025-01-06,W29,Z4,Water Supply,7,7,2,62.31666666666667,112.12666666666668,0,0.0
2025-01-13,W29,Z4,Water Supply,10,8,4,40.30833333333334,77.10333333333332,0,0.0
2025-01-20,W29,Z4,Water Supply,6,7,3,69.15,114.40333333333334,1,0.16666666666666666
2025-01-27,W29,Z4,Water Supply,9,8,4,79.28333333333333,96.68666666666667,0,0.0
2025-02-03,W29,Z4,Water Supply,8,10,2,39.175,120.69999999999995,0,0.0
2025-02-10,W29,Z4,Water Supply,12,9,5,42.86666666666667,88.51666666666668,1,0.08333333333333333
2025-02-17,W29,Z4,Water Supply,6,6,5,31.083333333333332,96.45833333333334,0,0.0
2025-02-24,W29,Z4,Water Supply,7,8,4,58.491666666666674,164.83333333333334,0,0.0
2025-03-03,W29,Z4,Water Supply,7,6,5,47.95,90.71666666666667,0,0.0
2025-03-10,W29,Z4,Water Supply,14,15,4,42.983333333333334,83.73333333333333,0,0.0
2025-03-17,W29,Z4,Water Supply,7,5,6,41.9,56.913333333333334,0,0.0
2025-03-24,W29,Z4,Water Supply,9,13,2,55.46666666666667,123.04000000000002,0,0.0
2025-03-31,W29,Z4,Water Supply,4,5,1,58.81666666666667,98.38666666666667,1,0.25
2025-04-07,W29,Z4,Water Supply,13,12,2,33.7,91.8766666666667,0,0.0
2025-04-14,W29,Z4,Water Supply,12,8,6,54.875,94.82,0,0.0
2025-04-21,W29,Z4,Water Supply,10,14,2,48.19166666666666,117.09500000000004,0,0.0
2025-04-28,W29,Z4,Water Supply,5,5,2,42.55,101.49333333333334,0,0.0
2025-05-05,W29,Z4,Water Supply,10,9,3,33.666666666666664,84.64666666666666,0,0.0
2025-05-12,W29,Z4,Water Supply,9,10,2,55.35,107.355,0,0.0
2025-05-19,W29,Z4,Water Supply,6,7,1,47.28333333333333,117.03333333333336,0,0.0
2025-05-26,W29,Z4,Water Supply,8,7,2,36.333333333333336,62.400000000000006,0,0.0
2025-06-02,W29,Z4,Water Supply,0,2,0,140.9,146.32666666666668,0,
2025-06-09,W29,Z4,Water Supply,0,0,0,,,0,
2025-06-16,W29,Z4,Water Supply,0,0,0,,,0,
2025-06-23,W29,Z4,Water Supply,0,0,0,,,0,
2024-12-30,W30,Z0,Drainage,4,0,4,,,1,0.25
2025-01-06,W30,Z0,Drainage,10,4,10,101.375,151.14,5,0.5
2025-01-13,W30,Z0,Drainage,8,12,6,114.875,206.29666666666668,0,0.0
2025-01-20,W30,Z0,Drainage,7,10,3,111.58333333333333,264.84999999999997,0,0.0
2025-01-27,W30,Z0,Drainage,5,5,3,79.11666666666666,138.11,1,0.2
2025-02-03,W30,Z0,Drainage,9,4,8,47.483333333333334,72.44500000000001,2,0.2222222222222222
2025-02-10,W30,Z0,Drainage,9,12,5,118.925,205.55166666666668,1,0.1111111111111111
2025-02-17,W30,Z0,Drainage,7,9,3,69.26666666666667,133.98333333333335,0,0.0
2025-02-24,W30,Z0,Drainage,13,5,11,84.45,182.12333333333333,6,0.46153846153846156
2025-03-03,W30,Z0,Drainage,13,16,8,105.675,191.65833333333333,2,0.15384615384615385
2025-03-10,W30,Z0,Drainage,8,9,7,151.71666666666667,307.8566666666667,3,0.375
2025-03-17,W30,Z0,Drainage,8,9,6,152.56666666666666,286.2366666666667,1,0.125
2025-03-24,W30,Z0,Drainage,9,11,4,92.21666666666667,149.06666666666666,1,0.1111111111111111
2025-03-31,W30,Z0,Drainage,17,11,10,101.56666666666666,158.31666666666666,4,0.23529411764705882
2025-04-07,W30,Z0,Drainage,7,9,8,116.01666666666667,200.98000000000002,3,0.42857142857142855
2025-04-14,W30,Z0,Drainage,5,8,5,213.575,274.6666666666667,1,0.2
2025-04-21,W30,Z0,Drainage,4,5,4,79.66666666666667,301.01000000000005,1,0.25
2025-04-28,W30,Z0,Drainage,10,7,7,90.66666666666667,274.76333333333343,3,0.3
2025-05-05,W30,Z0,Drainage,11,7,11,111.33333333333333,189.19,2,0.18181818181818182
2025-05-12,W30,Z0,Drainage,12,13,10,104.25,205.6066666666667,2,0.16666666666666666
2025-05-19,W30,Z0,Drainage,4,12,2,86.30000000000001,209.2866666666667,1,0.25
2025-05-26,W30,Z0,Drainage,8,6,4,68.40833333333333,186.8,1,0.125
2025-06-02,W30,Z0,Drainage,0,3,1,83.2,142.46666666666667,0,
2025-06-09,W30,Z0,Drainage,0,1,0,433.2,433.2,0,
2025-06-16,W30,Z0,Drainage,0,0,0,,,0,
2025-06-23,W30,Z0,Drainage,0,0,0,,,0,
2024-12-30,W30,Z0,Encroachment,7,0,7,,,6,0.8571428571428571
2025-01-06,W30,Z0,Encroachment,7,2,12,164.81666666666666,168.57666666666668,6,0.8571428571428571
2025-01-13,W30,Z0,Encroachment,13,2,23,216.36666666666667,259.35333333333335,13,1.0
2025-01-20,W30,Z0,Encroachment,3,8,18,335.7083333333333,467.655,3,1.0
2025-01-27,W30,Z0,Encroachment,3,11,10,430.0,603.65,2,0.6666666666666666
2025-02-03,W30,Z0,Encroachment,11,7,14,373.15,580.4233333333334,11,1.0
2025-02-10,W30,Z0,Encroachment,8,5,17,196.86666666666667,216.96666666666667,6,0.75
2025-02-17,W30,Z0,Encroachment,5,6,16,318.575,566.3333333333333,5,1.0
2025-02-24,W30,Z0,Encroachment,14,8,22,320.9666666666667,649.9233333333332,13,0.9285714285714286
2025-03-03,W30,Z0,Encroachment,2,6,18,256.6666666666667,499.025,2,1.0
2025-03-10,W30,Z0,Encroachment,8,5,21,421.0,481.55,7,0.875
2025-03-17,W30,Z0,Encroachment,8,10,19,506.95,815.1583333333332,8,1.0
2025-03-24,W30,Z0,Encroachment,12,8,23,407.975,840.9166666666665,10,0.8333333333333334
2025-03-31,W30,Z0,Encroachment,9,9,23,265.1166666666667,405.85,8,0.8888888888888888
2025-04-07,W30,Z0,Encroachment,13,7,29,321.51666666666665,812.6833333333334,10,0.7692307692307693
2025-04-14,W30,Z0,Encroachment,11,10,30,367.42499999999995,497.0333333333333,11,1.0
2025-04-21,W30,Z0,Encroachment,10,13,27,380.31666666666666,802.77,8,0.8
2025-04-28,W30,Z0,Encroachment,7,8,26,292.53333333333336,719.24,7,1.0
2025-05-05,W30,Z0,Encroachment,13,12,27,512.7,649.9383333333334,11,0.8461538461538461
2025-05-12,W30,Z0,Encroachment,10,10,27,515.3166666666666,678.0199999999999,9,0.9
2025-05-19,W30,Z0,Encroachment,8,8,27,286.95833333333337,568.0133333333333,6,0.75
2025-05-26,W30,Z0,Encroachment,6,13,20,381.71666666666664,522.2633333333333,5,0.8333333333333334
2025-06-02,W30,Z0,Encroachment,0,9,11,350.6166666666667,696.4466666666667,0,
2025-06-09,W30,Z0,Encroachment,0,3,8,330.46666666666664,1098.28,0,
2025-06-16,W30,Z0,Encroachment,0,3,5,712.7,783.5666666666666,0,
2025-06-23,W30,Z0,Encroachment,0,3,2,895.4333333333333,1181.7,0,
2024-12-30,W30,Z0,Garbage,7,4,3,33.21666666666667,61.86166666666668,0,0.0
2025-01-06,W30,Z0,Garbage,6,9,0,34.61666666666667,57.67333333333334,0,0.0
2025-01-13,W30,Z0,Garbage,13,12,1,37.8,69.51666666666668,0,0.0
2025-01-20,W30,Z0,Garbage,6,6,1,27.75,41.65,0,0.0
2025-01-27,W30,Z0,Garbage,12,8,5,35.31666666666666,46.73833333333333,0,0.0
2025-02-03,W30,Z0,Garbage,9,13,1,41.4,65.45666666666668,0,0.0
2025-02-10,W30,Z0,Garbage,11,11,1,22.333333333333332,58.333333333333336,0,0.0
2025-02-17,W30,Z0,Garbage,6,6,1,26.96666666666667,37.63333333333333,0,0.0
2025-02-24,W30,Z0,Garbage,9,6,4,18.116666666666667,61.25833333333333,0,0.0
2025-03-03,W30,Z0,Garbage,11,9,6,29.766666666666666,75.33333333333334,0,0.0
2025-03-10,W30,Z0,Garbage,13,16,3,43.79166666666667,71.10833333333333,0,0.0
2025-03-17,W30,Z0,Garbage,6,8,1,50.483333333333334,86.405,0,0.0
2025-03-24,W30,Z0,Garbage,11,10,2,27.083333333333332,39.309999999999995,0,0.0
2025-03-31,W30,Z0,Garbage,5,7,0,22.75,28.440000000000005,0,0.0
2025-04-07,W30,Z0,Garbage,6,4,2,19.016666666666666,73.98333333333335,0,0.0
2025-04-14,W30,Z0,Garbage,7,7,2,29.5,51.000000000000014,0,0.0
2025-04-21,W30,Z0,Garbage,10,10,2,25.591666666666665,67.93499999999997,0,0.0
2025-04-28,W30,Z0,Garbage,6,7,1,30.0,66.69000000000001,0,0.0
2025-05-05,W30,Z0,Garbage,4,5,0,29.65,96.10666666666667,0,0.0
2025-05-12,W30,Z0,Garbage,12,9,3,26.516666666666666,41.43666666666667,0,0.0
2025-05-19,W30,Z0,Garbage,11,11,3,27.216666666666665,49.7,0,0.0
2025-05-26,W30,Z0,Garbage,7,10,0,30.4,51.931666666666665,0,0.0
2025-06-02,W30,Z0,Garbage,0,0,0,,,0,
2025-06-09,W30,Z0,Garbage,0,0,0,,,0,
2025-06-16,W30,Z0,Garbage,0,0,0,,,0,
2025-06-23,W30,Z0,Garbage,0,0,0,,,0,
2024-12-30,W30,Z0,Property Tax,9,2,7,71.46666666666667,74.92,1,0.1111111111111111
2025-01-06,W30,Z0,Property Tax,7,10,4,63.983333333333334,96.40333333333332,1,0.14285714285714285
2025-01-13,W30,Z0,Property Tax,8,8,4,78.86666666666667,208.54333333333332,0,0.0
2025-01-20,W30,Z0,Property Tax,9,9,4,55.916666666666664,118.83666666666667,1,0.1111111111111111
2025-01-27,W30,Z0,Property Tax,7,6,5,94.125,146.86666666666667,1,0.14285714285714285
2025-02-03,W30,Z0,Property Tax,6,8,3,55.7,110.59999999999998,0,0.0
2025-02-10,W30,Z0,Property Tax,9,8,4,46.666666666666664,211.2983333333333,1,0.1111111111111111
2025-02-17,W30,Z0,Property Tax,11,10,5,64.725,150.855,0,0.0
2025-02-24,W30,Z0,Property Tax,7,8,4,59.858333333333334,100.535,0,0.0
2025-03-03,W30,Z0,Property Tax,6,5,5,82.18333333333334,114.09666666666666,0,0.0
2025-03-10,W30,Z0,Property Tax,15,16,4,79.49166666666667,121.11666666666667,2,0.13333333333333333
2025-03-17,W30,Z0,Property Tax,7,8,3,74.89166666666667,192.81333333333333,1,0.14285714285714285
2025-03-24,W30,Z0,Property Tax,13,9,7,65.03333333333333,121.52333333333334,1,0.07692307692307693
2025-03-31,W30,Z0,Property Tax,8,7,8,110.08333333333333,156.07000000000002,0,0.0
2025-04-07,W30,Z0,Property Tax,11,15,4,71.35,147.20666666666665,2,0.18181818181818182
2025-04-14,W30,Z0,Property Tax,10,7,7,71.73333333333333,160.78000000000003,1,0.1
2025-04-21,W30,Z0,Property Tax,3,8,2,117.70833333333334,172.45166666666665,1,0.3333333333333333
2025-04-28,W30,Z0,Property Tax,9,6,5,73.43333333333334,197.75833333333333,2,0.2222222222222222
2025-05-05,W30,Z0,Property Tax,9,8,6,90.05833333333334,202.06166666666667,4,0.4444444444444444
2025-05-12,W30,Z0,Property Tax,8,9,5,57.8,226.74333333333334,0,0.0
2025-05-19,W30,Z0,Property Tax,7,10,2,62.21666666666667,130.93833333333328,0,0.0
2025-05-26,W30,Z0,Property Tax,8,7,3,42.31666666666667,92.51666666666668,0,0.0
2025-06-02,W30,Z0,Property Tax,0,3,0,107.0,143.52,0,
2025-06-09,W30,Z0,Property Tax,0,0,0,,,0,
2025-06-16,W30,Z0,Property Tax,0,0,0,,,0,
2025-06-23,W30,Z0,Property Tax,0,0,0,,,0,
2024-12-30,W30,Z0,Road Repair,5,1,4,110.0,110.0,3,0.6
2025-01-06,W30,Z0,Road Repair,10,1,13,92.3,92.3,7,0.7
2025-01-13,W30,Z0,Road Repair,14,8,19,206.26666666666665,272.9166666666667,13,0.9285714285714286
2025-01-20,W30,Z0,Road Repair,3,10,12,237.35833333333335,400.87499999999994,2,0.6666666666666666
2025-01-27,W30,Z0,Road Repair,8,6,14,314.5916666666667,437.5083333333333,4,0.5
2025-02-03,W30,Z0,Road Repair,10,10,14,208.59166666666664,557.2383333333333,7,0.7
2025-02-10,W30,Z0,Road Repair,4,8,10,194.325,383.2666666666666,2,0.5
2025-02-17,W30,Z0,Road Repair,6,9,7,279.03333333333336,513.8133333333334,4,0.6666666666666666
2025-02-24,W30,Z0,Road Repair,7,5,9,172.58333333333334,192.68333333333334,6,0.8571428571428571
2025-03-03,W30,Z0,Road Repair,9,3,15,140.65,278.98333333333335,5,0.5555555555555556
2025-03-10,W30,Z0,Road Repair,7,10,12,197.23333333333335,274.24499999999995,6,0.8571428571428571
2025-03-17,W30,Z0,Road Repair,13,6,19,409.8416666666667,833.9000000000001,10,0.7692307692307693
2025-03-24,W30,Z0,Road Repair,5,11,13,270.4,485.48333333333335,4,0.8
2025-03-31,W30,Z0,Road Repair,12,8,17,278.3666666666667,459.085,10,0.8333333333333334
2025-04-07,W30,Z0,Road Repair,8,13,12,205.46666666666667,405.96666666666664,4,0.5
2025-04-14,W30,Z0,Road Repair,8,8,12,185.55833333333334,343.53499999999997,4,0.5
2025-04-21,W30,Z0,Road Repair,13,7,18,303.0,331.35,12,0.9230769230769231
2025-04-28,W30,Z0,Road Repair,9,6,21,237.40833333333333,639.4,7,0.7777777777777778
2025-05-05,W30,Z0,Road Repair,8,12,17,260.69166666666666,326.08,7,0.875
2025-05-12,W30,Z0,Road Repair,13,12,18,241.11666666666667,615.885,8,0.6153846153846154
2025-05-19,W30,Z0,Road Repair,10,11,17,240.3,730.3833333333333,4,0.4
2025-05-26,W30,Z0,Road Repair,5,13,9,249.16666666666666,551.9700000000001,5,1.0
2025-06-02,W30,Z0,Road Repair,0,1,8,420.3,420.3,0,
2025-06-09,W30,Z0,Road Repair,0,6,2,357.19166666666666,571.15,0,
2025-06-16,W30,Z0,Road Repair,0,1,1,657.0166666666667,657.0166666666667,0,
2025-06-23,W30,Z0,Road Repair,0,0,1,,,0,
2024-12-30,W30,Z0,Stray Animals,5,5,0,9.833333333333334,17.543333333333333,0,0.0
2025-01-06,W30,Z0,Stray Animals,8,7,1,9.766666666666667,30.48,0,0.0
2025-01-13,W30,Z0,Stray Animals,11,11,1,14.283333333333333,20.25,0,0.0
2025-01-20,W30,Z0,Stray Animals,4,5,0,10.216666666666667,19.46,0,0.0
2025-01-27,W30,Z0,Stray Animals,10,9,1,15.666666666666666,22.613333333333337,0,0.0
2025-02-03,W30,Z0,Stray Animals,12,12,1,13.666666666666666,21.763333333333335,0,0.0
2025-02-10,W30,Z0,Stray Animals,6,6,1,17.325000000000003,22.866666666666667,0,0.0
2025-02-17,W30,Z0,Stray Animals,5,6,0,13.158333333333333,32.88333333333333,0,0.0
2025-02-24,W30,Z0,Stray Animals,8,7,1,11.0,35.37333333333335,0,0.0
2025-03-03,W30,Z0,Stray Animals,12,11,2,10.25,21.1,0,0.0
2025-03-10,W30,Z0,Stray Animals,5,7,0,23.05,29.903333333333332,0,0.0
2025-03-17,W30,Z0,Stray Animals,12,12,0,13.45,23.755000000000003,0,0.0
2025-03-24,W30,Z0,Stray Animals,7,7,0,12.9,22.950000000000003,0,0.0
2025-03-31,W30,Z0,Stray Animals,10,10,0,12.475000000000001,21.439999999999998,0,0.0
2025-04-07,W30,Z0,Stray Animals,14,13,1,10.616666666666667,37.85666666666668,0,0.0
2025-04-14,W30,Z0,Stray Animals,11,12,0,13.275,26.735,0,0.0
2025-04-21,W30,Z0,Stray Animals,8,7,1,19.483333333333334,32.20666666666667,0,0.0
2025-04-28,W30,Z0,Stray Animals,7,8,0,10.508333333333333,20.87333333333333,0,0.0
2025-05-05,W30,Z0,Stray Animals,5,5,0,12.483333333333333,15.196666666666667,0,0.0
2025-05-12,W30,Z0,Stray Animals,7,6,1,14.225,44.925,0,0.0
2025-05-19,W30,Z0,Stray Animals,11,11,1,10.55,36.93333333333333,0,0.0
2025-05-26,W30,Z0,Stray Animals,10,11,0,11.6,24.216666666666665,0,0.0
2025-06-02,W30,Z0,Stray Animals,0,0,0,,,0,
2025-06-09,W30,Z0,Stray Animals,0,0,0,,,0,
2025-06-16,W30,Z0,Stray Animals,0,0,0,,,0,
2025-06-23,W30,Z0,Stray Animals,0,0,0,,,0,
2024-12-30,W30,Z0,Streetlight,4,2,2,24.65833333333333,29.37166666666667,0,0.0
2025-01-06,W30,Z0,Streetlight,8,9,1,25.733333333333334,38.876666666666665,0,0.0
2025-01-13,W30,Z0,Streetlight,6,6,1,21.975,34.31666666666666,0,0.0
2025-01-20,W30,Z0,Streetlight,14,12,3,19.616666666666667,42.36166666666667,0,0.0
2025-01-27,W30,Z0,Streetlight,12,14,1,19.683333333333334,33.82333333333334,0,0.0
2025-02-03,W30,Z0,Streetlight,11,10,2,24.858333333333334,38.27166666666666,0,0.0
2025-02-10,W30,Z0,Streetlight,8,8,2,15.983333333333334,32.99666666666666,0,0.0
2025-02-17,W30,Z0,Streetlight,4,6,0,19.34166666666667,29.391666666666666,0,0.0
2025-02-24,W30,Z0,Streetlight,10,9,1,8.133333333333333,22.150000000000002,0,0.0
2025-03-03,W30,Z0,Streetlight,8,8,1,13.116666666666667,32.56166666666666,0,0.0
2025-03-10,W30,Z0,Streetlight,5,6,0,17.78333333333333,20.833333333333332,0,0.0
2025-03-17,W30,Z0,Streetlight,4,4,0,18.45,20.5,0,0.0
2025-03-24,W30,Z0,Streetlight,7,7,0,32.233333333333334,44.86666666666667,0,0.0
2025-03-31,W30,Z0,Streetlight,10,9,1,14.866666666666667,40.21,0,0.0
2025-04-07,W30,Z0,Streetlight,14,13,2,14.066666666666666,28.63666666666667,0,0.0
2025-04-14,W30,Z0,Streetlight,6,8,0,18.208333333333336,24.241666666666667,0,0.0
2025-04-21,W30,Z0,Streetlight,8,7,1,24.533333333333335,67.2166666666667,0,0.0
2025-04-28,W30,Z0,Streetlight,12,12,1,11.675,21.335,0,0.0
2025-05-05,W30,Z0,Streetlight,10,8,3,23.46666666666667,40.21,0,0.0
2025-05-12,W30,Z0,Streetlight,9,10,2,23.191666666666666,54.074999999999996,0,0.0
2025-05-19,W30,Z0,Streetlight,9,9,2,17.216666666666665,37.25333333333333,0,0.0
2025-05-26,W30,Z0,Streetlight,8,9,1,11.683333333333334,27.17666666666667,0,0.0
2025-06-02,W30,Z0,Streetlight,0,1,0,73.96666666666667,73.96666666666667,0,
2025-06-09,W30,Z0,Streetlight,0,0,0,,,0,
2025-06-16,W30,Z0,Streetlight,0,0,0,,,0,
2025-06-23,W30,Z0,Streetlight,0,0,0,,,0,
2024-12-30,W30,Z0,Water Supply,3,2,1,41.225,45.63166666666667,0,0.0
2025-01-06,W30,Z0,Water Supply,14,13,2,43.11666666666667,56.11000000000001,0,0.0
2025-01-13,W30,Z0,Water Supply,15,12,5,47.8,103.52000000000001,0,0.0
2025-01-20,W30,Z0,Water Supply,14,15,4,40.9,69.54333333333332,0,0.0
2025-01-27,W30,Z0,Water Supply,3,6,1,73.925,106.01666666666668,0,0.0
2025-02-03,W30,Z0,Water Supply,7,6,2,35.108333333333334,125.55,0,0.0
2025-02-10,W30,Z0,Water Supply,7,4,5,49.233333333333334,92.95666666666668,0,0.0
2025-02-17,W30,Z0,Water Supply,8,9,4,85.95,139.33333333333334,0,0.0
2025-02-24,W30,Z0,Water Supply,6,8,2,46.2,112.77499999999999,0,0.0
2025-03-03,W30,Z0,Water Supply,7,8,1,61.65,89.41999999999999,0,0.0
2025-03-10,W30,Z0,Water Supply,7,4,4,50.69166666666666,102.21333333333334,0,0.0
2025-03-17,W30,Z0,Water Supply,9,11,2,49.916666666666664,97.9,0,0.0
2025-03-24,W30,Z0,Water Supply,5,5,2,40.4,98.30333333333334,2,0.4
2025-03-31,W30,Z0,Water Supply,9,8,3,56.449999999999996,211.15166666666664,1,0.1111111111111111
2025-04-07,W30,Z0,Water Supply,8,7,4,59.11666666666667,156.7666666666667,0,0.0
2025-04-14,W30,Z0,Water Supply,5,7,2,51.016666666666666,106.45666666666668,0,0.0
2025-04-21,W30,Z0,Water Supply,8,6,4,54.858333333333334,75.775,1,0.125
2025-04-28,W30,Z0,Water Supply,9,10,3,38.93333333333334,97.15166666666666,0,0.0
2025-05-05,W30,Z0,Water Supply,12,13,2,41.333333333333336,77.06666666666668,1,0.08333333333333333
2025-05-12,W30,Z0,Water Supply,13,13,2,47.25,131.26666666666674,0,0.0
2025-05-19,W30,Z0,Water Supply,11,10,3,59.36666666666667,107.66999999999999,1,0.09090909090909091
2025-05-26,W30,Z0,Water Supply,7,7,3,50.43333333333333,91.68666666666668,0,0.0
2025-06-02,W30,Z0,Water Supply,0,3,0,84.18333333333334,179.87666666666667,0,
2025-06-09,W30,Z0,Water Supply,0,0,0,,,0,
2025-06-16,W30,Z0,Water Supply,0,0,0,,,0,
2025-06-23,W30,Z0,Water Supply,0,0,0,,,0,
2024-12-30,W31,Z1,Drainage,6,0,6,,,6,1.0
2025-01-06,W31,Z1,Drainage,10,0,16,,,10,1.0
2025-01-13,W31,Z1,Drainage,7,0,23,,,7,1.0
2025-01-20,W31,Z1,Drainage,12,0,35,,,12,1.0
2025-01-27,W31,Z1,Drainage,11,0,46,,,11,1.0
2025-02-03,W31,Z1,Drainage,6,0,52,,,6,1.0
2025-02-10,W31,Z1,Drainage,8,0,60,,,8,1.0
2025-02-17,W31,Z1,Drainage,7,0,67,,,7,1.0
2025-02-24,W31,Z1,Drainage,7,0,74,,,7,1.0
2025-03-03,W31,Z1,Drainage,8,0,82,,,8,1.0
2025-03-10,W31,Z1,Drainage,9,0,91,,,9,1.0
2025-03-17,W31,Z1,Drainage,16,0,107,,,16,1.0
2025-03-24,W31,Z1,Drainage,10,0,117,,,10,1.0
2025-03-31,W31,Z1,Drainage,7,0,124,,,7,1.0
2025-04-07,W31,Z1,Drainage,12,0,136,,,12,1.0
2025-04-14,W31,Z1,Drainage,6,0,142,,,6,1.0
2025-04-21,W31,Z1,Drainage,6,0,148,,,6,1.0
2025-04-28,W31,Z1,Drainage,7,0,155,,,7,1.0
2025-05-05,W31,Z1,Drainage,8,0,163,,,8,1.0
2025-05-12,W31,Z1,Drainage,11,0,174,,,11,1.0
2025-05-19,W31,Z1,Drainage,6,0,180,,,6,1.0
2025-05-26,W31,Z1,Drainage,8,0,188,,,8,1.0
2025-06-02,W31,Z1,Drainage,0,0,188,,,0,
2025-06-09,W31,Z1,Drainage,0,0,188,,,0,
2025-06-16,W31,Z1,Drainage,0,0,188,,,0,
2025-06-23,W31,Z1,Drainage,0,0,188,,,0,
2024-12-30,W31,Z1,Encroachment,7,0,7,,,7,1.0
2025-01-06,W31,Z1,Encroachment,8,0,15,,,8,1.0
2025-01-13,W31,Z1,Encroachment,12,0,27,,,12,1.0
2025-01-20,W31,Z1,Encroachment,11,0,38,,,11,1.0
2025-01-27,W31,Z1,Encroachment,8,0,46,,,8,1.0
2025-02-03,W31,Z1,Encroachment,6,0,52,,,6,1.0
2025-02-10,W31,Z1,Encroachment,10,0,62,,,10,1.0
2025-02-17,W31,Z1,Encroachment,7,0,69,,,7,1.0
2025-02-24,W31,Z1,Encroachment,14,0,83,,,14,1.0
2025-03-03,W31,Z1,Encroachment,9,0,92,,,9,1.0
2025-03-10,W31,Z1,Encroachment,8,0,100,,,8,1.0
2025-03-17,W31,Z1,Encroachment,6,0,106,,,6,1.0
2025-03-24,W31,Z1,Encroachment,9,0,115,,,9,1.0
2025-03-31,W31,Z1,Encroachment,10,0,125,,,10,1.0
2025-04-07,W31,Z1,Encroachment,12,0,137,,,12,1.0
2025-04-14,W31,Z1,Encroachment,8,0,145,,,8,1.0
2025-04-21,W31,Z1,Encroachment,8,0,153,,,8,1.0
2025-04-28,W31,Z1,Encroachment,8,0,161,,,8,1.0
2025-05-05,W31,Z1,Encroachment,6,0,167,,,6,1.0
2025-05-12,W31,Z1,Encroachment,1,0,168,,,1,1.0
2025-05-19,W31,Z1,Encroachment,10,0,178,,,10,1.0
2025-05-26,W31,Z1,Encroachment,10,0,188,,,10,1.0
2025-06-02,W31,Z1,Encroachment,0,0,188,,,0,
2025-06-09,W31,Z1,Encroachment,0,0,188,,,0,
2025-06-16,W31,Z1,Encroachment,0,0,188,,,0,
2025-06-23,W31,Z1,Encroachment,0,0,188,,,0,
2024-12-30,W31,Z1,Garbage,5,0,5,,,5,1.0
2025-01-06,W31,Z1,Garbage,3,0,8,,,3,1.0
2025-01-13,W31,Z1,Garbage,11,0,19,,,11,1.0
2025-01-20,W31,Z1,Garbage,13,0,32,,,13,1.0
2025-01-27,W31,Z1,Garbage,3,0,35,,,3,1.0
2025-02-03,W31,Z1,Garbage,6,0,41,,,6,1.0
2025-02-10,W31,Z1,Garbage,10,0,51,,,10,1.0
2025-02-17,W31,Z1,Garbage,10,0,61,,,10,1.0
2025-02-24,W31,Z1,Garbage,8,0,69,,,8,1.0
2025-03-03,W31,Z1,Garbage,14,0,83,,,14,1.0
2025-03-10,W31,Z1,Garbage,14,0,97,,,14,1.0
2025-03-17,W31,Z1,Garbage,8,0,105,,,8,1.0
2025-03-24,W31,Z1,Garbage,13,0,118,,,13,1.0
2025-03-31,W31,Z1,Garbage,7,0,125,,,7,1.0
2025-04-07,W31,Z1,Garbage,9,0,134,,,9,1.0
2025-04-14,W31,Z1,Garbage,6,0,140,,,6,1.0
2025-04-21,W31,Z1,Garbage,5,0,145,,,5,1.0
2025-04-28,W31,Z1,Garbage,7,0,152,,,7,1.0
2025-05-05,W31,Z1,Garbage,10,0,162,,,10,1.0
2025-05-12,W31,Z1,Garbage,9,0,171,,,9,1.0
2025-05-19,W31,Z1,Garbage,7,0,178,,,7,1.0
2025-05-26,W31,Z1,Garbage,10,0,188,,,10,1.0
2025-06-02,W31,Z1,Garbage,0,0,188,,,0,
2025-06-09,W31,Z1,Garbage,0,0,188,,,0,
2025-06-16,W31,Z1,Garbage,0,0,188,,,0,
2025-06-23,W31,Z1,Garbage,0,0,188,,,0,
2024-12-30,W31,Z1,Property Tax,3,0,3,,,3,1.0
2025-01-06,W31,Z1,Property Tax,4,0,7,,,4,1.0
2025-01-13,W31,Z1,Property Tax,8,0,15,,,8,1.0
2025-01-20,W31,Z1,Property Tax,10,0,25,,,10,1.0
2025-01-27,W31,Z1,Property Tax,9,0,34,,,9,1.0
2025-02-03,W31,Z1,Property Tax,8,0,42,,,8,1.0
2025-02-10,W31,Z1,Property Tax,7,0,49,,,7,1.0
2025-02-17,W31,Z1,Property Tax,7,0,56,,,7,1.0
2025-02-24,W31,Z1,Property Tax,11,0,67,,,11,1.0
2025-03-03,W31,Z1,Property Tax,17,0,84,,,17,1.0
2025-03-10,W31,Z1,Property Tax,7,0,91,,,7,1.0
2025-03-17,W31,Z1,Property Tax,8,0,99,,,8,1.0
2025-03-24,W31,Z1,Property Tax,12,0,111,,,12,1.0
2025-03-31,W31,Z1,Property Tax,15,0,126,,,15,1.0
2025-04-07,W31,Z1,Property Tax,6,0,132,,,6,1.0
2025-04-14,W31,Z1,Property Tax,4,0,136,,,4,1.0
2025-04-21,W31,Z1,Property Tax,7,0,143,,,7,1.0
2025-04-28,W31,Z1,Property Tax,6,0,149,,,6,1.0
2025-05-05,W31,Z1,Property Tax,9,0,158,,,9,1.0
2025-05-12,W31,Z1,Property Tax,9,0,167,,,9,1.0
2025-05-19,W31,Z1,Property Tax,12,0,179,,,12,1.0
2025-05-26,W31,Z1,Property Tax,8,0,187,,,8,1.0
2025-06-02,W31,Z1,Property Tax,0,0,187,,,0,
2025-06-09,W31,Z1,Property Tax,0,0,187,,,0,
2025-06-16,W31,Z1,Property Tax,0,0,187,,,0,
2025-06-23,W31,Z1,Property Tax,0,0,187,,,0,
2024-12-30,W31,Z1,Road Repair,9,0,9,,,9,1.0
2025-01-06,W31,Z1,Road Repair,9,0,18,,,9,1.0
2025-01-13,W31,Z1,Road Repair,9,0,27,,,9,1.0
2025-01-20,W31,Z1,Road Repair,7,0,34,,,7,1.0
2025-01-27,W31,Z1,Road Repair,7,0,41,,,7,1.0
2025-02-03,W31,Z1,Road Repair,10,0,51,,,10,1.0
2025-02-10,W31,Z1,Road Repair,12,0,63,,,12,1.0
2025-02-17,W31,Z1,Road Repair,10,0,73,,,10,1.0
2025-02-24,W31,Z1,Road Repair,8,0,81,,,8,1.0
2025-03-03,W31,Z1,Road Repair,11,0,92,,,11,1.0
2025-03-10,W31,Z1,Road Repair,8,0,100,,,8,1.0
2025-03-17,W31,Z1,Road Repair,12,0,112,,,12,1.0
2025-03-24,W31,Z1,Road Repair,8,0,120,,,8,1.0
2025-03-31,W31,Z1,Road Repair,6,0,126,,,6,1.0
2025-04-07,W31,Z1,Road Repair,5,0,131,,,5,1.0
2025-04-14,W31,Z1,Road Repair,10,0,141,,,10,1.0
2025-04-21,W31,Z1,Road Repair,12,0,153,,,12,1.0
2025-04-28,W31,Z1,Road Repair,7,0,160,,,7,1.0
2025-05-05,W31,Z1,Road Repair,8,0,168,,,8,1.0
2025-05-12,W31,Z1,Road Repair,9,0,177,,,9,1.0
2025-05-19,W31,Z1,Road Repair,5,0,182,,,5,1.0
2025-05-26,W31,Z1,Road Repair,5,0,187,,,5,1.0
2025-06-02,W31,Z1,Road Repair,0,0,187,,,0,
2025-06-09,W31,Z1,Road Repair,0,0,187,,,0,
2025-06-16,W31,Z1,Road Repair,0,0,187,,,0,
2025-06-23,W31,Z1,Road Repair,0,0,187,,,0,
2024-12-30,W31,Z1,Stray Animals,5,0,5,,,5,1.0
2025-01-06,W31,Z1,Stray Animals,8,0,13,,,8,1.0
2025-01-13,W31,Z1,Stray Animals,11,0,24,,,11,1.0
2025-01-20,W31,Z1,Stray Animals,5,0,29,,,5,1.0
2025-01-27,W31,Z1,Stray Animals,17,0,46,,,17,1.0
2025-02-03,W31,Z1,Stray Animals,6,0,52,,,6,1.0
2025-02-10,W31,Z1,Stray Animals,9,0,61,,,9,1.0
2025-02-17,W31,Z1,Stray Animals,7,0,68,,,7,1.0
2025-02-24,W31,Z1,Stray Animals,9,0,77,,,9,1.0
2025-03-03,W31,Z1,Stray Animals,8,0,85,,,8,1.0
2025-03-10,W31,Z1,Stray Animals,10,0,95,,,10,1.0
2025-03-17,W31,Z1,Stray Animals,8,0,103,,,8,1.0
2025-03-24,W31,Z1,Stray Animals,8,0,111,,,8,1.0
2025-03-31,W31,Z1,Stray Animals,11,0,122,,,11,1.0
2025-04-07,W31,Z1,Stray Animals,12,0,134,,,12,1.0
2025-04-14,W31,Z1,Stray Animals,6,0,140,,,6,1.0
2025-04-21,W31,Z1,Stray Animals,6,0,146,,,6,1.0
2025-04-28,W31,Z1,Stray Animals,9,0,155,,,9,1.0
2025-05-05,W31,Z1,Stray Animals,9,0,164,,,9,1.0
2025-05-12,W31,Z1,Stray Animals,12,0,176,,,12,1.0
2025-05-19,W31,Z1,Stray Animals,5,0,181,,,5,1.0
2025-05-26,W31,Z1,Stray Animals,7,0,188,,,7,1.0
2025-06-02,W31,Z1,Stray Animals,0,0,188,,,0,
2025-06-09,W31,Z1,Stray Animals,0,0,188,,,0,
2025-06-16,W31,Z1,Stray Animals,0,0,188,,,0,
2025-06-23,W31,Z1,Stray Animals,0,0,188,,,0,
2024-12-30,W31,Z1,Streetlight,5,0,5,,,5,1.0
2025-01-06,W31,Z1,Streetlight,11,0,16,,,11,1.0
2025-01-13,W31,Z1,Streetlight,10,0,26,,,10,1.0
2025-01-20,W31,Z1,Streetlight,6,0,32,,,6,1.0
2025-01-27,W31,Z1,Streetlight,5,0,37,,,5,1.0
2025-02-03,W31,Z1,Streetlight,9,0,46,,,9,1.0
2025-02-10,W31,Z1,Streetlight,6,0,52,,,6,1.0
2025-02-17,W31,Z1,Streetlight,7,0,59,,,7,1.0
2025-02-24,W31,Z1,Streetlight,8,0,67,,,8,1.0
2025-03-03,W31,Z1,Streetlight,7,0,74,,,7,1.0
2025-03-10,W31,Z1,Streetlight,7,0,81,,,7,1.0
2025-03-17,W31,Z1,Streetlight,10,0,91,,,10,1.0
2025-03-24,W31,Z1,Streetlight,11,0,102,,,11,1.0
2025-03-31,W31,Z1,Streetlight,6,0,108,,,6,1.0
2025-04-07,W31,Z1,Streetlight,7,0,115,,,7,1.0
2025-04-14,W31,Z1,Streetlight,9,0,124,,,9,1.0
2025-04-21,W31,Z1,Streetlight,8,0,132,,,8,1.0
2025-04-28,W31,Z1,Streetlight,12,0,144,,,12,1.0
2025-05-05,W31,Z1,Streetlight,8,0,152,,,8,1.0
2025-05-12,W31,Z1,Streetlight,9,0,161,,,9,1.0
2025-05-19,W31,Z1,Streetlight,11,0,172,,,11,1.0
2025-05-26,W31,Z1,Streetlight,15,0,187,,,15,1.0
2025-06-02,W31,Z1,Streetlight,0,0,187,,,0,
2025-06-09,W31,Z1,Streetlight,0,0,187,,,0,
2025-06-16,W31,Z1,Streetlight,0,0,187,,,0,
2025-06-23,W31,Z1,Streetlight,0,0,187,,,0,
2024-12-30,W31,Z1,Water Supply,10,0,10,,,10,1.0
2025-01-06,W31,Z1,Water Supply,12,0,22,,,12,1.0
2025-01-13,W31,Z1,Water Supply,8,0,30,,,8,1.0
2025-01-20,W31,Z1,Water Supply,11,0,41,,,11,1.0
2025-01-27,W31,Z1,Water Supply,7,0,48,,,7,1.0
2025-02-03,W31,Z1,Water Supply,9,0,57,,,9,1.0
2025-02-10,W31,Z1,Water Supply,7,0,64,,,7,1.0
2025-02-17,W31,Z1,Water Supply,13,0,77,,,13,1.0
2025-02-24,W31,Z1,Water Supply,9,0,86,,,9,1.0
2025-03-03,W31,Z1,Water Supply,9,0,95,,,9,1.0
2025-03-10,W31,Z1,Water Supply,7,0,102,,,7,1.0
2025-03-17,W31,Z1,Water Supply,5,0,107,,,5,1.0
2025-03-24,W31,Z1,Water Supply,7,0,114,,,7,1.0
2025-03-31,W31,Z1,Water Supply,10,0,124,,,10,1.0
2025-04-07,W31,Z1,Water Supply,5,0,129,,,5,1.0
2025-04-14,W31,Z1,Water Supply,4,0,133,,,4,1.0
2025-04-21,W31,Z1,Water Supply,11,0,144,,,11,1.0
2025-04-28,W31,Z1,Water Supply,8,0,152,,,8,1.0
2025-05-05,W31,Z1,Water Supply,6,0,158,,,6,1.0
2025-05-12,W31,Z1,Water Supply,10,0,168,,,10,1.0
2025-05-19,W31,Z1,Water Supply,14,0,182,,,14,1.0
2025-05-26,W31,Z1,Water Supply,5,0,187,,,5,1.0
2025-06-02,W31,Z1,Water Supply,0,0,187,,,0,
2025-06-09,W31,Z1,Water Supply,0,0,187,,,0,
2025-06-16,W31,Z1,Water Supply,0,0,187,,,0,
2025-06-23,W31,Z1,Water Supply,0,0,187,,,0,
2024-12-30,W32,Z2,Drainage,4,1,3,77.38333333333334,77.38333333333334,1,0.25
2025-01-06,W32,Z2,Drainage,12,8,7,72.75833333333334,152.97333333333333,2,0.16666666666666666
2025-01-13,W32,Z2,Drainage,8,10,5,137.81666666666666,193.14166666666665,1,0.125
2025-01-20,W32,Z2,Drainage,7,7,5,68.88333333333334,125.83000000000001,2,0.2857142857142857
2025-01-27,W32,Z2,Drainage,12,9,8,68.55,137.71333333333334,0,0.0
2025-02-03,W32,Z2,Drainage,7,13,2,108.2,235.52000000000007,0,0.0
2025-02-10,W32,Z2,Drainage,9,6,5,81.25833333333333,100.65,1,0.1111111111111111
2025-02-17,W32,Z2,Drainage,7,9,3,122.55,168.02333333333334,1,0.14285714285714285
2025-02-24,W32,Z2,Drainage,11,8,6,72.71666666666667,149.06,1,0.09090909090909091
2025-03-03,W32,Z2,Drainage,9,9,6,82.58333333333333,171.44333333333336,3,0.3333333333333333
2025-03-10,W32,Z2,Drainage,8,9,5,63.75,198.09,0,0.0
2025-03-17,W32,Z2,Drainage,10,9,6,78.4,127.06666666666669,2,0.2
2025-03-24,W32,Z2,Drainage,11,9,8,65.38333333333334,151.85333333333335,3,0.2727272727272727
2025-03-31,W32,Z2,Drainage,7,11,4,114.16666666666667,229.23333333333332,1,0.14285714285714285
2025-04-07,W32,Z2,Drainage,5,4,5,150.3,255.07333333333338,2,0.4
2025-04-14,W32,Z2,Drainage,7,10,2,97.6,172.23499999999999,2,0.2857142857142857
2025-04-21,W32,Z2,Drainage,13,2,13,81.73333333333332,117.21333333333334,5,0.38461538461538464
2025-04-28,W32,Z2,Drainage,11,15,9,78.76666666666667,242.28333333333333,3,0.2727272727272727
2025-05-05,W32,Z2,Drainage,10,9,10,155.95,279.69000000000005,4,0.4
2025-05-12,W32,Z2,Drainage,7,11,6,150.33333333333334,213.23333333333332,0,0.0
2025-05-19,W32,Z2,Drainage,3,8,1,111.15833333333333,175.80166666666665,0,0.0
2025-05-26,W32,Z2,Drainage,10,6,5,64.8,87.88333333333333,1,0.1
2025-06-02,W32,Z2,Drainage,0,5,0,108.48333333333333,152.68333333333334,0,
2025-06-09,W32,Z2,Drainage,0,0,0,,,0,
2025-06-16,W32,Z2,Drainage,0,0,0,,,0,
2025-06-23,W32,Z2,Drainage,0,0,0,,,0,
2024-12-30,W32,Z2,Encroachment,3,0,3,,,3,1.0
2025-01-06,W32,Z2,Encroachment,4,0,7,,,4,1.0
2025-01-13,W32,Z2,Encroachment,8,4,11,352.2,380.7583333333333,8,1.0
2025-01-20,W32,Z2,Encroachment,18,3,26,304.3,395.0733333333333,18,1.0
2025-01-27,W32,Z2,Encroachment,9,9,26,223.8,411.13666666666666,9,1.0
2025-02-03,W32,Z2,Encroachment,10,10,26,276.6,395.13166666666666,10,1.0
2025-02-10,W32,Z2,Encroachment,8,11,23,357.8333333333333,619.9833333333333,7,0.875
2025-02-17,W32,Z2,Encroachment,6,8,21,452.625,561.565,4,0.6666666666666666
2025-02-24,W32,Z2,Encroachment,4,11,14,342.6166666666667,572.9666666666667,3,0.75
2025-03-03,W32,Z2,Encroachment,10,7,17,582.35,990.57,9,0.9
2025-03-10,W32,Z2,Encroachment,10,6,21,460.82500000000005,722.1333333333333,9,0.9
2025-03-17,W32,Z2,Encroachment,11,7,25,203.31666666666666,396.11,9,0.8181818181818182
2025-03-24,W32,Z2,Encroachment,12,15,22,335.56666666666666,697.4733333333332,11,0.9166666666666666
2025-03-31,W32,Z2,Encroachment,9,8,23,286.325,440.6083333333333,9,1.0
2025-04-07,W32,Z2,Encroachment,8,11,20,222.0,302.81666666666666,8,1.0
2025-04-14,W32,Z2,Encroachment,7,12,15,529.3,638.2766666666666,6,0.8571428571428571
2025-04-21,W32,Z2,Encroachment,11,3,23,401.71666666666664,539.29,11,1.0
2025-04-28,W32,Z2,Encroachment,10,6,27,442.39166666666665,518.5,9,0.9
2025-05-05,W32,Z2,Encroachment,5,12,20,288.975,428.7816666666667,5,1.0
2025-05-12,W32,Z2,Encroachment,9,6,23,544.4416666666666,988.25,8,0.8888888888888888
2025-05-19,W32,Z2,Encroachment,9,12,20,372.2416666666667,646.9883333333333,8,0.8888888888888888
2025-05-26,W32,Z2,Encroachment,7,9,18,364.71666666666664,665.8466666666668,7,1.0
2025-06-02,W32,Z2,Encroachment,0,8,10,279.7,739.8266666666666,0,
2025-06-09,W32,Z2,Encroachment,0,4,6,401.0,1138.7133333333336,0,
2025-06-16,W32,Z2,Encroachment,0,2,4,551.4083333333333,553.895,0,
2025-06-23,W32,Z2,Encroachment,0,3,1,844.2666666666667,883.56,0,
2024-12-30,W32,Z2,Garbage,3,2,1,24.083333333333332,25.883333333333333,0,0.0
2025-01-06,W32,Z2,Garbage,10,11,0,31.166666666666668,96.63333333333334,0,0.0
2025-01-13,W32,Z2,Garbage,17,15,2,20.65,47.02333333333333,0,0.0
2025-01-20,W32,Z2,Garbage,5,4,3,38.34166666666667,69.02666666666667,0,0.0
2025-01-27,W32,Z2,Garbage,6,8,1,40.00833333333333,51.88666666666667,0,0.0
2025-02-03,W32,Z2,Garbage,2,3,0,36.05,38.27666666666667,0,0.0
2025-02-10,W32,Z2,Garbage,8,5,3,32.55,34.78,0,0.0
2025-02-17,W32,Z2,Garbage,9,9,3,33.1,75.92666666666666,0,0.0
2025-02-24,W32,Z2,Garbage,11,11,3,35.45,55.88333333333333,0,0.0
2025-03-03,W32,Z2,Garbage,6,7,2,24.733333333333334,56.68,0,0.0
2025-03-10,W32,Z2,Garbage,10,11,1,30.5,43.833333333333336,0,0.0
2025-03-17,W32,Z2,Garbage,10,8,3,42.75833333333334,71.745,0,0.0
2025-03-24,W32,Z2,Garbage,10,11,2,31.433333333333334,55.25,0,0.0
2025-03-31,W32,Z2,Garbage,11,9,4,34.8,49.69333333333333,0,0.0
2025-04-07,W32,Z2,Garbage,11,12,3,31.90833333333333,58.8,0,0.0
2025-04-14,W32,Z2,Garbage,8,11,0,28.8,73.28333333333333,0,0.0
2025-04-21,W32,Z2,Garbage,2,1,1,43.55,43.55,0,0.0
2025-04-28,W32,Z2,Garbage,14,13,2,33.55,71.9966666666667,0,0.0
2025-05-05,W32,Z2,Garbage,5,7,0,27.233333333333334,86.34333333333335,0,0.0
2025-05-12,W32,Z2,Garbage,8,7,1,19.366666666666667,43.290000000000006,0,0.0
2025-05-19,W32,Z2,Garbage,11,10,2,24.916666666666668,49.453333333333326,0,0.0
2025-05-26,W32,Z2,Garbage,11,13,0,23.233333333333334,43.62666666666667,0,0.0
2025-06-02,W32,Z2,Garbage,0,0,0,,,0,
2025-06-09,W32,Z2,Garbage,0,0,0,,,0,
2025-06-16,W32,Z2,Garbage,0,0,0,,,0,
2025-06-23,W32,Z2,Garbage,0,0,0,,,0,
2024-12-30,W32,Z2,Property Tax,8,4,4,33.80833333333334,35.02333333333333,1,0.125
2025-01-06,W32,Z2,Property Tax,13,10,7,53.35,96.67833333333334,0,0.0
2025-01-13,W32,Z2,Property Tax,2,8,1,81.19166666666666,151.6,0,0.0
2025-01-20,W32,Z2,Property Tax,9,6,4,85.89166666666667,128.40833333333333,1,0.1111111111111111
2025-01-27,W32,Z2,Property Tax,9,9,4,56.36666666666667,132.08666666666667,0,0.0
2025-02-03,W32,Z2,Property Tax,8,9,3,77.15,127.71666666666667,1,0.125
2025-02-10,W32,Z2,Property Tax,12,8,7,62.46666666666667,97.03833333333334,1,0.08333333333333333
2025-02-17,W32,Z2,Property Tax,10,12,5,93.49166666666667,179.61833333333334,0,0.0
2025-02-24,W32,Z2,Property Tax,7,10,2,86.84166666666667,135.945,0,0.0
2025-03-03,W32,Z2,Property Tax,8,5,5,84.58333333333333,91.55333333333333,0,0.0
2025-03-10,W32,Z2,Property Tax,8,10,3,61.45833333333333,99.28999999999998,1,0.125
2025-03-17,W32,Z2,Property Tax,14,10,7,102.58333333333334,171.68833333333328,2,0.14285714285714285
2025-03-24,W32,Z2,Property Tax,7,11,3,101.2,135.01666666666668,0,0.0
2025-03-31,W32,Z2,Property Tax,6,6,3,54.916666666666664,159.44166666666666,1,0.16666666666666666
2025-04-07,W32,Z2,Property Tax,6,6,3,53.575,121.59166666666667,0,0.0
2025-04-14,W32,Z2,Property Tax,9,6,6,59.18333333333334,108.54166666666666,0,0.0
2025-04-21,W32,Z2,Property Tax,6,9,3,107.01666666666667,119.28999999999999,1,0.16666666666666666
2025-04-28,W32,Z2,Property Tax,5,2,6,118.21666666666667,144.45666666666668,1,0.2
2025-05-05,W32,Z2,Property Tax,9,11,4,76.45,185.15,0,0.0
2025-05-12,W32,Z2,Property Tax,7,9,2,86.35,115.77666666666667,1,0.14285714285714285
2025-05-19,W32,Z2,Property Tax,14,9,7,61.233333333333334,101.08000000000001,1,0.07142857142857142
2025-05-26,W32,Z2,Property Tax,10,14,3,53.18333333333333,212.70166666666677,1,0.1
2025-06-02,W32,Z2,Property Tax,0,3,0,88.75,250.64333333333335,0,
2025-06-09,W32,Z2,Property Tax,0,0,0,,,0,
2025-06-16,W32,Z2,Property Tax,0,0,0,,,0,
2025-06-23,W32,Z2,Property Tax,0,0,0,,,0,
2024-12-30,W32,Z2,Road Repair,7,0,7,,,6,0.8571428571428571
2025-01-06,W32,Z2,Road Repair,9,5,11,137.51666666666668,225.51333333333335,6,0.6666666666666666
2025-01-13,W32,Z2,Road Repair,3,6,8,249.625,299.225,2,0.6666666666666666
2025-01-20,W32,Z2,Road Repair,6,5,9,229.68333333333334,347.90999999999997,4,0.6666666666666666
2025-01-27,W32,Z2,Road Repair,5,5,9,158.85,491.8566666666667,2,0.4
2025-02-03,W32,Z2,Road Repair,5,7,7,220.45,440.7900000000001,2,0.4
2025-02-10,W32,Z2,Road Repair,8,7,8,138.73333333333332,250.2566666666667,3,0.375
2025-02-17,W32,Z2,Road Repair,11,3,16,138.71666666666667,153.87666666666667,10,0.9090909090909091
2025-02-24,W32,Z2,Road Repair,9,10,15,250.06666666666666,432.8683333333331,6,0.6666666666666666
2025-03-03,W32,Z2,Road Repair,14,8,21,258.98333333333335,417.4366666666666,14,1.0
2025-03-10,W32,Z2,Road Repair,7,10,18,208.05833333333334,362.48999999999995,3,0.42857142857142855
2025-03-17,W32,Z2,Road Repair,9,14,13,280.98333333333335,497.24,5,0.5555555555555556
2025-03-24,W32,Z2,Road Repair,10,9,14,217.25,349.90666666666675,8,0.8
2025-03-31,W32,Z2,Road Repair,8,5,17,169.95,295.31,8,1.0
2025-04-07,W32,Z2,Road Repair,11,10,18,263.875,388.0383333333332,7,0.6363636363636364
2025-04-14,W32,Z2,Road Repair,4,14,8,231.75,810.2200000000003,1,0.25
2025-04-21,W32,Z2,Road Repair,8,5,11,211.46666666666667,394.0,6,0.75
2025-04-28,W32,Z2,Road Repair,14,5,20,110.65,246.7266666666667,12,0.8571428571428571
2025-05-05,W32,Z2,Road Repair,13,8,25,334.9083333333333,508.67499999999995,9,0.6923076923076923
2025-05-12,W32,Z2,Road Repair,9,17,17,290.9166666666667,413.37666666666667,8,0.8888888888888888
2025-05-19,W32,Z2,Road Repair,10,10,17,219.6,358.72666666666663,9,0.9
2025-05-26,W32,Z2,Road Repair,7,8,16,219.05,397.3666666666666,6,0.8571428571428571
2025-06-02,W32,Z2,Road Repair,0,9,7,240.96666666666667,369.13666666666677,0,
2025-06-09,W32,Z2,Road Repair,0,5,2,419.9166666666667,979.5000000000001,0,
2025-06-16,W32,Z2,Road Repair,0,2,0,757.8833333333333,858.71,0,
2025-06-23,W32,Z2,Road Repair,0,0,0,,,0,
2024-12-30,W32,Z2,Stray Animals,5,5,0,14.233333333333333,35.34,0,0.0
2025-01-06,W32,Z2,Stray Animals,7,5,2,12.566666666666666,27.033333333333335,0,0.0
2025-01-13,W32,Z2,Stray Animals,10,10,2,16.533333333333335,20.974999999999994,0,0.0
2025-01-20,W32,Z2,Stray Animals,11,12,1,12.925,19.915000000000003,0,0.0
2025-01-27,W32,Z2,Stray Animals,5,6,0,12.766666666666666,27.516666666666666,0,0.0
2025-02-03,W32,Z2,Stray Animals,7,6,1,10.283333333333335,20.450000000000003,0,0.0
2025-02-10,W32,Z2,Stray Animals,5,6,0,8.766666666666667,21.691666666666666,0,0.0
2025-02-17,W32,Z2,Stray Animals,11,11,0,10.866666666666667,27.05,0,0.0
2025-02-24,W32,Z2,Stray Animals,5,3,2,12.333333333333334,19.76,0,0.0
2025-03-03,W32,Z2,Stray Animals,13,15,0,12.783333333333333,21.593333333333334,0,0.0
2025-03-10,W32,Z2,Stray Animals,8,6,2,9.583333333333332,23.358333333333334,0,0.0
2025-03-17,W32,Z2,Stray Animals,17,18,1,10.641666666666666,19.93666666666667,0,0.0
2025-03-24,W32,Z2,Stray Animals,12,12,1,10.875,19.94666666666667,0,0.0
2025-03-31,W32,Z2,Stray Animals,10,10,1,7.5,18.52833333333333,0,0.0
2025-04-07,W32,Z2,Stray Animals,8,8,1,10.908333333333333,17.74,0,0.0
2025-04-14,W32,Z2,Stray Animals,10,9,2,8.416666666666666,15.71,0,0.0
2025-04-21,W32,Z2,Stray Animals,9,10,1,11.383333333333333,21.06333333333333,0,0.0
2025-04-28,W32,Z2,Stray Animals,7,8,0,15.766666666666666,25.205,0,0.0
2025-05-05,W32,Z2,Stray Animals,10,9,1,12.616666666666667,17.263333333333335,0,0.0
2025-05-12,W32,Z2,Stray Animals,9,7,3,10.7,16.156666666666666,0,0.0
2025-05-19,W32,Z2,Stray Animals,6,9,0,11.55,32.77333333333334,0,0.0
2025-05-26,W32,Z2,Stray Animals,3,3,0,25.15,26.323333333333334,0,0.0
2025-06-02,W32,Z2,Stray Animals,0,0,0,,,0,
2025-06-09,W32,Z2,Stray Animals,0,0,0,,,0,
2025-06-16,W32,Z2,Stray Animals,0,0,0,,,0,
2025-06-23,W32,Z2,Stray Animals,0,0,0,,,0,
2024-12-30,W32,Z2,Streetlight,7,7,0,15.966666666666667,24.48666666666667,0,0.0
2025-01-06,W32,Z2,Streetlight,7,5,2,23.816666666666666,24.76,0,0.0
2025-01-13,W32,Z2,Streetlight,6,5,3,15.933333333333334,31.903333333333336,0,0.0
2025-01-20,W32,Z2,Streetlight,5,8,0,25.45,73.59833333333334,0,0.0
2025-01-27,W32,Z2,Streetlight,9,8,1,16.71666666666667,33.044999999999995,0,0.0
2025-02-03,W32,Z2,Streetlight,5,6,0,20.34166666666667,32.19166666666666,0,0.0
2025-02-10,W32,Z2,Streetlight,8,8,0,14.408333333333333,29.918333333333333,0,0.0
2025-02-17,W32,Z2,Streetlight,10,7,3,11.366666666666667,20.893333333333338,0,0.0
2025-02-24,W32,Z2,Streetlight,4,7,0,18.85,31.276666666666667,0,0.0
2025-03-03,W32,Z2,Streetlight,9,9,0,26.966666666666665,49.89000000000001,0,0.0
2025-03-10,W32,Z2,Streetlight,7,7,0,27.75,38.660000000000004,0,0.0
2025-03-17,W32,Z2,Streetlight,11,9,2,15.416666666666666,21.619999999999997,0,0.0
2025-03-24,W32,Z2,Streetlight,6,8,0,25.866666666666667,36.611666666666665,0,0.0
2025-03-31,W32,Z2,Streetlight,9,8,1,17.775,31.711666666666666,0,0.0
2025-04-07,W32,Z2,Streetlight,10,11,0,18.216666666666665,44.766666666666666,0,0.0
2025-04-14,W32,Z2,Streetlight,9,7,2,22.516666666666666,38.306666666666665,0,0.0
2025-04-21,W32,Z2,Streetlight,13,13,2,26.933333333333334,34.333333333333336,0,0.0
2025-04-28,W32,Z2,Streetlight,11,13,0,19.516666666666666,22.130000000000003,0,0.0
2025-05-05,W32,Z2,Streetlight,12,12,0,26.21666666666667,30.794999999999998,0,0.0
2025-05-12,W32,Z2,Streetlight,14,14,0,14.899999999999999,26.615000000000006,0,0.0
2025-05-19,W32,Z2,Streetlight,12,10,2,16.566666666666666,35.77166666666667,0,0.0
2025-05-26,W32,Z2,Streetlight,3,5,0,18.766666666666666,36.27333333333333,0,0.0
2025-06-02,W32,Z2,Streetlight,0,0,0,,,0,
2025-06-09,W32,Z2,Streetlight,0,0,0,,,0,
2025-06-16,W32,Z2,Streetlight,0,0,0,,,0,
2025-06-23,W32,Z2,Streetlight,0,0,0,,,0,
2024-12-30,W32,Z2,Water Supply,9,5,4,30.883333333333333,63.96666666666667,0,0.0
2025-01-06,W32,Z2,Water Supply,11,10,5,54.18333333333334,87.26333333333334,0,0.0
2025-01-13,W32,Z2,Water Supply,8,10,3,66.21666666666667,93.21666666666667,0,0.0
2025-01-20,W32,Z2,Water Supply,8,9,2,51.28333333333333,72.41666666666667,0,0.0
2025-01-27,W32,Z2,Water Supply,5,6,1,75.60833333333333,122.79166666666667,0,0.0
2025-02-03,W32,Z2,Water Supply,12,7,6,38.333333333333336,56.97,0,0.0
2025-02-10,W32,Z2,Water Supply,11,15,2,53.75,84.53333333333333,0,0.0
2025-02-17,W32,Z2,Water Supply,7,7,2,32.36666666666667,75.31000000000002,0,0.0
2025-02-24,W32,Z2,Water Supply,4,4,2,35.55,73.43833333333335,0,0.0
2025-03-03,W32,Z2,Water Supply,7,6,3,30.133333333333333,51.900000000000006,0,0.0
2025-03-10,W32,Z2,Water Supply,7,7,3,46.46666666666667,54.89666666666667,1,0.14285714285714285
2025-03-17,W32,Z2,Water Supply,6,6,3,47.31666666666666,137.1,1,0.16666666666666666
2025-03-24,W32,Z2,Water Supply,16,12,7,33.80833333333334,64.19000000000001,0,0.0
2025-03-31,W32,Z2,Water Supply,11,17,1,47.03333333333333,70.75666666666667,0,0.0
2025-04-07,W32,Z2,Water Supply,6,4,3,50.95,63.34166666666667,0,0.0
2025-04-14,W32,Z2,Water Supply,13,14,2,36.733333333333334,61.07333333333334,0,0.0
2025-04-21,W32,Z2,Water Supply,7,4,5,48.28333333333333,63.855000000000004,1,0.14285714285714285
2025-04-28,W32,Z2,Water Supply,7,10,2,53.15833333333333,143.68499999999997,0,0.0
2025-05-05,W32,Z2,Water Supply,7,8,1,70.29166666666666,124.895,0,0.0
2025-05-12,W32,Z2,Water Supply,9,9,1,29.2,66.50333333333334,0,0.0
2025-05-19,W32,Z2,Water Supply,7,6,2,53.675,83.73333333333333,0,0.0
2025-05-26,W32,Z2,Water Supply,9,8,3,52.583333333333336,71.14666666666666,0,0.0
2025-06-02,W32,Z2,Water Supply,0,3,0,86.05,126.42333333333335,0,
2025-06-09,W32,Z2,Water Supply,0,0,0,,,0,
2025-06-16,W32,Z2,Water Supply,0,0,0,,,0,
2025-06-23,W32,Z2,Water Supply,0,0,0,,,0,
2024-12-30,W33,Z3,Drainage,8,3,5,67.1,89.28666666666666,2,0.25
2025-01-06,W33,Z3,Drainage,11,8,8,66.65,90.32833333333333,4,0.36363636363636365
2025-01-13,W33,Z3,Drainage,7,8,7,72.40833333333333,135.26166666666663,0,0.0
2025-01-20,W33,Z3,Drainage,7,7,7,103.91666666666667,431.09000000000003,2,0.2857142857142857
2025-01-27,W33,Z3,Drainage,9,9,7,155.75,388.7566666666667,1,0.1111111111111111
2025-02-03,W33,Z3,Drainage,12,8,11,120.08333333333333,144.97833333333332,3,0.25
2025-02-10,W33,Z3,Drainage,10,15,6,119.05,208.98333333333335,3,0.3
2025-02-17,W33,Z3,Drainage,6,6,6,138.04166666666669,193.95,1,0.16666666666666666
2025-02-24,W33,Z3,Drainage,5,8,3,117.38333333333333,184.46333333333334,0,0.0
2025-03-03,W33,Z3,Drainage,8,8,3,58.708333333333336,84.42,0,0.0
2025-03-10,W33,Z3,Drainage,8,5,6,104.78333333333333,136.88,1,0.125
2025-03-17,W33,Z3,Drainage,8,7,7,111.36666666666666,161.35999999999999,2,0.25
2025-03-24,W33,Z3,Drainage,8,8,7,118.24166666666667,168.31333333333333,1,0.125
2025-03-31,W33,Z3,Drainage,11,12,6,121.125,251.85,0,0.0
2025-04-07,W33,Z3,Drainage,7,9,4,86.53333333333333,107.31666666666666,0,0.0
2025-04-14,W33,Z3,Drainage,8,9,3,65.35,143.64666666666668,1,0.125
2025-04-21,W33,Z3,Drainage,15,9,9,76.63333333333334,138.42666666666668,0,0.0
2025-04-28,W33,Z3,Drainage,3,11,1,96.51666666666667,145.06666666666666,1,0.3333333333333333
2025-05-05,W33,Z3,Drainage,10,3,8,109.98333333333333,175.35666666666665,2,0.2
2025-05-12,W33,Z3,Drainage,5,10,3,75.34166666666667,149.265,0,0.0
2025-05-19,W33,Z3,Drainage,13,12,4,74.175,242.11500000000004,2,0.15384615384615385
2025-05-26,W33,Z3,Drainage,9,5,8,69.53333333333333,117.52666666666667,1,0.1111111111111111
2025-06-02,W33,Z3,Drainage,0,8,0,122.3,216.43166666666667,0,
2025-06-09,W33,Z3,Drainage,0,0,0,,,0,
2025-06-16,W33,Z3,Drainage,0,0,0,,,0,
2025-06-23,W33,Z3,Drainage,0,0,0,,,0,
2024-12-30,W33,Z3,Encroachment,7,0,7,,,7,1.0
2025-01-06,W33,Z3,Encroachment,12,2,17,190.48333333333335,201.61666666666667,9,0.75
2025-01-13,W33,Z3,Encroachment,8,8,17,216.61666666666667,312.585,7,0.875
2025-01-20,W33,Z3,Encroachment,15,3,29,291.6333333333333,309.68666666666667,14,0.9333333333333333
2025-01-27,W33,Z3,Encroachment,5,9,25,364.76666666666665,458.85,5,1.0
2025-02-03,W33,Z3,Encroachment,10,9,26,456.35,688.9066666666666,10,1.0
2025-02-10,W33,Z3,Encroachment,16,9,33,313.25,590.1733333333334,15,0.9375
2025-02-17,W33,Z3,Encroachment,8,12,29,306.1583333333333,678.2550000000001,8,1.0
2025-02-24,W33,Z3,Encroachment,7,11,25,324.75,645.3,6,0.8571428571428571
2025-03-03,W33,Z3,Encroachment,7,15,17,387.95,575.6133333333333,7,1.0
2025-03-10,W33,Z3,Encroachment,11,4,24,184.64999999999998,697.4583333333335,10,0.9090909090909091
2025-03-17,W33,Z3,Encroachment,6,9,21,700.5166666666667,1184.6366666666668,6,1.0
2025-03-24,W33,Z3,Encroachment,7,11,17,316.3333333333333,665.3,7,1.0
2025-03-31,W33,Z3,Encroachment,5,4,18,412.55833333333334,620.4316666666667,5,1.0
2025-04-07,W33,Z3,Encroachment,7,8,17,271.6,664.3616666666667,6,0.8571428571428571
2025-04-14,W33,Z3,Encroachment,5,7,15,456.18333333333334,1254.1200000000003,4,0.8
2025-04-21,W33,Z3,Encroachment,7,8,14,383.55833333333334,694.6733333333333,6,0.8571428571428571
2025-04-28,W33,Z3,Encroachment,8,5,17,316.73333333333335,640.6866666666667,6,0.75
2025-05-05,W33,Z3,Encroachment,12,10,19,311.94166666666666,601.5816666666665,8,0.6666666666666666
2025-05-12,W33,Z3,Encroachment,9,8,20,171.00833333333333,412.775,9,1.0
2025-05-19,W33,Z3,Encroachment,8,11,17,338.51666666666665,514.2833333333333,7,0.875
2025-05-26,W33,Z3,Encroachment,8,5,20,187.7,288.12333333333333,7,0.875
2025-06-02,W33,Z3,Encroachment,0,11,9,358.1666666666667,570.2,0,
2025-06-09,W33,Z3,Encroachment,0,2,7,868.0,1029.4933333333333,0,
2025-06-16,W33,Z3,Encroachment,0,2,5,536.325,544.465,0,
2025-06-23,W33,Z3,Encroachment,0,3,2,980.9833333333333,1031.4766666666667,0,
2024-12-30,W33,Z3,Garbage,6,4,2,24.225,37.89833333333333,0,0.0
2025-01-06,W33,Z3,Garbage,6,7,1,39.38333333333333,42.593333333333334,0,0.0
2025-01-13,W33,Z3,Garbage,13,11,3,26.916666666666668,56.28333333333333,0,0.0
2025-01-20,W33,Z3,Garbage,7,10,0,32.458333333333336,68.19833333333332,0,0.0
2025-01-27,W33,Z3,Garbage,11,11,0,28.516666666666666,68.43333333333334,0,0.0
2025-02-03,W33,Z3,Garbage,8,7,1,30.283333333333335,59.28000000000001,0,0.0
2025-02-10,W33,Z3,Garbage,11,11,1,42.96666666666667,65.15,0,0.0
2025-02-17,W33,Z3,Garbage,11,12,0,23.8,45.03333333333334,0,0.0
2025-02-24,W33,Z3,Garbage,10,7,3,12.783333333333333,29.50666666666667,0,0.0
2025-03-03,W33,Z3,Garbage,8,10,1,29.03333333333333,45.269999999999996,0,0.0
2025-03-10,W33,Z3,Garbage,5,5,1,29.766666666666666,73.19,0,0.0
2025-03-17,W33,Z3,Garbage,10,8,3,39.483333333333334,45.836666666666666,0,0.0
2025-03-24,W33,Z3,Garbage,7,6,4,42.15833333333333,83.46666666666667,0,0.0
2025-03-31,W33,Z3,Garbage,6,9,1,42.15,55.230000000000004,0,0.0
2025-04-07,W33,Z3,Garbage,8,7,2,30.366666666666667,67.41666666666667,0,0.0
2025-04-14,W33,Z3,Garbage,9,7,4,29.033333333333335,39.503333333333345,0,0.0
2025-04-21,W33,Z3,Garbage,10,10,4,26.383333333333333,37.71333333333334,0,0.0
2025-04-28,W33,Z3,Garbage,14,16,2,28.84166666666667,64.35,0,0.0
2025-05-05,W33,Z3,Garbage,6,5,3,36.35,78.07666666666667,0,0.0
2025-05-12,W33,Z3,Garbage,5,7,1,35.75,59.83000000000001,0,0.0
2025-05-19,W33,Z3,Garbage,10,9,2,26.1,51.97333333333334,0,0.0
2025-05-26,W33,Z3,Garbage,7,8,1,40.375,94.12666666666667,0,0.0
2025-06-02,W33,Z3,Garbage,0,1,0,59.766666666666666,59.766666666666666,0,
2025-06-09,W33,Z3,Garbage,0,0,0,,,0,
2025-06-16,W33,Z3,Garbage,0,0,0,,,0,
2025-06-23,W33,Z3,Garbage,0,0,0,,,0,
2024-12-30,W33,Z3,Property Tax,11,3,8,39.5,48.62,3,0.2727272727272727
2025-01-06,W33,Z3,Property Tax,10,14,4,81.53333333333333,169.45666666666673,0,0.0
2025-01-13,W33,Z3,Property Tax,6,8,2,84.25833333333333,144.03,0,0.0
2025-01-20,W33,Z3,Property Tax,12,9,5,69.81666666666666,105.06333333333333,1,0.08333333333333333
2025-01-27,W33,Z3,Property Tax,6,7,4,64.31666666666666,179.2566666666667,0,0.0
2025-02-03,W33,Z3,Property Tax,11,9,6,87.7,115.79,1,0.09090909090909091
2025-02-10,W33,Z3,Property Tax,6,9,3,54.71666666666667,153.22000000000003,1,0.16666666666666666
2025-02-17,W33,Z3,Property Tax,16,14,5,73.74166666666667,138.06333333333336,1,0.0625
2025-02-24,W33,Z3,Property Tax,6,10,1,80.06666666666666,126.68166666666663,1,0.16666666666666666
2025-03-03,W33,Z3,Property Tax,9,8,2,81.35833333333333,157.57666666666665,1,0.1111111111111111
2025-03-10,W33,Z3,Property Tax,5,5,2,80.2,143.51000000000002,1,0.2
2025-03-17,W33,Z3,Property Tax,1,2,1,186.75833333333333,203.55166666666668,0,0.0
2025-03-24,W33,Z3,Property Tax,11,9,3,80.83333333333333,108.8,0,0.0
2025-03-31,W33,Z3,Property Tax,5,7,1,84.63333333333334,94.76666666666667,0,0.0
2025-04-07,W33,Z3,Property Tax,11,6,6,50.45,88.93333333333334,1,0.09090909090909091
2025-04-14,W33,Z3,Property Tax,5,8,3,118.48333333333332,144.01833333333332,0,0.0
2025-04-21,W33,Z3,Property Tax,14,13,4,56.46666666666667,118.01333333333334,1,0.07142857142857142
2025-04-28,W33,Z3,Property Tax,8,9,3,52.35,110.69666666666667,0,0.0
2025-05-05,W33,Z3,Property Tax,14,10,7,48.29166666666667,91.57666666666665,0,0.0
2025-05-12,W33,Z3,Property Tax,6,9,4,48.35,229.44333333333338,0,0.0
2025-05-19,W33,Z3,Property Tax,10,9,5,50.75,127.01333333333334,0,0.0
2025-05-26,W33,Z3,Property Tax,4,6,3,103.18333333333334,108.84166666666667,0,0.0
2025-06-02,W33,Z3,Property Tax,0,3,0,92.35,115.25666666666666,0,
2025-06-09,W33,Z3,Property Tax,0,0,0,,,0,
2025-06-16,W33,Z3,Property Tax,0,0,0,,,0,
2025-06-23,W33,Z3,Property Tax,0,0,0,,,0,
2024-12-30,W33,Z3,Road Repair,7,0,7,,,6,0.8571428571428571
2025-01-06,W33,Z3,Road Repair,11,5,13,184.05,236.62,10,0.9090909090909091
2025-01-13,W33,Z3,Road Repair,10,6,17,176.46666666666667,336.0916666666667,6,0.6
2025-01-20,W33,Z3,Road Repair,10,15,12,222.91666666666666,341.4766666666667,5,0.5
2025-01-27,W33,Z3,Road Repair,8,9,11,220.58333333333334,476.67333333333335,7,0.875
2025-02-03,W33,Z3,Road Repair,8,9,10,234.66666666666666,321.68333333333334,7,0.875
2025-02-10,W33,Z3,Road Repair,6,6,10,222.425,342.9666666666667,4,0.6666666666666666
2025-02-17,W33,Z3,Road Repair,8,3,15,120.31666666666666,254.38333333333333,7,0.875
2025-02-24,W33,Z3,Road Repair,10,9,16,305.25,524.6266666666667,8,0.8
2025-03-03,W33,Z3,Road Repair,7,6,17,195.31666666666666,311.20000000000005,4,0.5714285714285714
2025-03-10,W33,Z3,Road Repair,13,13,17,284.3666666666667,481.55,9,0.6923076923076923
2025-03-17,W33,Z3,Road Repair,11,13,15,233.66666666666666,447.8133333333334,8,0.7272727272727273
2025-03-24,W33,Z3,Road Repair,6,11,10,206.78333333333333,295.28333333333336,6,1.0
2025-03-31,W33,Z3,Road Repair,6,3,13,268.25,353.61,4,0.6666666666666666
2025-04-07,W33,Z3,Road Repair,7,6,14,289.8333333333333,392.79166666666663,6,0.8571428571428571
2025-04-14,W33,Z3,Road Repair,6,6,14,361.45833333333337,719.2583333333333,5,0.8333333333333334
2025-04-21,W33,Z3,Road Repair,13,11,16,224.06666666666666,414.6,9,0.6923076923076923
2025-04-28,W33,Z3,Road Repair,6,7,15,223.85,289.88000000000005,5,0.8333333333333334
2025-05-05,W33,Z3,Road Repair,8,10,13,210.775,571.4649999999999,4,0.5
2025-05-12,W33,Z3,Road Repair,12,12,13,196.25833333333333,451.22333333333336,5,0.4166666666666667
2025-05-19,W33,Z3,Road Repair,7,7,13,148.65,251.56333333333336,7,1.0
2025-05-26,W33,Z3,Road Repair,7,5,15,225.18333333333334,668.4300000000001,5,0.7142857142857143
2025-06-02,W33,Z3,Road Repair,0,11,4,252.2,575.1166666666667,0,
2025-06-09,W33,Z3,Road Repair,0,1,3,335.71666666666664,335.71666666666664,0,
2025-06-16,W33,Z3,Road Repair,0,3,0,745.2,1011.6933333333334,0,
2025-06-23,W33,Z3,Road Repair,0,0,0,,,0,
2024-12-30,W33,Z3,Stray Animals,6,6,0,13.058333333333334,23.35,0,0.0
2025-01-06,W33,Z3,Stray Animals,2,2,0,24.641666666666666,29.941666666666666,0,0.0
2025-01-13,W33,Z3,Stray Animals,9,9,0,10.05,15.100000000000001,0,0.0
2025-01-20,W33,Z3,Stray Animals,10,10,0,11.433333333333334,17.598333333333333,0,0.0
2025-01-27,W33,Z3,Stray Animals,14,14,0,12.608333333333334,29.255000000000003,0,0.0
2025-02-03,W33,Z3,Stray Animals,8,7,1,12.15,29.770000000000003,0,0.0
2025-02-10,W33,Z3,Stray Animals,12,13,0,12.516666666666667,20.83,0,0.0
2025-02-17,W33,Z3,Stray Animals,6,6,0,10.591666666666667,13.558333333333334,0,0.0
2025-02-24,W33,Z3,Stray Animals,8,8,0,12.808333333333334,22.881666666666668,0,0.0
2025-03-03,W33,Z3,Stray Animals,7,5,2,10.85,29.336666666666666,0,0.0
2025-03-10,W33,Z3,Stray Animals,7,8,1,18.583333333333332,28.26833333333333,0,0.0
2025-03-17,W33,Z3,Stray Animals,10,11,0,19.3,25.383333333333333,0,0.0
2025-03-24,W33,Z3,Stray Animals,6,6,0,14.774999999999999,38.766666666666666,0,0.0
2025-03-31,W33,Z3,Stray Animals,10,9,1,9.916666666666666,19.78,0,0.0
2025-04-07,W33,Z3,Stray Animals,8,8,1,18.166666666666668,37.91166666666666,0,0.0
2025-04-14,W33,Z3,Stray Animals,10,10,1,13.841666666666667,40.93999999999999,0,0.0
2025-04-21,W33,Z3,Stray Animals,12,12,1,11.183333333333334,18.508333333333336,0,0.0
2025-04-28,W33,Z3,Stray Animals,11,12,0,11.633333333333333,29.793333333333337,0,0.0
2025-05-05,W33,Z3,Stray Animals,10,10,0,13.658333333333333,34.5,0,0.0
2025-05-12,W33,Z3,Stray Animals,2,2,0,9.508333333333333,14.021666666666667,0,0.0
2025-05-19,W33,Z3,Stray Animals,10,9,1,10.233333333333333,28.570000000000014,0,0.0
2025-05-26,W33,Z3,Stray Animals,10,11,0,13.733333333333333,31.983333333333334,0,0.0
2025-06-02,W33,Z3,Stray Animals,0,0,0,,,0,
2025-06-09,W33,Z3,Stray Animals,0,0,0,,,0,
2025-06-16,W33,Z3,Stray Animals,0,0,0,,,0,
2025-06-23,W33,Z3,Stray Animals,0,0,0,,,0,
2024-12-30,W33,Z3,Streetlight,2,1,1,9.75,9.75,0,0.0
2025-01-06,W33,Z3,Streetlight,12,12,1,16.183333333333334,22.895000000000003,0,0.0
2025-01-13,W33,Z3,Streetlight,11,12,0,20.225,36.22666666666667,0,0.0
2025-01-20,W33,Z3,Streetlight,6,6,0,19.1,28.316666666666666,0,0.0
2025-01-27,W33,Z3,Streetlight,4,4,0,22.975,36.77,0,0.0
2025-02-03,W33,Z3,Streetlight,8,8,0,16.55,28.131666666666668,0,0.0
2025-02-10,W33,Z3,Streetlight,10,8,2,20.941666666666666,30.011666666666667,0,0.0
2025-02-17,W33,Z3,Streetlight,11,11,2,18.416666666666668,21.55,0,0.0
2025-02-24,W33,Z3,Streetlight,8,9,1,19.166666666666668,50.966666666666676,0,0.0
2025-03-03,W33,Z3,Streetlight,5,5,1,30.633333333333333,49.75,0,0.0
2025-03-10,W33,Z3,Streetlight,6,7,0,14.8,65.29,0,0.0
2025-03-17,W33,Z3,Streetlight,12,11,1,25.1,49.65,0,0.0
2025-03-24,W33,Z3,Streetlight,8,6,3,22.925,31.041666666666664,0,0.0
2025-03-31,W33,Z3,Streetlight,8,11,0,15.15,28.016666666666666,0,0.0
2025-04-07,W33,Z3,Streetlight,10,8,2,14.533333333333333,29.41166666666666,0,0.0
2025-04-14,W33,Z3,Streetlight,8,10,0,18.358333333333334,29.095,0,0.0
2025-04-21,W33,Z3,Streetlight,9,8,1,10.191666666666666,23.058333333333334,0,0.0
2025-04-28,W33,Z3,Streetlight,8,7,2,11.083333333333334,18.863333333333337,0,0.0
2025-05-05,W33,Z3,Streetlight,10,9,3,20.483333333333334,33.803333333333335,0,0.0
2025-05-12,W33,Z3,Streetlight,12,13,2,27.516666666666666,76.41333333333337,0,0.0
2025-05-19,W33,Z3,Streetlight,13,13,2,20.7,29.546666666666667,0,0.0
2025-05-26,W33,Z3,Streetlight,6,8,0,15.641666666666666,22.599999999999998,0,0.0
2025-06-02,W33,Z3,Streetlight,0,0,0,,,0,
2025-06-09,W33,Z3,Streetlight,0,0,0,,,0,
2025-06-16,W33,Z3,Streetlight,0,0,0,,,0,
2025-06-23,W33,Z3,Streetlight,0,0,0,,,0,
2024-12-30,W33,Z3,Water Supply,9,5,4,24.283333333333335,54.11000000000001,0,0.0
2025-01-06,W33,Z3,Water Supply,6,8,2,47.608333333333334,90.25833333333333,0,0.0
2025-01-13,W33,Z3,Water Supply,2,2,2,88.89166666666668,104.685,0,0.0
2025-01-20,W33,Z3,Water Supply,13,9,6,40.46666666666667,78.02666666666667,0,0.0
2025-01-27,W33,Z3,Water Supply,6,10,2,41.358333333333334,84.4,0,0.0
2025-02-03,W33,Z3,Water Supply,7,8,1,55.875,86.23999999999998,0,0.0
2025-02-10,W33,Z3,Water Supply,10,8,3,45.375,83.25999999999999,0,0.0
2025-02-17,W33,Z3,Water Supply,8,9,2,43.016666666666666,88.47,0,0.0
2025-02-24,W33,Z3,Water Supply,8,7,3,36.6,96.26,0,0.0
2025-03-03,W33,Z3,Water Supply,5,6,2,44.56666666666667,108.7,0,0.0
2025-03-10,W33,Z3,Water Supply,9,7,4,69.1,91.05666666666667,0,0.0
2025-03-17,W33,Z3,Water Supply,9,8,5,61.425,98.49666666666664,0,0.0
2025-03-24,W33,Z3,Water Supply,8,9,4,47.56666666666667,97.23666666666666,0,0.0
2025-03-31,W33,Z3,Water Supply,5,7,2,62.86666666666667,130.05333333333334,1,0.2
2025-04-07,W33,Z3,Water Supply,10,8,4,38.15,66.27,0,0.0
2025-04-14,W33,Z3,Water Supply,14,12,6,58.71666666666667,96.34833333333333,0,0.0
2025-04-21,W33,Z3,Water Supply,11,13,4,64.91666666666667,93.48333333333333,0,0.0
2025-04-28,W33,Z3,Water Supply,12,11,5,28.416666666666668,47.38333333333333,1,0.08333333333333333
2025-05-05,W33,Z3,Water Supply,10,13,2,45.18333333333333,125.04000000000002,0,0.0
2025-05-12,W33,Z3,Water Supply,9,6,5,73.34166666666667,99.54166666666666,0,0.0
2025-05-19,W33,Z3,Water Supply,7,12,0,53.53333333333333,97.59333333333335,0,0.0
2025-05-26,W33,Z3,Water Supply,9,6,3,49.8,69.93333333333334,0,0.0
2025-06-02,W33,Z3,Water Supply,0,3,0,75.83333333333333,80.82,0,
2025-06-09,W33,Z3,Water Supply,0,0,0,,,0,
2025-06-16,W33,Z3,Water Supply,0,0,0,,,0,
2025-06-23,W33,Z3,Water Supply,0,0,0,,,0,
2024-12-30,W34,Z4,Drainage,9,2,7,62.61666666666667,66.08333333333334,2,0.2222222222222222
2025-01-06,W34,Z4,Drainage,6,10,3,87.0,139.17499999999998,2,0.3333333333333333
2025-01-13,W34,Z4,Drainage,4,4,3,195.11666666666667,225.965,0,0.0
2025-01-20,W34,Z4,Drainage,9,8,4,73.775,117.48,2,0.2222222222222222
2025-01-27,W34,Z4,Drainage,6,8,2,106.175,175.33833333333334,2,0.3333333333333333
2025-02-03,W34,Z4,Drainage,7,3,6,64.61666666666666,156.32333333333332,1,0.14285714285714285
2025-02-10,W34,Z4,Drainage,11,11,6,93.3,226.28333333333333,1,0.09090909090909091
2025-02-17,W34,Z4,Drainage,11,8,9,98.85833333333333,135.82833333333335,2,0.18181818181818182
2025-02-24,W34,Z4,Drainage,5,10,4,128.63333333333333,194.98166666666663,0,0.0
2025-03-03,W34,Z4,Drainage,9,8,5,84.6,208.80166666666662,1,0.1111111111111111
2025-03-10,W34,Z4,Drainage,10,9,6,112.18333333333334,137.01666666666668,2,0.2
2025-03-17,W34,Z4,Drainage,8,7,7,145.81666666666666,242.42666666666673,2,0.25
2025-03-24,W34,Z4,Drainage,15,13,9,78.81666666666666,234.1633333333334,3,0.2
2025-03-31,W34,Z4,Drainage,6,9,6,121.86666666666666,209.66666666666669,3,0.5
2025-04-07,W34,Z4,Drainage,17,14,9,74.46666666666667,213.615,5,0.29411764705882354
2025-04-14,W34,Z4,Drainage,6,12,3,129.35,266.9533333333334,1,0.16666666666666666
2025-04-21,W34,Z4,Drainage,5,6,2,113.88333333333333,245.89166666666668,1,0.2
2025-04-28,W34,Z4,Drainage,9,2,9,147.13333333333333,188.45333333333332,2,0.2222222222222222
2025-05-05,W34,Z4,Drainage,8,9,8,77.9,179.61,0,0.0
2025-05-12,W34,Z4,Drainage,10,11,7,133.55,166.46666666666667,2,0.2
2025-05-19,W34,Z4,Drainage,9,10,6,84.65833333333333,102.83499999999998,0,0.0
2025-05-26,W34,Z4,Drainage,8,10,4,87.76666666666667,159.73666666666665,1,0.125
2025-06-02,W34,Z4,Drainage,0,4,0,177.68333333333334,376.38833333333343,0,
2025-06-09,W34,Z4,Drainage,0,0,0,,,0,
2025-06-16,W34,Z4,Drainage,0,0,0,,,0,
2025-06-23,W34,Z4,Drainage,0,0,0,,,0,
2024-12-30,W34,Z4,Encroachment,2,0,2,,,2,1.0
2025-01-06,W34,Z4,Encroachment,14,1,15,201.25,201.25,12,0.8571428571428571
2025-01-13,W34,Z4,Encroachment,9,4,20,161.69166666666666,294.7666666666667,9,1.0
2025-01-20,W34,Z4,Encroachment,2,8,14,271.91666666666663,372.72333333333336,2,1.0
2025-01-27,W34,Z4,Encroachment,6,8,12,374.875,510.10166666666663,6,1.0
2025-02-03,W34,Z4,Encroachment,10,4,18,392.05,553.9616666666667,9,0.9
2025-02-10,W34,Z4,Encroachment,7,6,19,314.5083333333333,580.5333333333333,6,0.8571428571428571
2025-02-17,W34,Z4,Encroachment,7,8,18,284.7083333333333,466.03666666666663,6,0.8571428571428571
2025-02-24,W34,Z4,Encroachment,7,5,20,311.1666666666667,445.72,6,0.8571428571428571
2025-03-03,W34,Z4,Encroachment,10,5,25,597.05,630.02,9,0.9
2025-03-10,W34,Z4,Encroachment,12,9,28,414.45,912.0866666666668,10,0.8333333333333334
2025-03-17,W34,Z4,Encroachment,9,14,23,324.39166666666665,572.5716666666669,9,1.0
2025-03-24,W34,Z4,Encroachment,9,9,23,399.1,782.4133333333334,9,1.0
2025-03-31,W34,Z4,Encroachment,13,7,29,420.51666666666665,588.8166666666668,12,0.9230769230769231
2025-04-07,W34,Z4,Encroachment,3,14,18,329.60833333333335,629.9950000000001,3,1.0
2025-04-14,W34,Z4,Encroachment,9,10,17,391.3833333333333,699.2316666666666,9,1.0
2025-04-21,W34,Z4,Encroachment,16,4,29,505.8833333333333,540.4133333333333,15,0.9375
2025-04-28,W34,Z4,Encroachment,9,14,24,287.04166666666663,839.7566666666669,9,1.0
2025-05-05,W34,Z4,Encroachment,10,4,30,415.85833333333335,590.8933333333334,9,0.9
2025-05-12,W34,Z4,Encroachment,14,11,33,447.0,565.6666666666666,12,0.8571428571428571
2025-05-19,W34,Z4,Encroachment,6,12,27,347.075,720.2033333333334,5,0.8333333333333334
2025-05-26,W34,Z4,Encroachment,4,11,20,349.1333333333333,794.2666666666667,4,1.0
2025-06-02,W34,Z4,Encroachment,0,10,10,624.2666666666667,904.9316666666664,0,
2025-06-09,W34,Z4,Encroachment,0,7,3,590.7833333333333,726.48,0,
2025-06-16,W34,Z4,Encroachment,0,0,3,,,0,
2025-06-23,W34,Z4,Encroachment,0,1,2,605.8833333333333,605.8833333333333,0,
2024-12-30,W34,Z4,Garbage,8,2,6,33.71666666666667,35.21,0,0.0
2025-01-06,W34,Z4,Garbage,9,14,1,47.291666666666664,90.22666666666669,0,0.0
2025-01-13,W34,Z4,Garbage,9,7,3,17.883333333333333,33.873333333333335,0,0.0
2025-01-20,W34,Z4,Garbage,8,9,2,36.78333333333333,44.95,0,0.0
2025-01-27,W34,Z4,Garbage,5,7,0,22.7,52.803333333333335,0,0.0
2025-02-03,W34,Z4,Garbage,9,8,1,37.69166666666666,50.199999999999996,0,0.0
2025-02-10,W34,Z4,Garbage,7,7,1,22.916666666666668,61.42,0,0.0
2025-02-17,W34,Z4,Garbage,11,10,2,20.058333333333334,43.078333333333326,0,0.0
2025-02-24,W34,Z4,Garbage,6,6,2,17.516666666666666,32.50833333333333,0,0.0
2025-03-03,W34,Z4,Garbage,9,10,1,37.86666666666667,53.88833333333333,0,0.0
2025-03-10,W34,Z4,Garbage,11,12,0,25.308333333333334,69.105,0,0.0
2025-03-17,W34,Z4,Garbage,6,5,1,25.266666666666666,70.46666666666667,0,0.0
2025-03-24,W34,Z4,Garbage,5,5,1,27.066666666666666,36.24,0,0.0
2025-03-31,W34,Z4,Garbage,8,7,2,27.183333333333334,52.74333333333334,0,0.0
2025-04-07,W34,Z4,Garbage,12,10,4,45.766666666666666,57.725,0,0.0
2025-04-14,W34,Z4,Garbage,9,11,2,37.63333333333333,105.38333333333334,0,0.0
2025-04-21,W34,Z4,Garbage,7,7,2,36.15,60.290000000000006,0,0.0
2025-04-28,W34,Z4,Garbage,7,8,1,25.03333333333333,61.464999999999996,0,0.0
2025-05-05,W34,Z4,Garbage,10,9,2,34.9,68.45666666666668,0,0.0
2025-05-12,W34,Z4,Garbage,12,10,4,31.908333333333335,77.03166666666665,0,0.0
2025-05-19,W34,Z4,Garbage,14,16,2,23.0,47.15,0,0.0
2025-05-26,W34,Z4,Garbage,6,8,0,33.275000000000006,63.68666666666666,0,0.0
2025-06-02,W34,Z4,Garbage,0,0,0,,,0,
2025-06-09,W34,Z4,Garbage,0,0,0,,,0,
2025-06-16,W34,Z4,Garbage,0,0,0,,,0,
2025-06-23,W34,Z4,Garbage,0,0,0,,,0,
2024-12-30,W34,Z4,Property Tax,8,3,5,59.86666666666667,65.54666666666667,2,0.25
2025-01-06,W34,Z4,Property Tax,2,5,2,78.53333333333333,176.47,0,0.0
2025-01-13,W34,Z4,Property Tax,9,6,5,97.35833333333333,214.61666666666667,1,0.1111111111111111
2025-01-20,W34,Z4,Property Tax,11,11,5,77.08333333333333,94.68333333333334,0,0.0
2025-01-27,W34,Z4,Property Tax,11,13,3,65.81666666666666,109.61000000000001,2,0.18181818181818182
2025-02-03,W34,Z4,Property Tax,8,7,4,93.21666666666667,194.23666666666668,0,0.0
2025-02-10,W34,Z4,Property Tax,9,9,4,62.6,77.48666666666666,0,0.0
2025-02-17,W34,Z4,Property Tax,9,8,5,78.425,134.91833333333332,0,0.0
2025-02-24,W34,Z4,Property Tax,8,9,4,81.36666666666666,133.77666666666667,2,0.25
2025-03-03,W34,Z4,Property Tax,11,9,6,83.08333333333333,205.03333333333333,1,0.09090909090909091
2025-03-10,W34,Z4,Property Tax,6,10,2,73.84166666666667,142.13,0,0.0
2025-03-17,W34,Z4,Property Tax,12,9,5,58.1,162.15333333333336,1,0.08333333333333333
2025-03-24,W34,Z4,Property Tax,12,13,4,73.25,152.23333333333335,1,0.08333333333333333
2025-03-31,W34,Z4,Property Tax,10,8,6,113.11666666666667,163.465,1,0.1
2025-04-07,W34,Z4,Property Tax,9,12,3,66.725,163.16,0,0.0
2025-04-14,W34,Z4,Property Tax,6,7,2,73.38333333333334,109.46333333333335,0,0.0
2025-04-21,W34,Z4,Property Tax,9,7,4,74.26666666666667,143.05,1,0.1111111111111111
2025-04-28,W34,Z4,Property Tax,8,8,4,72.49166666666667,145.2433333333333,0,0.0
2025-05-05,W34,Z4,Property Tax,7,8,3,67.94166666666666,91.36333333333333,1,0.14285714285714285
2025-05-12,W34,Z4,Property Tax,9,7,5,73.28333333333333,132.12,0,0.0
2025-05-19,W34,Z4,Property Tax,8,7,6,94.25,218.11666666666673,0,0.0
2025-05-26,W34,Z4,Property Tax,5,9,2,77.5,128.73333333333332,0,0.0
2025-06-02,W34,Z4,Property Tax,0,2,0,104.6,125.84,0,
2025-06-09,W34,Z4,Property Tax,0,0,0,,,0,
2025-06-16,W34,Z4,Property Tax,0,0,0,,,0,
2025-06-23,W34,Z4,Property Tax,0,0,0,,,0,
2024-12-30,W34,Z4,Road Repair,5,0,5,,,4,0.8
2025-01-06,W34,Z4,Road Repair,12,3,14,170.81666666666666,217.03,10,0.8333333333333334
2025-01-13,W34,Z4,Road Repair,7,9,12,184.68333333333334,249.0266666666667,5,0.7142857142857143
2025-01-20,W34,Z4,Road Repair,8,6,14,248.23333333333335,383.475,5,0.625
2025-01-27,W34,Z4,Road Repair,9,10,13,205.51666666666665,443.6733333333333,6,0.6666666666666666
2025-02-03,W34,Z4,Road Repair,8,8,13,201.81666666666666,499.80333333333334,5,0.625
2025-02-10,W34,Z4,Road Repair,8,9,12,352.46666666666664,446.93,8,1.0
2025-02-17,W34,Z4,Road Repair,16,6,22,209.05833333333334,327.4666666666667,10,0.625
2025-02-24,W34,Z4,Road Repair,4,10,16,218.225,498.765,4,1.0
2025-03-03,W34,Z4,Road Repair,10,8,18,297.78333333333336,527.9666666666667,7,0.7
2025-03-10,W34,Z4,Road Repair,9,10,17,191.36666666666667,586.0716666666666,7,0.7777777777777778
2025-03-17,W34,Z4,Road Repair,8,10,15,265.675,582.505,5,0.625
2025-03-24,W34,Z4,Road Repair,11,8,18,229.91666666666669,620.9933333333332,7,0.6363636363636364
2025-03-31,W34,Z4,Road Repair,12,12,18,169.425,342.5566666666667,7,0.5833333333333334
2025-04-07,W34,Z4,Road Repair,5,13,10,338.9166666666667,675.4366666666667,3,0.6
2025-04-14,W34,Z4,Road Repair,8,7,11,296.56666666666666,496.82000000000005,7,0.875
2025-04-21,W34,Z4,Road Repair,9,9,11,178.98333333333332,310.93,4,0.4444444444444444
2025-04-28,W34,Z4,Road Repair,6,5,12,187.35,314.93333333333334,6,1.0
2025-05-05,W34,Z4,Road Repair,8,6,14,390.20833333333337,690.8166666666666,8,1.0
2025-05-12,W34,Z4,Road Repair,12,6,20,262.65,388.68333333333334,7,0.5833333333333334
2025-05-19,W34,Z4,Road Repair,7,13,14,201.56666666666666,469.9033333333334,3,0.42857142857142855
2025-05-26,W34,Z4,Road Repair,5,10,9,172.125,442.5033333333333,4,0.8
2025-06-02,W34,Z4,Road Repair,0,3,6,562.5666666666667,797.6733333333334,0,
2025-06-09,W34,Z4,Road Repair,0,4,2,375.85,599.7166666666667,0,
2025-06-16,W34,Z4,Road Repair,0,1,1,761.65,761.65,0,
2025-06-23,W34,Z4,Road Repair,0,0,1,,,0,
2024-12-30,W34,Z4,Stray Animals,6,5,1,7.55,16.206666666666667,0,0.0
2025-01-06,W34,Z4,Stray Animals,11,12,0,9.408333333333333,20.821666666666665,0,0.0
2025-01-13,W34,Z4,Stray Animals,9,8,1,7.866666666666667,19.429999999999996,0,0.0
2025-01-20,W34,Z4,Stray Animals,13,14,0,14.341666666666667,20.843333333333337,0,0.0
2025-01-27,W34,Z4,Stray Animals,10,7,3,12.75,17.419999999999998,0,0.0
2025-02-03,W34,Z4,Stray Animals,4,7,0,14.9,24.523333333333333,0,0.0
2025-02-10,W34,Z4,Stray Animals,9,8,1,14.691666666666666,18.976666666666667,0,0.0
2025-02-17,W34,Z4,Stray Animals,12,12,1,10.600000000000001,23.378333333333337,0,0.0
2025-02-24,W34,Z4,Stray Animals,6,6,1,16.191666666666666,33.53333333333333,0,0.0
2025-03-03,W34,Z4,Stray Animals,9,8,2,12.783333333333333,18.896666666666665,0,0.0
2025-03-10,W34,Z4,Stray Animals,7,9,0,12.466666666666667,26.546666666666667,0,0.0
2025-03-17,W34,Z4,Stray Animals,4,4,0,17.325000000000003,27.245000000000005,0,0.0
2025-03-24,W34,Z4,Stray Animals,9,8,1,10.85,29.998333333333328,0,0.0
2025-03-31,W34,Z4,Stray Animals,8,8,1,20.1,32.50999999999999,0,0.0
2025-04-07,W34,Z4,Stray Animals,7,7,1,16.683333333333334,26.35666666666667,0,0.0
2025-04-14,W34,Z4,Stray Animals,12,13,0,12.283333333333333,27.983333333333334,0,0.0
2025-04-21,W34,Z4,Stray Animals,11,11,0,17.233333333333334,21.166666666666668,0,0.0
2025-04-28,W34,Z4,Stray Animals,8,7,1,9.783333333333333,19.866666666666667,0,0.0
2025-05-05,W34,Z4,Stray Animals,7,8,0,10.416666666666668,13.361666666666666,0,0.0
2025-05-12,W34,Z4,Stray Animals,9,8,1,12.633333333333333,18.921666666666667,0,0.0
2025-05-19,W34,Z4,Stray Animals,7,8,0,12.558333333333334,21.97833333333333,0,0.0
2025-05-26,W34,Z4,Stray Animals,10,10,0,14.933333333333334,22.25333333333333,0,0.0
2025-06-02,W34,Z4,Stray Animals,0,0,0,,,0,
2025-06-09,W34,Z4,Stray Animals,0,0,0,,,0,
2025-06-16,W34,Z4,Stray Animals,0,0,0,,,0,
2025-06-23,W34,Z4,Stray Animals,0,0,0,,,0,
2024-12-30,W34,Z4,Streetlight,9,8,1,23.799999999999997,37.529999999999994,0,0.0
2025-01-06,W34,Z4,Streetlight,10,11,0,12.916666666666666,51.833333333333336,0,0.0
2025-01-13,W34,Z4,Streetlight,11,11,0,19.366666666666667,30.5,0,0.0
2025-01-20,W34,Z4,Streetlight,7,6,1,24.1,29.766666666666666,0,0.0
2025-01-27,W34,Z4,Streetlight,11,11,1,15.333333333333334,33.46666666666667,0,0.0
2025-02-03,W34,Z4,Streetlight,8,7,2,12.583333333333334,22.770000000000003,0,0.0
2025-02-10,W34,Z4,Streetlight,10,10,2,17.608333333333334,34.23833333333333,0,0.0
2025-02-17,W34,Z4,Streetlight,12,13,1,22.183333333333334,40.480000000000004,0,0.0
2025-02-24,W34,Z4,Streetlight,6,4,3,39.19166666666667,52.765,0,0.0
2025-03-03,W34,Z4,Streetlight,8,9,2,20.116666666666667,41.74,0,0.0
2025-03-10,W34,Z4,Streetlight,7,8,1,12.908333333333333,26.013333333333332,0,0.0
2025-03-17,W34,Z4,Streetlight,7,8,0,14.283333333333331,33.22499999999999,0,0.0
2025-03-24,W34,Z4,Streetlight,3,3,0,15.366666666666667,25.64666666666667,0,0.0
2025-03-31,W34,Z4,Streetlight,3,3,0,45.28333333333333,53.230000000000004,0,0.0
2025-04-07,W34,Z4,Streetlight,14,11,3,16.066666666666666,31.35,0,0.0
2025-04-14,W34,Z4,Streetlight,9,11,1,18.683333333333334,37.833333333333336,0,0.0
2025-04-21,W34,Z4,Streetlight,12,10,3,14.125,29.931666666666665,0,0.0
2025-04-28,W34,Z4,Streetlight,13,14,2,24.858333333333334,34.863333333333344,0,0.0
2025-05-05,W34,Z4,Streetlight,10,12,0,13.016666666666666,28.0,0,0.0
2025-05-12,W34,Z4,Streetlight,6,6,0,14.816666666666666,17.34166666666667,0,0.0
2025-05-19,W34,Z4,Streetlight,5,5,0,16.95,30.93,0,0.0
2025-05-26,W34,Z4,Streetlight,6,6,0,11.791666666666666,41.88333333333333,0,0.0
2025-06-02,W34,Z4,Streetlight,0,0,0,,,0,
2025-06-09,W34,Z4,Streetlight,0,0,0,,,0,
2025-06-16,W34,Z4,Streetlight,0,0,0,,,0,
2025-06-23,W34,Z4,Streetlight,0,0,0,,,0,
2024-12-30,W34,Z4,Water Supply,10,5,5,29.633333333333333,70.69,1,0.1
2025-01-06,W34,Z4,Water Supply,7,7,5,42.916666666666664,117.47333333333334,0,0.0
2025-01-13,W34,Z4,Water Supply,8,12,1,48.05,93.17000000000002,0,0.0
2025-01-20,W34,Z4,Water Supply,4,5,0,30.5,69.08666666666667,0,0.0
2025-01-27,W34,Z4,Water Supply,7,5,2,40.05,62.18333333333333,0,0.0
2025-02-03,W34,Z4,Water Supply,9,8,3,61.008333333333326,101.16499999999999,1,0.1111111111111111
2025-02-10,W34,Z4,Water Supply,12,13,2,40.18333333333333,94.58000000000001,0,0.0
2025-02-17,W34,Z4,Water Supply,6,7,1,64.75,79.63666666666667,0,0.0
2025-02-24,W34,Z4,Water Supply,15,10,6,47.55833333333334,64.83500000000001,0,0.0
2025-03-03,W34,Z4,Water Supply,9,9,6,44.15,65.73666666666668,2,0.2222222222222222
2025-03-10,W34,Z4,Water Supply,9,12,3,32.8,74.84333333333333,0,0.0
2025-03-17,W34,Z4,Water Supply,12,11,4,36.016666666666666,198.55,0,0.0
2025-03-24,W34,Z4,Water Supply,11,14,1,54.05833333333334,129.2266666666667,0,0.0
2025-03-31,W34,Z4,Water Supply,6,7,0,57.266666666666666,110.22333333333336,0,0.0
2025-04-07,W34,Z4,Water Supply,13,7,6,36.516666666666666,55.790000000000006,1,0.07692307692307693
2025-04-14,W34,Z4,Water Supply,7,12,1,54.34166666666667,129.32666666666665,0,0.0
2025-04-21,W34,Z4,Water Supply,4,5,0,31.233333333333334,66.68,0,0.0
2025-04-28,W34,Z4,Water Supply,7,2,5,54.925,65.55833333333334,0,0.0
2025-05-05,W34,Z4,Water Supply,10,9,6,69.08333333333333,113.52666666666667,0,0.0
2025-05-12,W34,Z4,Water Supply,11,12,5,40.28333333333333,105.96500000000002,0,0.0
2025-05-19,W34,Z4,Water Supply,6,9,2,63.583333333333336,113.30666666666667,0,0.0
2025-05-26,W34,Z4,Water Supply,4,6,0,47.65,94.225,0,0.0
2025-06-02,W34,Z4,Water Supply,0,0,0,,,0,
2025-06-09,W34,Z4,Water Supply,0,0,0,,,0,
2025-06-16,W34,Z4,Water Supply,0,0,0,,,0,
2025-06-23,W34,Z4,Water Supply,0,0,0,,,0,
2024-12-30,W35,Z0,Drainage,6,1,5,46.43333333333333,46.43333333333333,2,0.3333333333333333
2025-01-06,W35,Z0,Drainage,8,4,9,60.11666666666667,74.23166666666667,1,0.125
2025-01-13,W35,Z0,Drainage,14,11,12,139.68333333333334,210.71666666666667,4,0.2857142857142857
2025-01-20,W35,Z0,Drainage,7,12,7,123.18333333333334,203.4,2,0.2857142857142857
2025-01-27,W35,Z0,Drainage,3,10,0,108.50833333333333,273.1066666666667,0,0.0
2025-02-03,W35,Z0,Drainage,12,5,7,87.95,102.99666666666667,4,0.3333333333333333
2025-02-10,W35,Z0,Drainage,4,9,2,164.63333333333333,225.96333333333334,0,0.0
2025-02-17,W35,Z0,Drainage,7,4,5,62.06666666666667,127.15666666666667,0,0.0
2025-02-24,W35,Z0,Drainage,13,8,10,109.04166666666666,142.33333333333334,2,0.15384615384615385
2025-03-03,W35,Z0,Drainage,3,12,1,111.58333333333334,187.44833333333335,0,0.0
2025-03-10,W35,Z0,Drainage,12,7,6,60.78333333333333,73.43,2,0.16666666666666666
2025-03-17,W35,Z0,Drainage,12,10,8,111.84166666666667,177.68166666666667,2,0.16666666666666666
2025-03-24,W35,Z0,Drainage,12,11,9,53.7,145.43333333333334,4,0.3333333333333333
2025-03-31,W35,Z0,Drainage,9,10,8,97.31666666666666,208.05666666666662,2,0.2222222222222222
2025-04-07,W35,Z0,Drainage,8,8,8,139.20833333333334,274.24833333333333,3,0.375
2025-04-14,W35,Z0,Drainage,6,11,3,110.63333333333334,176.81666666666666,1,0.16666666666666666
2025-04-21,W35,Z0,Drainage,10,5,8,78.83333333333333,269.74666666666667,4,0.4
2025-04-28,W35,Z0,Drainage,7,8,7,102.63333333333333,156.52666666666664,2,0.2857142857142857
2025-05-05,W35,Z0,Drainage,9,10,6,93.55,305.97166666666664,3,0.3333333333333333
2025-05-12,W35,Z0,Drainage,10,10,6,78.16666666666667,201.60333333333324,1,0.1
2025-05-19,W35,Z0,Drainage,5,7,4,79.78333333333333,236.07000000000002,3,0.6
2025-05-26,W35,Z0,Drainage,11,7,8,88.36666666666666,204.19333333333333,2,0.18181818181818182
2025-06-02,W35,Z0,Drainage,0,7,1,115.98333333333333,191.17333333333337,0,
2025-06-09,W35,Z0,Drainage,0,1,0,373.15,373.15,0,
2025-06-16,W35,Z0,Drainage,0,0,0,,,0,
2025-06-23,W35,Z0,Drainage,0,0,0,,,0,
2024-12-30,W35,Z0,Encroachment,7,0,7,,,6,0.8571428571428571
2025-01-06,W35,Z0,Encroachment,4,3,8,209.11666666666667,251.54333333333332,3,0.75
2025-01-13,W35,Z0,Encroachment,12,2,18,208.05833333333334,246.8516666666667,12,1.0
2025-01-20,W35,Z0,Encroachment,8,7,19,345.18333333333334,542.9233333333334,8,1.0
2025-01-27,W35,Z0,Encroachment,12,9,22,318.7,448.7,10,0.8333333333333334
2025-02-03,W35,Z0,Encroachment,4,7,19,393.28333333333336,685.5066666666668,4,1.0
2025-02-10,W35,Z0,Encroachment,9,10,18,454.26666666666665,640.6133333333333,8,0.8888888888888888
2025-02-17,W35,Z0,Encroachment,7,9,16,286.31666666666666,633.4566666666667,6,0.8571428571428571
2025-02-24,W35,Z0,Encroachment,6,7,15,360.3666666666667,680.3900000000001,6,1.0
2025-03-03,W35,Z0,Encroachment,6,4,17,248.50833333333333,388.605,5,0.8333333333333334
2025-03-10,W35,Z0,Encroachment,12,8,21,329.89166666666665,596.0249999999999,11,0.9166666666666666
2025-03-17,W35,Z0,Encroachment,5,9,17,228.61666666666667,949.9300000000001,4,0.8
2025-03-24,W35,Z0,Encroachment,11,6,22,289.32500000000005,547.5833333333334,10,0.9090909090909091
2025-03-31,W35,Z0,Encroachment,5,8,19,286.7416666666667,630.6183333333333,5,1.0
2025-04-07,W35,Z0,Encroachment,12,7,24,450.65,791.4000000000001,9,0.75
2025-04-14,W35,Z0,Encroachment,8,10,22,298.95000000000005,756.6016666666665,8,1.0
2025-04-21,W35,Z0,Encroachment,3,10,15,303.7416666666667,701.2316666666667,3,1.0
2025-04-28,W35,Z0,Encroachment,13,5,23,532.3166666666667,920.6700000000001,13,1.0
2025-05-05,W35,Z0,Encroachment,12,9,26,372.1,643.15,12,1.0
2025-05-12,W35,Z0,Encroachment,11,10,27,273.51666666666665,382.95499999999987,10,0.9090909090909091
2025-05-19,W35,Z0,Encroachment,8,12,23,325.125,597.635,8,1.0
2025-05-26,W35,Z0,Encroachment,13,10,26,375.5333333333333,601.8416666666667,13,1.0
2025-06-02,W35,Z0,Encroachment,0,10,16,395.73333333333335,628.185,0,
2025-06-09,W35,Z0,Encroachment,0,5,11,482.35,1374.9566666666667,0,
2025-06-16,W35,Z0,Encroachment,0,5,6,522.8666666666667,644.6033333333334,0,
2025-06-23,W35,Z0,Encroachment,0,3,3,624.95,1042.1233333333334,0,
2024-12-30,W35,Z0,Garbage,8,7,1,20.733333333333334,60.37666666666667,0,0.0
2025-01-06,W35,Z0,Garbage,12,9,4,19.55,37.24,0,0.0
2025-01-13,W35,Z0,Garbage,7,9,2,29.45,56.60333333333333,0,0.0
2025-01-20,W35,Z0,Garbage,9,9,2,49.833333333333336,72.01333333333334,0,0.0
2025-01-27,W35,Z0,Garbage,12,12,2,27.450000000000003,52.20666666666667,0,0.0
2025-02-03,W35,Z0,Garbage,10,11,1,28.433333333333334,54.63333333333333,0,0.0
2025-02-10,W35,Z0,Garbage,14,11,4,25.383333333333333,47.483333333333334,0,0.0
2025-02-17,W35,Z0,Garbage,10,13,1,29.833333333333332,50.296666666666674,0,0.0
2025-02-24,W35,Z0,Garbage,11,10,2,37.95833333333333,61.75,0,0.0
2025-03-03,W35,Z0,Garbage,7,9,0,27.366666666666667,56.23333333333335,0,0.0
2025-03-10,W35,Z0,Garbage,4,4,0,41.650000000000006,64.98166666666667,0,0.0
2025-03-17,W35,Z0,Garbage,12,8,4,14.95,34.60333333333333,0,0.0
2025-03-24,W35,Z0,Garbage,10,9,5,23.116666666666667,84.90333333333334,0,0.0
2025-03-31,W35,Z0,Garbage,6,10,1,37.81666666666666,44.47833333333333,0,0.0
2025-04-07,W35,Z0,Garbage,6,7,0,36.0,58.12666666666667,0,0.0
2025-04-14,W35,Z0,Garbage,5,5,0,41.266666666666666,87.08000000000001,0,0.0
2025-04-21,W35,Z0,Garbage,8,7,1,28.966666666666665,37.153333333333336,0,0.0
2025-04-28,W35,Z0,Garbage,7,8,0,35.19166666666666,60.24166666666666,0,0.0
2025-05-05,W35,Z0,Garbage,6,6,0,33.09166666666667,54.900000000000006,0,0.0
2025-05-12,W35,Z0,Garbage,11,10,1,26.525,39.22666666666666,0,0.0
2025-05-19,W35,Z0,Garbage,5,5,1,29.516666666666666,39.82333333333334,0,0.0
2025-05-26,W35,Z0,Garbage,8,7,2,28.2,34.346666666666664,0,0.0
2025-06-02,W35,Z0,Garbage,0,2,0,87.10833333333335,116.12833333333336,0,
2025-06-09,W35,Z0,Garbage,0,0,0,,,0,
2025-06-16,W35,Z0,Garbage,0,0,0,,,0,
2025-06-23,W35,Z0,Garbage,0,0,0,,,0,
2024-12-30,W35,Z0,Property Tax,4,1,3,20.516666666666666,20.516666666666666,0,0.0
2025-01-06,W35,Z0,Property Tax,10,8,5,81.825,108.98333333333333,0,0.0
2025-01-13,W35,Z0,Property Tax,15,14,6,62.775,105.85666666666667,1,0.06666666666666667
2025-01-20,W35,Z0,Property Tax,13,12,7,73.35,123.17500000000001,3,0.23076923076923078
2025-01-27,W35,Z0,Property Tax,9,11,5,72.78333333333333,182.05,1,0.1111111111111111
2025-02-03,W35,Z0,Property Tax,14,12,7,67.575,131.465,1,0.07142857142857142
2025-02-10,W35,Z0,Property Tax,8,9,6,107.06666666666666,189.13333333333338,0,0.0
2025-02-17,W35,Z0,Property Tax,6,8,4,93.55,226.7616666666666,1,0.16666666666666666
2025-02-24,W35,Z0,Property Tax,9,8,5,58.233333333333334,178.86333333333332,2,0.2222222222222222
2025-03-03,W35,Z0,Property Tax,11,9,7,64.76666666666667,132.73000000000002,0,0.0
2025-03-10,W35,Z0,Property Tax,10,12,5,67.85833333333333,141.29333333333335,1,0.1
2025-03-17,W35,Z0,Property Tax,7,7,5,64.88333333333334,118.68,1,0.14285714285714285
2025-03-24,W35,Z0,Property Tax,7,10,2,75.43333333333334,213.37999999999994,0,0.0
2025-03-31,W35,Z0,Property Tax,6,5,3,57.233333333333334,78.11333333333333,1,0.16666666666666666
2025-04-07,W35,Z0,Property Tax,4,4,3,108.79166666666666,177.56166666666667,0,0.0
2025-04-14,W35,Z0,Property Tax,12,8,7,57.45833333333333,81.92333333333333,1,0.08333333333333333
2025-04-21,W35,Z0,Property Tax,5,10,2,90.575,166.4333333333333,0,0.0
2025-04-28,W35,Z0,Property Tax,6,3,5,99.56666666666666,117.26,2,0.3333333333333333
2025-05-05,W35,Z0,Property Tax,9,8,6,61.96666666666667,145.26,1,0.1111111111111111
2025-05-12,W35,Z0,Property Tax,6,8,4,74.80833333333334,258.33,2,0.3333333333333333
2025-05-19,W35,Z0,Property Tax,8,9,3,69.08333333333333,190.0366666666667,0,0.0
2025-05-26,W35,Z0,Property Tax,8,7,4,102.75,129.9766666666667,1,0.125
2025-06-02,W35,Z0,Property Tax,0,4,0,130.53333333333333,159.68666666666667,0,
2025-06-09,W35,Z0,Property Tax,0,0,0,,,0,
2025-06-16,W35,Z0,Property Tax,0,0,0,,,0,
2025-06-23,W35,Z0,Property Tax,0,0,0,,,0,
2024-12-30,W35,Z0,Road Repair,5,0,5,,,4,0.8
2025-01-06,W35,Z0,Road Repair,9,1,13,94.88333333333334,94.88333333333334,8,0.8888888888888888
2025-01-13,W35,Z0,Road Repair,11,5,19,245.71666666666667,324.91,9,0.8181818181818182
2025-01-20,W35,Z0,Road Repair,9,8,20,127.65833333333333,450.23833333333334,5,0.5555555555555556
2025-01-27,W35,Z0,Road Repair,9,10,19,270.75,534.2633333333333,7,0.7777777777777778
2025-02-03,W35,Z0,Road Repair,9,15,13,281.56666666666666,626.5766666666667,8,0.8888888888888888
2025-02-10,W35,Z0,Road Repair,9,7,15,249.83333333333334,610.7866666666669,6,0.6666666666666666
2025-02-17,W35,Z0,Road Repair,3,8,10,188.83333333333331,388.2816666666667,2,0.6666666666666666
2025-02-24,W35,Z0,Road Repair,10,5,15,219.46666666666667,405.47333333333336,7,0.7
2025-03-03,W35,Z0,Road Repair,6,7,14,282.96666666666664,487.57000000000005,6,1.0
2025-03-10,W35,Z0,Road Repair,7,8,13,317.1333333333333,704.2466666666667,5,0.7142857142857143
2025-03-17,W35,Z0,Road Repair,7,7,13,265.28333333333336,425.95,6,0.8571428571428571
2025-03-24,W35,Z0,Road Repair,12,6,19,261.775,409.45,8,0.6666666666666666
2025-03-31,W35,Z0,Road Repair,9,13,15,219.35,327.47,8,0.8888888888888888
2025-04-07,W35,Z0,Road Repair,11,11,15,327.15,454.9166666666667,6,0.5454545454545454
2025-04-14,W35,Z0,Road Repair,9,9,15,161.15,238.73333333333335,5,0.5555555555555556
2025-04-21,W35,Z0,Road Repair,11,9,17,177.41666666666666,557.2733333333333,9,0.8181818181818182
2025-04-28,W35,Z0,Road Repair,6,8,15,192.56666666666666,327.79166666666663,6,1.0
2025-05-05,W35,Z0,Road Repair,8,11,12,301.3333333333333,561.2333333333333,5,0.625
2025-05-12,W35,Z0,Road Repair,6,7,11,198.36666666666667,506.7600000000001,5,0.8333333333333334
2025-05-19,W35,Z0,Road Repair,11,5,17,442.96666666666664,540.0633333333334,8,0.7272727272727273
2025-05-26,W35,Z0,Road Repair,10,14,13,186.725,410.44500000000005,6,0.6
2025-06-02,W35,Z0,Road Repair,0,9,4,234.86666666666667,386.71333333333337,0,
2025-06-09,W35,Z0,Road Repair,0,1,3,303.3333333333333,303.3333333333333,0,
2025-06-16,W35,Z0,Road Repair,0,1,2,551.3833333333333,551.3833333333333,0,
2025-06-23,W35,Z0,Road Repair,0,1,1,689.75,689.75,0,
2024-12-30,W35,Z0,Stray Animals,4,3,1,13.216666666666667,16.616666666666667,0,0.0
2025-01-06,W35,Z0,Stray Animals,7,8,0,11.774999999999999,19.971666666666664,0,0.0
2025-01-13,W35,Z0,Stray Animals,5,5,0,12.583333333333334,16.726666666666667,0,0.0
2025-01-20,W35,Z0,Stray Animals,12,12,0,13.341666666666665,18.138333333333335,0,0.0
2025-01-27,W35,Z0,Stray Animals,5,5,0,13.55,25.783333333333335,0,0.0
2025-02-03,W35,Z0,Stray Animals,7,7,0,12.433333333333334,17.62666666666667,0,0.0
2025-02-10,W35,Z0,Stray Animals,8,6,2,14.958333333333332,22.083333333333336,0,0.0
2025-02-17,W35,Z0,Stray Animals,8,8,2,16.066666666666666,33.49833333333333,0,0.0
2025-02-24,W35,Z0,Stray Animals,10,10,2,9.05,16.688333333333322,0,0.0
2025-03-03,W35,Z0,Stray Animals,5,7,0,14.8,18.826666666666668,0,0.0
2025-03-10,W35,Z0,Stray Animals,11,9,2,8.666666666666666,14.09,0,0.0
2025-03-17,W35,Z0,Stray Animals,12,12,2,11.208333333333332,40.24166666666667,0,0.0
2025-03-24,W35,Z0,Stray Animals,9,11,0,12.55,21.583333333333332,0,0.0
2025-03-31,W35,Z0,Stray Animals,10,10,0,13.891666666666666,25.988333333333326,0,0.0
2025-04-07,W35,Z0,Stray Animals,12,11,1,10.716666666666667,16.916666666666668,0,0.0
2025-04-14,W35,Z0,Stray Animals,5,6,0,6.008333333333333,16.900000000000002,0,0.0
2025-04-21,W35,Z0,Stray Animals,8,8,0,11.366666666666667,16.748333333333335,0,0.0
2025-04-28,W35,Z0,Stray Animals,12,11,1,11.033333333333333,15.316666666666666,0,0.0
2025-05-05,W35,Z0,Stray Animals,8,9,0,16.466666666666665,29.613333333333333,0,0.0
2025-05-12,W35,Z0,Stray Animals,10,10,0,16.108333333333334,31.014999999999993,0,0.0
2025-05-19,W35,Z0,Stray Animals,11,11,0,9.966666666666667,29.066666666666666,0,0.0
2025-05-26,W35,Z0,Stray Animals,9,9,0,9.616666666666667,18.69666666666667,0,0.0
2025-06-02,W35,Z0,Stray Animals,0,0,0,,,0,
2025-06-09,W35,Z0,Stray Animals,0,0,0,,,0,
2025-06-16,W35,Z0,Stray Animals,0,0,0,,,0,
2025-06-23,W35,Z0,Stray Animals,0,0,0,,,0,
2024-12-30,W35,Z0,Streetlight,4,4,0,15.116666666666667,23.583333333333336,0,0.0
2025-01-06,W35,Z0,Streetlight,11,10,1,16.258333333333333,49.77333333333332,0,0.0
2025-01-13,W35,Z0,Streetlight,9,9,1,15.283333333333333,36.24,0,0.0
2025-01-20,W35,Z0,Streetlight,7,8,0,29.825,48.41333333333332,0,0.0
2025-01-27,W35,Z0,Streetlight,9,8,1,14.858333333333334,28.821666666666665,0,0.0
2025-02-03,W35,Z0,Streetlight,7,8,0,15.8,37.335,0,0.0
2025-02-10,W35,Z0,Streetlight,5,5,0,17.883333333333333,39.620000000000005,0,0.0
2025-02-17,W35,Z0,Streetlight,5,4,1,10.008333333333333,12.248333333333333,0,0.0
2025-02-24,W35,Z0,Streetlight,6,7,0,17.816666666666666,44.02000000000001,0,0.0
2025-03-03,W35,Z0,Streetlight,7,6,1,12.233333333333334,23.616666666666667,0,0.0
2025-03-10,W35,Z0,Streetlight,10,10,1,15.033333333333331,33.31333333333333,0,0.0
2025-03-17,W35,Z0,Streetlight,12,10,3,10.274999999999999,26.366666666666667,0,0.0
2025-03-24,W35,Z0,Streetlight,3,6,0,30.96666666666667,43.09166666666667,0,0.0
2025-03-31,W35,Z0,Streetlight,11,9,2,14.766666666666667,31.74,0,0.0
2025-04-07,W35,Z0,Streetlight,10,12,0,18.608333333333334,39.653333333333336,0,0.0
2025-04-14,W35,Z0,Streetlight,13,10,3,21.566666666666666,36.401666666666664,0,0.0
2025-04-21,W35,Z0,Streetlight,8,7,4,29.4,53.66333333333335,0,0.0
2025-04-28,W35,Z0,Streetlight,11,13,2,26.85,48.690000000000005,0,0.0
2025-05-05,W35,Z0,Streetlight,12,14,0,17.416666666666664,41.19833333333334,0,0.0
2025-05-12,W35,Z0,Streetlight,9,9,0,13.683333333333334,29.880000000000003,0,0.0
2025-05-19,W35,Z0,Streetlight,10,8,2,15.2,31.54666666666666,0,0.0
2025-05-26,W35,Z0,Streetlight,8,10,0,19.625,57.41499999999999,0,0.0
2025-06-02,W35,Z0,Streetlight,0,0,0,,,0,
2025-06-09,W35,Z0,Streetlight,0,0,0,,,0,
2025-06-16,W35,Z0,Streetlight,0,0,0,,,0,
2025-06-23,W35,Z0,Streetlight,0,0,0,,,0,
2024-12-30,W35,Z0,Water Supply,6,5,1,36.63333333333333,61.61333333333333,0,0.0
2025-01-06,W35,Z0,Water Supply,5,4,2,34.125,37.20666666666666,0,0.0
2025-01-13,W35,Z0,Water Supply,15,14,3,37.625,86.1516666666667,0,0.0
2025-01-20,W35,Z0,Water Supply,15,13,5,35.2,66.65666666666668,0,0.0
2025-01-27,W35,Z0,Water Supply,7,11,1,45.166666666666664,91.51666666666667,1,0.14285714285714285
2025-02-03,W35,Z0,Water Supply,8,6,3,53.44166666666666,74.68333333333334,0,0.0
2025-02-10,W35,Z0,Water Supply,8,9,2,69.76666666666667,152.8966666666667,1,0.125
2025-02-17,W35,Z0,Water Supply,9,8,3,45.65833333333333,135.65499999999997,0,0.0
2025-02-24,W35,Z0,Water Supply,6,6,3,74.60833333333333,88.275,0,0.0
2025-03-03,W35,Z0,Water Supply,6,6,3,74.24166666666666,100.33333333333334,0,0.0
2025-03-10,W35,Z0,Water Supply,10,8,5,73.09166666666667,128.01999999999998,0,0.0
2025-03-17,W35,Z0,Water Supply,8,10,3,59.099999999999994,98.315,1,0.125
2025-03-24,W35,Z0,Water Supply,5,6,2,67.91666666666667,164.05833333333334,1,0.2
2025-03-31,W35,Z0,Water Supply,12,7,7,53.25,128.18333333333337,2,0.16666666666666666
2025-04-07,W35,Z0,Water Supply,11,12,6,48.6,82.06500000000001,1,0.09090909090909091
2025-04-14,W35,Z0,Water Supply,8,10,4,69.64999999999999,238.66666666666663,0,0.0
2025-04-21,W35,Z0,Water Supply,6,6,4,65.09166666666667,103.44166666666666,0,0.0
2025-04-28,W35,Z0,Water Supply,13,11,6,56.233333333333334,72.91666666666667,1,0.07692307692307693
2025-05-05,W35,Z0,Water Supply,6,10,2,55.58333333333333,144.61999999999998,0,0.0
2025-05-12,W35,Z0,Water Supply,8,8,2,50.59166666666667,62.975,0,0.0
2025-05-19,W35,Z0,Water Supply,8,9,1,39.71666666666667,63.63666666666667,0,0.0
2025-05-26,W35,Z0,Water Supply,7,7,1,41.0,63.48666666666667,0,0.0
2025-06-02,W35,Z0,Water Supply,0,1,0,120.78333333333333,120.78333333333333,0,
2025-06-09,W35,Z0,Water Supply,0,0,0,,,0,
2025-06-16,W35,Z0,Water Supply,0,0,0,,,0,
2025-06-23,W35,Z0,Water Supply,0,0,0,,,0,
2024-12-30,W36,Z1,Drainage,7,0,7,,,2,0.2857142857142857
2025-01-06,W36,Z1,Drainage,14,12,9,96.09166666666667,139.19,2,0.14285714285714285
2025-01-13,W36,Z1,Drainage,9,12,6,90.0,133.1616666666667,1,0.1111111111111111
2025-01-20,W36,Z1,Drainage,5,8,3,134.25,233.33666666666667,2,0.4
2025-01-27,W36,Z1,Drainage,9,6,6,54.19166666666666,185.00833333333333,1,0.1111111111111111
2025-02-03,W36,Z1,Drainage,9,8,7,78.0,157.82166666666666,4,0.4444444444444444
2025-02-10,W36,Z1,Drainage,8,8,7,80.79166666666666,179.03166666666667,3,0.375
2025-02-17,W36,Z1,Drainage,7,10,4,138.41666666666669,255.98666666666665,0,0.0
2025-02-24,W36,Z1,Drainage,12,6,10,83.73333333333333,202.52499999999998,1,0.08333333333333333
2025-03-03,W36,Z1,Drainage,6,12,4,90.3,137.22,0,0.0
2025-03-10,W36,Z1,Drainage,5,5,4,126.18333333333334,299.99,1,0.2
2025-03-17,W36,Z1,Drainage,13,6,11,96.60833333333333,131.225,5,0.38461538461538464
2025-03-24,W36,Z1,Drainage,8,10,9,130.40833333333333,225.60666666666663,3,0.375
2025-03-31,W36,Z1,Drainage,8,8,9,92.85833333333333,171.64333333333332,3,0.375
2025-04-07,W36,Z1,Drainage,6,9,6,181.6,420.98,2,0.3333333333333333
2025-04-14,W36,Z1,Drainage,8,9,5,96.0,258.33000000000004,1,0.125
2025-04-21,W36,Z1,Drainage,9,8,6,80.075,170.19,1,0.1111111111111111
2025-04-28,W36,Z1,Drainage,10,12,4,78.36666666666667,176.8466666666667,2,0.2
2025-05-05,W36,Z1,Drainage,10,8,6,111.66666666666666,189.97166666666664,2,0.2
2025-05-12,W36,Z1,Drainage,10,10,6,116.58333333333334,192.66833333333332,1,0.1
2025-05-19,W36,Z1,Drainage,6,7,5,85.81666666666666,114.9,1,0.16666666666666666
2025-05-26,W36,Z1,Drainage,9,8,6,121.36666666666667,213.9583333333333,4,0.4444444444444444
2025-06-02,W36,Z1,Drainage,0,5,1,171.98333333333332,189.4466666666667,0,
2025-06-09,W36,Z1,Drainage,0,1,0,227.71666666666667,227.71666666666667,0,
2025-06-16,W36,Z1,Drainage,0,0,0,,,0,
2025-06-23,W36,Z1,Drainage,0,0,0,,,0,
2024-12-30,W36,Z1,Encroachment,7,0,7,,,6,0.8571428571428571
2025-01-06,W36,Z1,Encroachment,7,1,13,102.16666666666667,102.16666666666667,6,0.8571428571428571
2025-01-13,W36,Z1,Encroachment,5,4,14,290.4083333333333,329.1616666666667,4,0.8
2025-01-20,W36,Z1,Encroachment,7,8,13,333.23333333333335,420.42499999999995,4,0.5714285714285714
2025-01-27,W36,Z1,Encroachment,7,4,16,290.54999999999995,543.945,7,1.0
2025-02-03,W36,Z1,Encroachment,7,6,17,235.99166666666667,339.8833333333333,7,1.0
2025-02-10,W36,Z1,Encroachment,7,6,18,325.45000000000005,580.3499999999999,5,0.7142857142857143
2025-02-17,W36,Z1,Encroachment,17,7,28,264.65,952.3933333333333,15,0.8823529411764706
2025-02-24,W36,Z1,Encroachment,4,14,18,398.5083333333333,809.1483333333335,3,0.75
2025-03-03,W36,Z1,Encroachment,8,6,20,304.56666666666666,544.95,7,0.875
2025-03-10,W36,Z1,Encroachment,7,13,14,305.9166666666667,695.0400000000002,7,1.0
2025-03-17,W36,Z1,Encroachment,9,6,17,481.475,677.8833333333333,8,0.8888888888888888
2025-03-24,W36,Z1,Encroachment,12,7,22,367.1,661.3366666666668,12,1.0
2025-03-31,W36,Z1,Encroachment,13,10,25,352.6,527.7649999999999,11,0.8461538461538461
2025-04-07,W36,Z1,Encroachment,8,9,24,313.8833333333333,714.88,8,1.0
2025-04-14,W36,Z1,Encroachment,5,12,17,414.35833333333335,483.9316666666667,4,0.8
2025-04-21,W36,Z1,Encroachment,12,10,19,298.25,445.03,10,0.8333333333333334
2025-04-28,W36,Z1,Encroachment,10,4,25,308.73333333333335,384.92,9,0.9
2025-05-05,W36,Z1,Encroachment,6,11,20,308.6166666666667,681.65,3,0.5
2025-05-12,W36,Z1,Encroachment,11,13,18,398.1,573.08,10,0.9090909090909091
2025-05-19,W36,Z1,Encroachment,8,6,20,240.08333333333334,456.6333333333333,8,1.0
2025-05-26,W36,Z1,Encroachment,11,4,27,434.75,748.705,11,1.0
2025-06-02,W36,Z1,Encroachment,0,12,15,368.0416666666667,937.0250000000001,0,
2025-06-09,W36,Z1,Encroachment,0,6,9,491.2083333333333,593.7666666666667,0,
2025-06-16,W36,Z1,Encroachment,0,6,3,525.5833333333333,702.0916666666667,0,
2025-06-23,W36,Z1,Encroachment,0,1,2,611.0833333333334,611.0833333333334,0,
2024-12-30,W36,Z1,Garbage,3,3,0,33.9,36.00666666666667,0,0.0
2025-01-06,W36,Z1,Garbage,6,5,1,31.166666666666668,70.57000000000001,0,0.0
2025-01-13,W36,Z1,Garbage,4,5,0,35.4,106.46666666666667,0,0.0
2025-01-20,W36,Z1,Garbage,13,11,2,18.45,44.65,0,0.0
2025-01-27,W36,Z1,Garbage,10,10,2,35.541666666666664,54.511666666666656,0,0.0
2025-02-03,W36,Z1,Garbage,9,10,1,24.1,80.26333333333332,0,0.0
2025-02-10,W36,Z1,Garbage,11,8,4,20.858333333333334,29.37,0,0.0
2025-02-17,W36,Z1,Garbage,10,12,2,31.224999999999998,60.665000000000006,0,0.0
2025-02-24,W36,Z1,Garbage,7,9,0,34.68333333333333,50.050000000000004,0,0.0
2025-03-03,W36,Z1,Garbage,7,5,2,26.866666666666667,43.14333333333334,0,0.0
2025-03-10,W36,Z1,Garbage,12,11,3,36.63333333333333,85.55,0,0.0
2025-03-17,W36,Z1,Garbage,8,11,0,53.85,85.13333333333334,0,0.0
2025-03-24,W36,Z1,Garbage,6,2,4,25.416666666666664,33.29666666666667,0,0.0
2025-03-31,W36,Z1,Garbage,11,12,3,25.791666666666664,57.02000000000001,0,0.0
2025-04-07,W36,Z1,Garbage,4,6,1,33.5,74.2,0,0.0
2025-04-14,W36,Z1,Garbage,5,6,0,31.725,43.86666666666667,0,0.0
2025-04-21,W36,Z1,Garbage,15,12,3,21.483333333333334,39.730000000000004,0,0.0
2025-04-28,W36,Z1,Garbage,14,11,6,25.7,74.46666666666667,0,0.0
2025-05-05,W36,Z1,Garbage,3,7,2,42.016666666666666,54.52333333333334,0,0.0
2025-05-12,W36,Z1,Garbage,11,11,2,36.18333333333333,65.85,0,0.0
2025-05-19,W36,Z1,Garbage,12,11,3,30.383333333333333,71.3,0,0.0
2025-05-26,W36,Z1,Garbage,7,9,1,30.333333333333332,52.923333333333346,0,0.0
2025-06-02,W36,Z1,Garbage,0,1,0,80.1,80.1,0,
2025-06-09,W36,Z1,Garbage,0,0,0,,,0,
2025-06-16,W36,Z1,Garbage,0,0,0,,,0,
2025-06-23,W36,Z1,Garbage,0,0,0,,,0,
2024-12-30,W36,Z1,Property Tax,8,5,3,36.333333333333336,71.86333333333333,0,0.0
2025-01-06,W36,Z1,Property Tax,5,8,0,62.79166666666667,116.77166666666665,0,0.0
2025-01-13,W36,Z1,Property Tax,8,3,5,47.05,70.03666666666666,0,0.0
2025-01-20,W36,Z1,Property Tax,14,12,7,64.525,95.64,3,0.21428571428571427
2025-01-27,W36,Z1,Property Tax,9,11,5,101.05,221.16666666666666,2,0.2222222222222222
2025-02-03,W36,Z1,Property Tax,7,8,4,82.425,140.34666666666666,0,0.0
2025-02-10,W36,Z1,Property Tax,9,7,6,68.46666666666667,172.71,2,0.2222222222222222
2025-02-17,W36,Z1,Property Tax,6,6,6,83.53333333333333,158.63333333333333,0,0.0
2025-02-24,W36,Z1,Property Tax,6,10,2,72.13333333333333,236.7833333333333,0,0.0
2025-03-03,W36,Z1,Property Tax,9,6,5,57.35,123.93333333333334,1,0.1111111111111111
2025-03-10,W36,Z1,Property Tax,7,10,2,97.24166666666667,140.36999999999998,1,0.14285714285714285
2025-03-17,W36,Z1,Property Tax,7,4,5,42.11666666666667,77.51833333333335,0,0.0
2025-03-24,W36,Z1,Property Tax,8,10,3,56.983333333333334,153.9416666666666,1,0.125
2025-03-31,W36,Z1,Property Tax,9,8,4,46.708333333333336,157.07833333333335,0,0.0
2025-04-07,W36,Z1,Property Tax,14,12,6,52.45,131.03833333333333,0,0.0
2025-04-14,W36,Z1,Property Tax,5,11,0,87.55,149.93333333333334,0,0.0
2025-04-21,W36,Z1,Property Tax,11,5,6,106.1,130.21,0,0.0
2025-04-28,W36,Z1,Property Tax,6,10,2,56.516666666666666,107.72833333333332,0,0.0
2025-05-05,W36,Z1,Property Tax,7,5,4,70.18333333333334,91.84333333333333,1,0.14285714285714285
2025-05-12,W36,Z1,Property Tax,9,9,4,80.43333333333334,131.4566666666667,0,0.0
2025-05-19,W36,Z1,Property Tax,12,8,8,55.974999999999994,104.00166666666665,2,0.16666666666666666
2025-05-26,W36,Z1,Property Tax,11,13,6,84.66666666666667,177.1,1,0.09090909090909091
2025-06-02,W36,Z1,Property Tax,0,6,0,83.4,163.21666666666667,0,
2025-06-09,W36,Z1,Property Tax,0,0,0,,,0,
2025-06-16,W36,Z1,Property Tax,0,0,0,,,0,
2025-06-23,W36,Z1,Property Tax,0,0,0,,,0,
2024-12-30,W36,Z1,Road Repair,7,0,7,,,5,0.7142857142857143
2025-01-06,W36,Z1,Road Repair,9,7,9,131.05,191.05333333333334,6,0.6666666666666666
2025-01-13,W36,Z1,Road Repair,5,4,10,258.59166666666664,288.3333333333333,4,0.8
2025-01-20,W36,Z1,Road Repair,11,10,11,213.05833333333334,424.85333333333335,8,0.7272727272727273
2025-01-27,W36,Z1,Road Repair,9,6,14,213.63333333333333,295.775,4,0.4444444444444444
2025-02-03,W36,Z1,Road Repair,8,9,13,163.48333333333332,318.37000000000006,8,1.0
2025-02-10,W36,Z1,Road Repair,9,8,14,158.125,404.79999999999995,1,0.1111111111111111
2025-02-17,W36,Z1,Road Repair,9,13,10,184.25,529.3400000000001,5,0.5555555555555556
2025-02-24,W36,Z1,Road Repair,10,9,11,212.88333333333333,438.08,7,0.7
2025-03-03,W36,Z1,Road Repair,9,8,12,194.74166666666667,277.4483333333333,7,0.7777777777777778
2025-03-10,W36,Z1,Road Repair,6,4,14,132.99166666666667,305.0733333333334,5,0.8333333333333334
2025-03-17,W36,Z1,Road Repair,6,6,14,257.75,503.98333333333335,4,0.6666666666666666
2025-03-24,W36,Z1,Road Repair,9,7,16,299.8833333333333,581.84,4,0.4444444444444444
2025-03-31,W36,Z1,Road Repair,14,10,20,209.06666666666666,581.6583333333332,12,0.8571428571428571
2025-04-07,W36,Z1,Road Repair,12,8,24,236.625,510.91333333333336,9,0.75
2025-04-14,W36,Z1,Road Repair,3,12,15,280.18333333333334,367.8433333333333,2,0.6666666666666666
2025-04-21,W36,Z1,Road Repair,9,14,10,392.25,567.0750000000002,6,0.6666666666666666
2025-04-28,W36,Z1,Road Repair,7,6,11,174.33333333333331,532.4166666666666,6,0.8571428571428571
2025-05-05,W36,Z1,Road Repair,5,6,10,222.175,299.4916666666667,5,1.0
2025-05-12,W36,Z1,Road Repair,9,5,14,267.3833333333333,454.4433333333334,7,0.7777777777777778
2025-05-19,W36,Z1,Road Repair,14,9,19,217.31666666666666,306.71666666666664,11,0.7857142857142857
2025-05-26,W36,Z1,Road Repair,7,8,18,165.98333333333335,378.25666666666655,5,0.7142857142857143
2025-06-02,W36,Z1,Road Repair,0,10,8,267.03333333333336,346.52666666666664,0,
2025-06-09,W36,Z1,Road Repair,0,4,4,415.4583333333333,567.5516666666666,0,
2025-06-16,W36,Z1,Road Repair,0,1,3,503.68333333333334,503.68333333333334,0,
2025-06-23,W36,Z1,Road Repair,0,3,0,1054.0166666666667,1297.3633333333335,0,
2024-12-30,W36,Z1,Stray Animals,6,5,1,11.05,17.226666666666667,0,0.0
2025-01-06,W36,Z1,Stray Animals,9,10,0,11.6,27.876666666666665,0,0.0
2025-01-13,W36,Z1,Stray Animals,8,8,0,7.550000000000001,11.681666666666667,0,0.0
2025-01-20,W36,Z1,Stray Animals,14,14,0,10.25,24.331666666666667,0,0.0
2025-01-27,W36,Z1,Stray Animals,6,5,1,11.45,24.616666666666667,0,0.0
2025-02-03,W36,Z1,Stray Animals,8,9,0,11.8,29.656666666666666,0,0.0
2025-02-10,W36,Z1,Stray Animals,12,10,2,13.833333333333334,19.34333333333333,0,0.0
2025-02-17,W36,Z1,Stray Animals,7,9,0,16.833333333333332,20.74666666666667,0,0.0
2025-02-24,W36,Z1,Stray Animals,8,8,0,15.866666666666667,22.64,0,0.0
2025-03-03,W36,Z1,Stray Animals,9,9,0,9.6,19.953333333333333,0,0.0
2025-03-10,W36,Z1,Stray Animals,13,10,3,12.091666666666667,24.398333333333333,0,0.0
2025-03-17,W36,Z1,Stray Animals,12,12,3,12.441666666666666,18.02166666666667,0,0.0
2025-03-24,W36,Z1,Stray Animals,8,11,0,15.433333333333334,20.116666666666667,0,0.0
2025-03-31,W36,Z1,Stray Animals,8,8,0,14.225000000000001,23.634999999999998,0,0.0
2025-04-07,W36,Z1,Stray Animals,4,3,1,7.933333333333334,10.893333333333333,0,0.0
2025-04-14,W36,Z1,Stray Animals,4,3,2,15.633333333333333,27.046666666666667,0,0.0
2025-04-21,W36,Z1,Stray Animals,6,7,1,13.783333333333333,19.726666666666667,0,0.0
2025-04-28,W36,Z1,Stray Animals,8,9,0,12.033333333333333,20.573333333333334,0,0.0
2025-05-05,W36,Z1,Stray Animals,16,13,3,8.216666666666667,18.423333333333336,0,0.0
2025-05-12,W36,Z1,Stray Animals,9,10,2,15.008333333333333,25.985,0,0.0
2025-05-19,W36,Z1,Stray Animals,4,6,0,12.983333333333334,20.675,0,0.0
2025-05-26,W36,Z1,Stray Animals,9,9,0,14.833333333333334,24.92,0,0.0
2025-06-02,W36,Z1,Stray Animals,0,0,0,,,0,
2025-06-09,W36,Z1,Stray Animals,0,0,0,,,0,
2025-06-16,W36,Z1,Stray Animals,0,0,0,,,0,
2025-06-23,W36,Z1,Stray Animals,0,0,0,,,0,
2024-12-30,W36,Z1,Streetlight,8,7,1,14.216666666666667,33.03000000000001,0,0.0
2025-01-06,W36,Z1,Streetlight,6,7,0,22.166666666666668,51.99666666666668,0,0.0
2025-01-13,W36,Z1,Streetlight,9,9,0,16.75,41.03333333333334,0,0.0
2025-01-20,W36,Z1,Streetlight,9,9,0,20.633333333333333,42.193333333333335,0,0.0
2025-01-27,W36,Z1,Streetlight,8,4,4,16.416666666666668,33.14333333333334,0,0.0
2025-02-03,W36,Z1,Streetlight,7,8,3,19.700000000000003,41.614999999999995,0,0.0
2025-02-10,W36,Z1,Streetlight,11,14,0,19.291666666666664,30.93166666666667,0,0.0
2025-02-17,W36,Z1,Streetlight,8,7,1,10.783333333333333,26.15666666666667,0,0.0
2025-02-24,W36,Z1,Streetlight,9,8,2,21.891666666666666,41.58833333333333,0,0.0
2025-03-03,W36,Z1,Streetlight,5,6,1,12.3,17.05,0,0.0
2025-03-10,W36,Z1,Streetlight,15,13,3,18.483333333333334,55.806666666666686,0,0.0
2025-03-17,W36,Z1,Streetlight,5,8,0,18.166666666666664,34.67666666666666,0,0.0
2025-03-24,W36,Z1,Streetlight,10,10,0,19.791666666666668,42.74666666666666,0,0.0
2025-03-31,W36,Z1,Streetlight,8,6,2,27.808333333333337,43.041666666666664,0,0.0
2025-04-07,W36,Z1,Streetlight,10,12,0,12.533333333333335,28.178333333333335,0,0.0
2025-04-14,W36,Z1,Streetlight,10,9,1,19.166666666666668,28.49666666666667,0,0.0
2025-04-21,W36,Z1,Streetlight,6,7,0,14.283333333333333,23.95,0,0.0
2025-04-28,W36,Z1,Streetlight,11,10,1,15.091666666666667,69.09666666666666,0,0.0
2025-05-05,W36,Z1,Streetlight,9,9,1,15.616666666666667,36.296666666666674,0,0.0
2025-05-12,W36,Z1,Streetlight,8,5,4,26.15,44.7,0,0.0
2025-05-19,W36,Z1,Streetlight,9,12,1,14.908333333333333,36.14666666666667,0,0.0
2025-05-26,W36,Z1,Streetlight,6,7,0,14.716666666666667,27.826666666666668,0,0.0
2025-06-02,W36,Z1,Streetlight,0,0,0,,,0,
2025-06-09,W36,Z1,Streetlight,0,0,0,,,0,
2025-06-16,W36,Z1,Streetlight,0,0,0,,,0,
2025-06-23,W36,Z1,Streetlight,0,0,0,,,0,
2024-12-30,W36,Z1,Water Supply,7,4,3,60.18333333333334,83.02666666666667,0,0.0
2025-01-06,W36,Z1,Water Supply,9,7,5,53.4,79.59666666666668,0,0.0
2025-01-13,W36,Z1,Water Supply,9,12,2,49.63333333333334,71.96166666666667,0,0.0
2025-01-20,W36,Z1,Water Supply,7,6,3,51.99166666666667,70.50833333333334,0,0.0
2025-01-27,W36,Z1,Water Supply,11,8,6,34.641666666666666,97.96166666666666,0,0.0
2025-02-03,W36,Z1,Water Supply,5,10,1,53.458333333333336,100.495,0,0.0
2025-02-10,W36,Z1,Water Supply,6,6,1,57.74166666666667,88.26666666666667,0,0.0
2025-02-17,W36,Z1,Water Supply,10,9,2,29.733333333333334,75.09333333333333,0,0.0
2025-02-24,W36,Z1,Water Supply,6,6,2,31.316666666666666,85.95833333333334,0,0.0
2025-03-03,W36,Z1,Water Supply,10,7,5,38.333333333333336,56.49333333333334,0,0.0
2025-03-10,W36,Z1,Water Supply,6,9,2,45.11666666666667,75.00333333333333,0,0.0
2025-03-17,W36,Z1,Water Supply,10,8,4,67.45833333333334,105.31666666666666,0,0.0
2025-03-24,W36,Z1,Water Supply,13,15,2,43.083333333333336,85.79666666666665,0,0.0
2025-03-31,W36,Z1,Water Supply,7,6,3,35.958333333333336,52.375,0,0.0
2025-04-07,W36,Z1,Water Supply,5,7,1,40.0,66.84333333333335,0,0.0
2025-04-14,W36,Z1,Water Supply,10,3,8,102.23333333333333,140.22,0,0.0
2025-04-21,W36,Z1,Water Supply,12,17,3,62.05,110.67666666666668,0,0.0
2025-04-28,W36,Z1,Water Supply,16,16,3,48.05,95.86666666666667,0,0.0
2025-05-05,W36,Z1,Water Supply,8,8,3,52.516666666666666,109.02166666666665,0,0.0
2025-05-12,W36,Z1,Water Supply,4,6,1,51.31666666666666,70.66666666666667,0,0.0
2025-05-19,W36,Z1,Water Supply,8,7,2,45.46666666666667,111.7966666666667,1,0.125
2025-05-26,W36,Z1,Water Supply,8,7,3,51.43333333333333,65.48,0,0.0
2025-06-02,W36,Z1,Water Supply,0,3,0,54.083333333333336,197.09666666666666,0,
2025-06-09,W36,Z1,Water Supply,0,0,0,,,0,
2025-06-16,W36,Z1,Water Supply,0,0,0,,,0,
2025-06-23,W36,Z1,Water Supply,0,0,0,,,0,
2024-12-30,W37,Z2,Drainage,7,0,7,,,7,1.0
2025-01-06,W37,Z2,Drainage,11,0,18,,,11,1.0
2025-01-13,W37,Z2,Drainage,7,0,25,,,7,1.0
2025-01-20,W37,Z2,Drainage,8,0,33,,,8,1.0
2025-01-27,W37,Z2,Drainage,7,0,40,,,7,1.0
2025-02-03,W37,Z2,Drainage,6,0,46,,,6,1.0
2025-02-10,W37,Z2,Drainage,7,0,53,,,7,1.0
2025-02-17,W37,Z2,Drainage,8,0,61,,,8,1.0
2025-02-24,W37,Z2,Drainage,14,0,75,,,14,1.0
2025-03-03,W37,Z2,Drainage,7,0,82,,,7,1.0
2025-03-10,W37,Z2,Drainage,10,0,92,,,10,1.0
2025-03-17,W37,Z2,Drainage,7,0,99,,,7,1.0
2025-03-24,W37,Z2,Drainage,9,0,108,,,9,1.0
2025-03-31,W37,Z2,Drainage,11,0,119,,,11,1.0
2025-04-07,W37,Z2,Drainage,4,0,123,,,4,1.0
2025-04-14,W37,Z2,Drainage,9,0,132,,,9,1.0
2025-04-21,W37,Z2,Drainage,7,0,139,,,7,1.0
2025-04-28,W37,Z2,Drainage,9,0,148,,,9,1.0
2025-05-05,W37,Z2,Drainage,16,0,164,,,16,1.0
2025-05-12,W37,Z2,Drainage,4,0,168,,,4,1.0
2025-05-19,W37,Z2,Drainage,12,0,180,,,12,1.0
2025-05-26,W37,Z2,Drainage,8,0,188,,,8,1.0
2025-06-02,W37,Z2,Drainage,0,0,188,,,0,
2025-06-09,W37,Z2,Drainage,0,0,188,,,0,
2025-06-16,W37,Z2,Drainage,0,0,188,,,0,
2025-06-23,W37,Z2,Drainage,0,0,188,,,0,
2024-12-30,W37,Z2,Encroachment,5,0,5,,,5,1.0
2025-01-06,W37,Z2,Encroachment,11,0,16,,,11,1.0
2025-01-13,W37,Z2,Encroachment,11,0,27,,,11,1.0
2025-01-20,W37,Z2,Encroachment,10,0,37,,,10,1.0
2025-01-27,W37,Z2,Encroachment,9,0,46,,,9,1.0
2025-02-03,W37,Z2,Encroachment,9,0,55,,,9,1.0
2025-02-10,W37,Z2,Encroachment,6,0,61,,,6,1.0
2025-02-17,W37,Z2,Encroachment,10,0,71,,,10,1.0
2025-02-24,W37,Z2,Encroachment,4,0,75,,,4,1.0
2025-03-03,W37,Z2,Encroachment,13,0,88,,,13,1.0
2025-03-10,W37,Z2,Encroachment,6,0,94,,,6,1.0
2025-03-17,W37,Z2,Encroachment,4,0,98,,,4,1.0
2025-03-24,W37,Z2,Encroachment,9,0,107,,,9,1.0
2025-03-31,W37,Z2,Encroachment,8,0,115,,,8,1.0
2025-04-07,W37,Z2,Encroachment,11,0,126,,,11,1.0
2025-04-14,W37,Z2,Encroachment,8,0,134,,,8,1.0
2025-04-21,W37,Z2,Encroachment,10,0,144,,,10,1.0
2025-04-28,W37,Z2,Encroachment,11,0,155,,,11,1.0
2025-05-05,W37,Z2,Encroachment,14,0,169,,,14,1.0
2025-05-12,W37,Z2,Encroachment,7,0,176,,,7,1.0
2025-05-19,W37,Z2,Encroachment,8,0,184,,,8,1.0
2025-05-26,W37,Z2,Encroachment,4,0,188,,,4,1.0
2025-06-02,W37,Z2,Encroachment,0,0,188,,,0,
2025-06-09,W37,Z2,Encroachment,0,0,188,,,0,
2025-06-16,W37,Z2,Encroachment,0,0,188,,,0,
2025-06-23,W37,Z2,Encroachment,0,0,188,,,0,
2024-12-30,W37,Z2,Garbage,5,0,5,,,5,1.0
2025-01-06,W37,Z2,Garbage,6,0,11,,,6,1.0
2025-01-13,W37,Z2,Garbage,7,0,18,,,7,1.0
2025-01-20,W37,Z2,Garbage,2,0,20,,,2,1.0
2025-01-27,W37,Z2,Garbage,10,0,30,,,10,1.0
2025-02-03,W37,Z2,Garbage,7,0,37,,,7,1.0
2025-02-10,W37,Z2,Garbage,11,0,48,,,11,1.0
2025-02-17,W37,Z2,Garbage,8,0,56,,,8,1.0
2025-02-24,W37,Z2,Garbage,11,0,67,,,11,1.0
2025-03-03,W37,Z2,Garbage,10,0,77,,,10,1.0
2025-03-10,W37,Z2,Garbage,11,0,88,,,11,1.0
2025-03-17,W37,Z2,Garbage,6,0,94,,,6,1.0
2025-03-24,W37,Z2,Garbage,4,0,98,,,4,1.0
2025-03-31,W37,Z2,Garbage,12,0,110,,,12,1.0
2025-04-07,W37,Z2,Garbage,7,0,117,,,7,1.0
2025-04-14,W37,Z2,Garbage,9,0,126,,,9,1.0
2025-04-21,W37,Z2,Garbage,7,0,133,,,7,1.0
2025-04-28,W37,Z2,Garbage,8,0,141,,,8,1.0
2025-05-05,W37,Z2,Garbage,9,0,150,,,9,1.0
2025-05-12,W37,Z2,Garbage,14,0,164,,,14,1.0
2025-05-19,W37,Z2,Garbage,14,0,178,,,14,1.0
2025-05-26,W37,Z2,Garbage,10,0,188,,,10,1.0
2025-06-02,W37,Z2,Garbage,0,0,188,,,0,
2025-06-09,W37,Z2,Garbage,0,0,188,,,0,
2025-06-16,W37,Z2,Garbage,0,0,188,,,0,
2025-06-23,W37,Z2,Garbage,0,0,188,,,0,
2024-12-30,W37,Z2,Property Tax,12,0,12,,,12,1.0
2025-01-06,W37,Z2,Property Tax,9,0,21,,,9,1.0
2025-01-13,W37,Z2,Property Tax,10,0,31,,,10,1.0
2025-01-20,W37,Z2,Property Tax,8,0,39,,,8,1.0
2025-01-27,W37,Z2,Property Tax,11,0,50,,,11,1.0
2025-02-03,W37,Z2,Property Tax,10,0,60,,,10,1.0
2025-02-10,W37,Z2,Property Tax,10,0,70,,,10,1.0
2025-02-17,W37,Z2,Property Tax,8,0,78,,,8,1.0
2025-02-24,W37,Z2,Property Tax,4,0,82,,,4,1.0
2025-03-03,W37,Z2,Property Tax,6,0,88,,,6,1.0
2025-03-10,W37,Z2,Property Tax,14,0,102,,,14,1.0
2025-03-17,W37,Z2,Property Tax,12,0,114,,,12,1.0
2025-03-24,W37,Z2,Property Tax,9,0,123,,,9,1.0
2025-03-31,W37,Z2,Property Tax,11,0,134,,,11,1.0
2025-04-07,W37,Z2,Property Tax,7,0,141,,,7,1.0
2025-04-14,W37,Z2,Property Tax,5,0,146,,,5,1.0
2025-04-21,W37,Z2,Property Tax,7,0,153,,,7,1.0
2025-04-28,W37,Z2,Property Tax,6,0,159,,,6,1.0
2025-05-05,W37,Z2,Property Tax,6,0,165,,,6,1.0
2025-05-12,W37,Z2,Property Tax,6,0,171,,,6,1.0
2025-05-19,W37,Z2,Property Tax,11,0,182,,,11,1.0
2025-05-26,W37,Z2,Property Tax,5,0,187,,,5,1.0
2025-06-02,W37,Z2,Property Tax,0,0,187,,,0,
2025-06-09,W37,Z2,Property Tax,0,0,187,,,0,
2025-06-16,W37,Z2,Property Tax,0,0,187,,,0,
2025-06-23,W37,Z2,Property Tax,0,0,187,,,0,
2024-12-30,W37,Z2,Road Repair,9,0,9,,,9,1.0
2025-01-06,W37,Z2,Road Repair,7,0,16,,,7,1.0
2025-01-13,W37,Z2,Road Repair,9,0,25,,,9,1.0
2025-01-20,W37,Z2,Road Repair,12,0,37,,,12,1.0
2025-01-27,W37,Z2,Road Repair,8,0,45,,,8,1.0
2025-02-03,W37,Z2,Road Repair,8,0,53,,,8,1.0
2025-02-10,W37,Z2,Road Repair,8,0,61,,,8,1.0
2025-02-17,W37,Z2,Road Repair,6,0,67,,,6,1.0
2025-02-24,W37,Z2,Road Repair,6,0,73,,,6,1.0
2025-03-03,W37,Z2,Road Repair,5,0,78,,,5,1.0
2025-03-10,W37,Z2,Road Repair,9,0,87,,,9,1.0
2025-03-17,W37,Z2,Road Repair,9,0,96,,,9,1.0
2025-03-24,W37,Z2,Road Repair,11,0,107,,,11,1.0
2025-03-31,W37,Z2,Road Repair,10,0,117,,,10,1.0
2025-04-07,W37,Z2,Road Repair,13,0,130,,,13,1.0
2025-04-14,W37,Z2,Road Repair,7,0,137,,,7,1.0
2025-04-21,W37,Z2,Road Repair,6,0,143,,,6,1.0
2025-04-28,W37,Z2,Road Repair,14,0,157,,,14,1.0
2025-05-05,W37,Z2,Road Repair,6,0,163,,,6,1.0
2025-05-12,W37,Z2,Road Repair,4,0,167,,,4,1.0
2025-05-19,W37,Z2,Road Repair,11,0,178,,,11,1.0
2025-05-26,W37,Z2,Road Repair,9,0,187,,,9,1.0
2025-06-02,W37,Z2,Road Repair,0,0,187,,,0,
2025-06-09,W37,Z2,Road Repair,0,0,187,,,0,
2025-06-16,W37,Z2,Road Repair,0,0,187,,,0,
2025-06-23,W37,Z2,Road Repair,0,0,187,,,0,
2024-12-30,W37,Z2,Stray Animals,4,0,4,,,4,1.0
2025-01-06,W37,Z2,Stray Animals,7,0,11,,,7,1.0
2025-01-13,W37,Z2,Stray Animals,13,0,24,,,13,1.0
2025-01-20,W37,Z2,Stray Animals,5,0,29,,,5,1.0
2025-01-27,W37,Z2,Stray Animals,9,0,38,,,9,1.0
2025-02-03,W37,Z2,Stray Animals,5,0,43,,,5,1.0
2025-02-10,W37,Z2,Stray Animals,10,0,53,,,10,1.0
2025-02-17,W37,Z2,Stray Animals,9,0,62,,,9,1.0
2025-02-24,W37,Z2,Stray Animals,8,0,70,,,8,1.0
2025-03-03,W37,Z2,Stray Animals,6,0,76,,,6,1.0
2025-03-10,W37,Z2,Stray Animals,10,0,86,,,10,1.0
2025-03-17,W37,Z2,Stray Animals,7,0,93,,,7,1.0
2025-03-24,W37,Z2,Stray Animals,15,0,108,,,15,1.0
2025-03-31,W37,Z2,Stray Animals,8,0,116,,,8,1.0
2025-04-07,W37,Z2,Stray Animals,3,0,119,,,3,1.0
2025-04-14,W37,Z2,Stray Animals,10,0,129,,,10,1.0
2025-04-21,W37,Z2,Stray Animals,8,0,137,,,8,1.0
2025-04-28,W37,Z2,Stray Animals,11,0,148,,,11,1.0
2025-05-05,W37,Z2,Stray Animals,6,0,154,,,6,1.0
2025-05-12,W37,Z2,Stray Animals,8,0,162,,,8,1.0
2025-05-19,W37,Z2,Stray Animals,14,0,176,,,14,1.0
2025-05-26,W37,Z2,Stray Animals,12,0,188,,,12,1.0
2025-06-02,W37,Z2,Stray Animals,0,0,188,,,0,
2025-06-09,W37,Z2,Stray Animals,0,0,188,,,0,
2025-06-16,W37,Z2,Stray Animals,0,0,188,,,0,
2025-06-23,W37,Z2,Stray Animals,0,0,188,,,0,
2024-12-30,W37,Z2,Streetlight,8,0,8,,,8,1.0
2025-01-06,W37,Z2,Streetlight,6,0,14,,,6,1.0
2025-01-13,W37,Z2,Streetlight,12,0,26,,,12,1.0
2025-01-20,W37,Z2,Streetlight,10,0,36,,,10,1.0
2025-01-27,W37,Z2,Streetlight,7,0,43,,,7,1.0
2025-02-03,W37,Z2,Streetlight,7,0,50,,,7,1.0
2025-02-10,W37,Z2,Streetlight,12,0,62,,,12,1.0
2025-02-17,W37,Z2,Streetlight,10,0,72,,,10,1.0
2025-02-24,W37,Z2,Streetlight,10,0,82,,,10,1.0
2025-03-03,W37,Z2,Streetlight,9,0,91,,,9,1.0
2025-03-10,W37,Z2,Streetlight,10,0,101,,,10,1.0
2025-03-17,W37,Z2,Streetlight,7,0,108,,,7,1.0
2025-03-24,W37,Z2,Streetlight,6,0,114,,,6,1.0
2025-03-31,W37,Z2,Streetlight,8,0,122,,,8,1.0
2025-04-07,W37,Z2,Streetlight,10,0,132,,,10,1.0
2025-04-14,W37,Z2,Streetlight,12,0,144,,,12,1.0
2025-04-21,W37,Z2,Streetlight,7,0,151,,,7,1.0
2025-04-28,W37,Z2,Streetlight,9,0,160,,,9,1.0
2025-05-05,W37,Z2,Streetlight,6,0,166,,,6,1.0
2025-05-12,W37,Z2,Streetlight,11,0,177,,,11,1.0
2025-05-19,W37,Z2,Streetlight,1,0,178,,,1,1.0
2025-05-26,W37,Z2,Streetlight,9,0,187,,,9,1.0
2025-06-02,W37,Z2,Streetlight,0,0,187,,,0,
2025-06-09,W37,Z2,Streetlight,0,0,187,,,0,
2025-06-16,W37,Z2,Streetlight,0,0,187,,,0,
2025-06-23,W37,Z2,Streetlight,0,0,187,,,0,
2024-12-30,W37,Z2,Water Supply,1,0,1,,,1,1.0
2025-01-06,W37,Z2,Water Supply,12,0,13,,,12,1.0
2025-01-13,W37,Z2,Water Supply,9,0,22,,,9,1.0
2025-01-20,W37,Z2,Water Supply,9,0,31,,,9,1.0
2025-01-27,W37,Z2,Water Supply,9,0,40,,,9,1.0
2025-02-03,W37,Z2,Water Supply,9,0,49,,,9,1.0
2025-02-10,W37,Z2,Water Supply,11,0,60,,,11,1.0
2025-02-17,W37,Z2,Water Supply,10,0,70,,,10,1.0
2025-02-24,W37,Z2,Water Supply,5,0,75,,,5,1.0
2025-03-03,W37,Z2,Water Supply,11,0,86,,,11,1.0
2025-03-10,W37,Z2,Water Supply,11,0,97,,,11,1.0
2025-03-17,W37,Z2,Water Supply,5,0,102,,,5,1.0
2025-03-24,W37,Z2,Water Supply,8,0,110,,,8,1.0
2025-03-31,W37,Z2,Water Supply,15,0,125,,,15,1.0
2025-04-07,W37,Z2,Water Supply,4,0,129,,,4,1.0
2025-04-14,W37,Z2,Water Supply,6,0,135,,,6,1.0
2025-04-21,W37,Z2,Water Supply,5,0,140,,,5,1.0
2025-04-28,W37,Z2,Water Supply,9,0,149,,,9,1.0
2025-05-05,W37,Z2,Water Supply,8,0,157,,,8,1.0
2025-05-12,W37,Z2,Water Supply,11,0,168,,,11,1.0
2025-05-19,W37,Z2,Water Supply,7,0,175,,,7,1.0
2025-05-26,W37,Z2,Water Supply,12,0,187,,,12,1.0
2025-06-02,W37,Z2,Water Supply,0,0,187,,,0,
2025-06-09,W37,Z2,Water Supply,0,0,187,,,0,
2025-06-16,W37,Z2,Water Supply,0,0,187,,,0,
2025-06-23,W37,Z2,Water Supply,0,0,187,,,0,
2024-12-30,W38,Z3,Drainage,4,2,2,49.33333333333333,53.17333333333333,0,0.0
2025-01-06,W38,Z3,Drainage,6,3,5,89.25,114.07666666666667,2,0.3333333333333333
2025-01-13,W38,Z3,Drainage,14,8,11,60.825,118.86,2,0.14285714285714285
2025-01-20,W38,Z3,Drainage,6,13,4,79.4,221.35,1,0.16666666666666666
2025-01-27,W38,Z3,Drainage,6,6,4,107.275,145.86666666666667,3,0.5
2025-02-03,W38,Z3,Drainage,14,9,9,115.43333333333334,196.74,3,0.21428571428571427
2025-02-10,W38,Z3,Drainage,7,10,6,93.67500000000001,168.37833333333327,1,0.14285714285714285
2025-02-17,W38,Z3,Drainage,8,10,4,95.91666666666666,237.48,2,0.25
2025-02-24,W38,Z3,Drainage,14,10,8,113.98333333333333,170.9,3,0.21428571428571427
2025-03-03,W38,Z3,Drainage,11,9,10,56.68333333333333,156.82000000000002,1,0.09090909090909091
2025-03-10,W38,Z3,Drainage,18,18,10,105.425,197.73666666666668,3,0.16666666666666666
2025-03-17,W38,Z3,Drainage,10,16,4,102.825,181.71666666666667,3,0.3
2025-03-24,W38,Z3,Drainage,8,6,6,178.91666666666666,244.69166666666666,2,0.25
2025-03-31,W38,Z3,Drainage,6,7,5,117.06666666666666,224.28333333333333,1,0.16666666666666666
2025-04-07,W38,Z3,Drainage,6,6,5,112.99166666666667,168.2,2,0.3333333333333333
2025-04-14,W38,Z3,Drainage,5,6,4,155.55,195.31666666666666,2,0.4
2025-04-21,W38,Z3,Drainage,8,6,6,116.05833333333334,170.58333333333334,3,0.375
2025-04-28,W38,Z3,Drainage,14,8,12,107.28333333333333,148.57166666666666,5,0.35714285714285715
2025-05-05,W38,Z3,Drainage,6,12,6,172.04166666666669,270.3516666666667,0,0.0
2025-05-12,W38,Z3,Drainage,10,8,8,101.1,233.33333333333334,6,0.6
2025-05-19,W38,Z3,Drainage,4,7,5,205.91666666666666,266.1333333333333,1,0.25
2025-05-26,W38,Z3,Drainage,3,6,2,151.2,273.975,1,0.3333333333333333
2025-06-02,W38,Z3,Drainage,0,2,0,176.975,196.995,0,
2025-06-09,W38,Z3,Drainage,0,0,0,,,0,
2025-06-16,W38,Z3,Drainage,0,0,0,,,0,
2025-06-23,W38,Z3,Drainage,0,0,0,,,0,
2024-12-30,W38,Z3,Encroachment,8,0,8,,,7,0.875
2025-01-06,W38,Z3,Encroachment,10,2,16,148.75833333333333,167.63166666666666,10,1.0
2025-01-13,W38,Z3,Encroachment,11,4,23,235.38333333333333,242.04833333333335,9,0.8181818181818182
2025-01-20,W38,Z3,Encroachment,7,12,18,243.91666666666666,480.1066666666667,7,1.0
2025-01-27,W38,Z3,Encroachment,11,3,26,508.01666666666665,588.6833333333334,10,0.9090909090909091
2025-02-03,W38,Z3,Encroachment,13,11,28,401.2,808.2,10,0.7692307692307693
2025-02-10,W38,Z3,Encroachment,6,14,20,279.6333333333333,493.7700000000001,3,0.5
2025-02-17,W38,Z3,Encroachment,9,12,17,349.1,461.2416666666667,7,0.7777777777777778
2025-02-24,W38,Z3,Encroachment,5,9,13,470.0,524.83,5,1.0
2025-03-03,W38,Z3,Encroachment,9,4,18,488.2833333333333,922.5550000000002,8,0.8888888888888888
2025-03-10,W38,Z3,Encroachment,12,10,20,264.43333333333334,638.2766666666663,9,0.75
2025-03-17,W38,Z3,Encroachment,7,6,21,352.54999999999995,602.2333333333333,6,0.8571428571428571
2025-03-24,W38,Z3,Encroachment,6,10,17,379.32500000000005,705.4783333333334,5,0.8333333333333334
2025-03-31,W38,Z3,Encroachment,13,9,21,388.81666666666666,510.6833333333334,12,0.9230769230769231
2025-04-07,W38,Z3,Encroachment,13,6,28,237.075,569.4333333333334,12,0.9230769230769231
2025-04-14,W38,Z3,Encroachment,9,11,26,368.6666666666667,748.9,9,1.0
2025-04-21,W38,Z3,Encroachment,8,6,28,310.275,422.80833333333334,8,1.0
2025-04-28,W38,Z3,Encroachment,4,8,24,484.01666666666665,768.165,3,0.75
2025-05-05,W38,Z3,Encroachment,7,10,21,516.1,840.7683333333332,6,0.8571428571428571
2025-05-12,W38,Z3,Encroachment,7,8,20,440.0916666666667,710.585,7,1.0
2025-05-19,W38,Z3,Encroachment,9,9,20,439.93333333333334,891.3100000000001,7,0.7777777777777778
2025-05-26,W38,Z3,Encroachment,4,7,17,347.8,416.43666666666667,4,1.0
2025-06-02,W38,Z3,Encroachment,0,8,9,319.6166666666667,1295.2666666666664,0,
2025-06-09,W38,Z3,Encroachment,0,4,5,768.55,990.94,0,
2025-06-16,W38,Z3,Encroachment,0,3,2,561.9166666666666,758.1833333333334,0,
2025-06-23,W38,Z3,Encroachment,0,1,1,866.35,866.35,0,
2024-12-30,W38,Z3,Garbage,4,3,1,49.81666666666667,62.93666666666667,0,0.0
2025-01-06,W38,Z3,Garbage,11,8,4,30.9,48.75,0,0.0
2025-01-13,W38,Z3,Garbage,15,16,3,19.258333333333333,41.91666666666667,0,0.0
2025-01-20,W38,Z3,Garbage,12,13,2,39.43333333333333,61.28,0,0.0
2025-01-27,W38,Z3,Garbage,7,9,0,29.766666666666666,63.860000000000014,0,0.0
2025-02-03,W38,Z3,Garbage,13,10,3,32.208333333333336,66.45,0,0.0
2025-02-10,W38,Z3,Garbage,9,9,3,28.45,48.95,0,0.0
2025-02-17,W38,Z3,Garbage,7,8,2,31.049999999999997,80.46166666666667,0,0.0
2025-02-24,W38,Z3,Garbage,10,9,3,26.25,47.41666666666667,0,0.0
2025-03-03,W38,Z3,Garbage,5,5,3,32.36666666666667,94.25333333333333,0,0.0
2025-03-10,W38,Z3,Garbage,9,10,2,32.53333333333333,72.86333333333332,0,0.0
2025-03-17,W38,Z3,Garbage,4,4,2,28.775,38.815,0,0.0
2025-03-24,W38,Z3,Garbage,5,6,1,32.458333333333336,52.44166666666666,0,0.0
2025-03-31,W38,Z3,Garbage,8,8,1,29.383333333333333,41.98166666666666,0,0.0
2025-04-07,W38,Z3,Garbage,8,8,1,32.19166666666667,41.99666666666666,0,0.0
2025-04-14,W38,Z3,Garbage,4,4,1,40.425,81.06500000000001,0,0.0
2025-04-21,W38,Z3,Garbage,10,10,1,26.891666666666666,41.42166666666666,0,0.0
2025-04-28,W38,Z3,Garbage,11,11,1,33.766666666666666,60.333333333333336,0,0.0
2025-05-05,W38,Z3,Garbage,11,10,2,24.125,42.574999999999996,0,0.0
2025-05-12,W38,Z3,Garbage,3,5,0,30.366666666666667,36.06666666666667,0,0.0
2025-05-19,W38,Z3,Garbage,13,11,2,28.8,44.3,0,0.0
2025-05-26,W38,Z3,Garbage,9,10,1,29.141666666666666,44.18666666666667,0,0.0
2025-06-02,W38,Z3,Garbage,0,1,0,31.933333333333334,31.933333333333334,0,
2025-06-09,W38,Z3,Garbage,0,0,0,,,0,
2025-06-16,W38,Z3,Garbage,0,0,0,,,0,
2025-06-23,W38,Z3,Garbage,0,0,0,,,0,
2024-12-30,W38,Z3,Property Tax,3,1,2,53.016666666666666,53.016666666666666,0,0.0
2025-01-06,W38,Z3,Property Tax,8,6,4,54.80833333333334,92.63333333333333,0,0.0
2025-01-13,W38,Z3,Property Tax,7,8,3,68.49166666666666,118.61833333333334,1,0.14285714285714285
2025-01-20,W38,Z3,Property Tax,6,8,1,71.69166666666666,150.91666666666666,0,0.0
2025-01-27,W38,Z3,Property Tax,7,2,6,70.43333333333334,94.7,0,0.0
2025-02-03,W38,Z3,Property Tax,9,9,6,122.38333333333334,149.26,1,0.1111111111111111
2025-02-10,W38,Z3,Property Tax,12,12,6,56.59166666666667,96.46833333333333,0,0.0
2025-02-17,W38,Z3,Property Tax,8,12,2,56.74166666666667,130.12333333333333,0,0.0
2025-02-24,W38,Z3,Property Tax,11,9,4,41.38333333333333,104.34,1,0.09090909090909091
2025-03-03,W38,Z3,Property Tax,4,5,3,122.5,224.37,1,0.25
2025-03-10,W38,Z3,Property Tax,8,8,3,96.89166666666667,147.62499999999997,0,0.0
2025-03-17,W38,Z3,Property Tax,15,13,5,45.06666666666667,127.88000000000001,0,0.0
2025-03-24,W38,Z3,Property Tax,13,11,7,90.91666666666667,116.95,1,0.07692307692307693
2025-03-31,W38,Z3,Property Tax,8,8,7,56.90833333333333,85.06833333333333,1,0.125
2025-04-07,W38,Z3,Property Tax,9,12,4,93.275,185.82333333333332,1,0.1111111111111111
2025-04-14,W38,Z3,Property Tax,9,7,6,65.76666666666667,103.56333333333335,1,0.1111111111111111
2025-04-21,W38,Z3,Property Tax,5,8,3,79.55833333333334,190.505,0,0.0
2025-04-28,W38,Z3,Property Tax,6,9,0,54.083333333333336,125.20666666666668,0,0.0
2025-05-05,W38,Z3,Property Tax,11,5,6,45.68333333333333,82.29333333333334,0,0.0
2025-05-12,W38,Z3,Property Tax,10,11,5,64.4,105.7,1,0.1
2025-05-19,W38,Z3,Property Tax,7,8,4,56.99166666666667,130.715,0,0.0
2025-05-26,W38,Z3,Property Tax,11,14,1,68.35833333333333,143.8733333333334,0,0.0
2025-06-02,W38,Z3,Property Tax,0,1,0,125.98333333333333,125.98333333333333,0,
2025-06-09,W38,Z3,Property Tax,0,0,0,,,0,
2025-06-16,W38,Z3,Property Tax,0,0,0,,,0,
2025-06-23,W38,Z3,Property Tax,0,0,0,,,0,
2024-12-30,W38,Z3,Road Repair,8,0,8,,,7,0.875
2025-01-06,W38,Z3,Road Repair,7,5,10,182.96666666666667,235.16333333333333,4,0.5714285714285714
2025-01-13,W38,Z3,Road Repair,4,6,8,168.44166666666666,284.39166666666665,2,0.5
2025-01-20,W38,Z3,Road Repair,9,7,10,282.21666666666664,441.46666666666675,6,0.6666666666666666
2025-01-27,W38,Z3,Road Repair,8,8,10,219.74166666666667,316.64,6,0.75
2025-02-03,W38,Z3,Road Repair,7,2,15,235.05,316.1166666666667,4,0.5714285714285714
2025-02-10,W38,Z3,Road Repair,10,13,12,224.16666666666666,357.77666666666664,5,0.5
2025-02-17,W38,Z3,Road Repair,6,6,12,166.24166666666667,452.825,5,0.8333333333333334
2025-02-24,W38,Z3,Road Repair,11,6,17,245.98333333333332,380.975,7,0.6363636363636364
2025-03-03,W38,Z3,Road Repair,9,8,18,226.45,498.2099999999999,8,0.8888888888888888
2025-03-10,W38,Z3,Road Repair,13,9,22,352.75,454.05666666666673,11,0.8461538461538461
2025-03-17,W38,Z3,Road Repair,9,9,22,247.66666666666666,634.7500000000001,8,0.8888888888888888
2025-03-24,W38,Z3,Road Repair,5,12,15,294.4083333333333,584.5300000000001,4,0.8
2025-03-31,W38,Z3,Road Repair,7,10,12,288.3416666666667,590.1099999999999,6,0.8571428571428571
2025-04-07,W38,Z3,Road Repair,10,7,15,221.51666666666668,378.7366666666667,8,0.8
2025-04-14,W38,Z3,Road Repair,10,5,20,177.36666666666667,348.81,6,0.6
2025-04-21,W38,Z3,Road Repair,12,13,19,238.76666666666668,827.1166666666669,8,0.6666666666666666
2025-04-28,W38,Z3,Road Repair,8,10,17,266.01666666666665,428.88666666666666,8,1.0
2025-05-05,W38,Z3,Road Repair,5,6,16,228.20833333333331,569.5833333333333,1,0.2
2025-05-12,W38,Z3,Road Repair,14,10,20,181.35,559.3083333333333,12,0.8571428571428571
2025-05-19,W38,Z3,Road Repair,8,10,18,242.00833333333333,527.2233333333332,4,0.5
2025-05-26,W38,Z3,Road Repair,7,6,19,177.98333333333335,284.01666666666665,6,0.8571428571428571
2025-06-02,W38,Z3,Road Repair,0,11,8,348.31666666666666,933.7166666666667,0,
2025-06-09,W38,Z3,Road Repair,0,5,3,390.71666666666664,639.5766666666667,0,
2025-06-16,W38,Z3,Road Repair,0,0,3,,,0,
2025-06-23,W38,Z3,Road Repair,0,1,2,946.6166666666667,946.6166666666667,0,
2024-12-30,W38,Z3,Stray Animals,5,4,1,7.141666666666667,8.991666666666667,0,0.0
2025-01-06,W38,Z3,Stray Animals,7,8,0,14.15,20.981666666666666,0,0.0
2025-01-13,W38,Z3,Stray Animals,8,8,0,11.225,24.665,0,0.0
2025-01-20,W38,Z3,Stray Animals,6,6,0,22.491666666666667,41.30833333333334,0,0.0
2025-01-27,W38,Z3,Stray Animals,12,12,0,9.083333333333334,25.189999999999998,0,0.0
2025-02-03,W38,Z3,Stray Animals,9,8,1,11.108333333333334,17.836666666666666,0,0.0
2025-02-10,W38,Z3,Stray Animals,12,13,0,12.016666666666667,22.723333333333336,0,0.0
2025-02-17,W38,Z3,Stray Animals,13,10,3,9.808333333333334,27.114999999999995,0,0.0
2025-02-24,W38,Z3,Stray Animals,8,8,3,14.091666666666667,23.745,0,0.0
2025-03-03,W38,Z3,Stray Animals,4,7,0,18.733333333333334,30.543333333333337,0,0.0
2025-03-10,W38,Z3,Stray Animals,10,7,3,18.4,25.976666666666667,0,0.0
2025-03-17,W38,Z3,Stray Animals,9,9,3,15.833333333333334,30.76666666666667,0,0.0
2025-03-24,W38,Z3,Stray Animals,6,9,0,11.5,22.24333333333334,0,0.0
2025-03-31,W38,Z3,Stray Animals,6,5,1,7.066666666666666,18.666666666666664,0,0.0
2025-04-07,W38,Z3,Stray Animals,8,9,0,14.216666666666667,34.75666666666667,0,0.0
2025-04-14,W38,Z3,Stray Animals,8,8,0,11.225,17.118333333333332,0,0.0
2025-04-21,W38,Z3,Stray Animals,13,12,1,10.4,23.175,0,0.0
2025-04-28,W38,Z3,Stray Animals,6,7,0,12.883333333333333,17.630000000000003,0,0.0
2025-05-05,W38,Z3,Stray Animals,10,9,1,12.883333333333333,20.023333333333333,0,0.0
2025-05-12,W38,Z3,Stray Animals,9,10,0,15.2,17.22,0,0.0
2025-05-19,W38,Z3,Stray Animals,10,9,1,14.616666666666667,18.490000000000002,0,0.0
2025-05-26,W38,Z3,Stray Animals,9,10,0,12.425,17.108333333333327,0,0.0
2025-06-02,W38,Z3,Stray Animals,0,0,0,,,0,
2025-06-09,W38,Z3,Stray Animals,0,0,0,,,0,
2025-06-16,W38,Z3,Stray Animals,0,0,0,,,0,
2025-06-23,W38,Z3,Stray Animals,0,0,0,,,0,
2024-12-30,W38,Z3,Streetlight,5,3,2,16.916666666666668,19.10333333333333,0,0.0
2025-01-06,W38,Z3,Streetlight,5,7,0,14.883333333333333,47.83666666666667,0,0.0
2025-01-13,W38,Z3,Streetlight,6,5,1,19.716666666666665,34.44,0,0.0
2025-01-20,W38,Z3,Streetlight,8,9,0,17.216666666666665,40.49,0,0.0
2025-01-27,W38,Z3,Streetlight,11,8,3,18.425,46.62833333333333,0,0.0
2025-02-03,W38,Z3,Streetlight,8,10,1,14.191666666666666,26.03666666666666,0,0.0
2025-02-10,W38,Z3,Streetlight,10,9,2,13.466666666666667,23.086666666666666,0,0.0
2025-02-17,W38,Z3,Streetlight,18,17,3,15.483333333333333,33.36666666666667,0,0.0
2025-02-24,W38,Z3,Streetlight,9,11,1,20.433333333333334,39.416666666666664,0,0.0
2025-03-03,W38,Z3,Streetlight,12,12,1,17.85,21.313333333333336,0,0.0
2025-03-10,W38,Z3,Streetlight,10,10,1,12.116666666666667,23.54166666666666,0,0.0
2025-03-17,W38,Z3,Streetlight,5,6,0,16.575,34.083333333333336,0,0.0
2025-03-24,W38,Z3,Streetlight,4,2,2,18.766666666666666,27.300000000000004,0,0.0
2025-03-31,W38,Z3,Streetlight,12,13,1,16.2,29.256666666666668,0,0.0
2025-04-07,W38,Z3,Streetlight,8,9,0,19.183333333333334,33.65,0,0.0
2025-04-14,W38,Z3,Streetlight,10,9,1,14.483333333333333,31.98,0,0.0
2025-04-21,W38,Z3,Streetlight,8,6,3,20.71666666666667,36.25833333333333,0,0.0
2025-04-28,W38,Z3,Streetlight,5,8,0,15.308333333333334,23.708333333333332,0,0.0
2025-05-05,W38,Z3,Streetlight,9,7,2,34.9,57.790000000000006,0,0.0
2025-05-12,W38,Z3,Streetlight,3,4,1,21.833333333333336,31.085,0,0.0
2025-05-19,W38,Z3,Streetlight,12,13,0,14.316666666666666,27.32666666666667,0,0.0
2025-05-26,W38,Z3,Streetlight,9,8,1,10.133333333333333,43.23333333333333,0,0.0
2025-06-02,W38,Z3,Streetlight,0,1,0,63.583333333333336,63.583333333333336,0,
2025-06-09,W38,Z3,Streetlight,0,0,0,,,0,
2025-06-16,W38,Z3,Streetlight,0,0,0,,,0,
2025-06-23,W38,Z3,Streetlight,0,0,0,,,0,
2024-12-30,W38,Z3,Water Supply,2,1,1,20.116666666666667,20.116666666666667,0,0.0
2025-01-06,W38,Z3,Water Supply,13,11,3,43.28333333333333,65.63333333333334,0,0.0
2025-01-13,W38,Z3,Water Supply,9,10,2,40.516666666666666,50.97499999999998,0,0.0
2025-01-20,W38,Z3,Water Supply,8,7,3,53.11666666666667,113.52333333333337,1,0.125
2025-01-27,W38,Z3,Water Supply,6,9,0,39.5,113.72666666666667,0,0.0
2025-02-03,W38,Z3,Water Supply,14,9,5,35.61666666666667,69.17333333333335,2,0.14285714285714285
2025-02-10,W38,Z3,Water Supply,9,12,2,70.85,193.86,0,0.0
2025-02-17,W38,Z3,Water Supply,7,7,2,56.8,95.33000000000001,0,0.0
2025-02-24,W38,Z3,Water Supply,8,9,1,47.36666666666667,83.81,0,0.0
2025-03-03,W38,Z3,Water Supply,9,7,3,38.516666666666666,70.26333333333334,1,0.1111111111111111
2025-03-10,W38,Z3,Water Supply,11,10,4,49.9,88.3,0,0.0
2025-03-17,W38,Z3,Water Supply,6,8,2,55.725,127.07333333333331,0,0.0
2025-03-24,W38,Z3,Water Supply,3,4,1,86.11666666666667,107.48166666666667,0,0.0
2025-03-31,W38,Z3,Water Supply,11,8,4,53.08333333333333,89.01833333333333,0,0.0
2025-04-07,W38,Z3,Water Supply,8,7,5,49.333333333333336,104.02000000000002,0,0.0
2025-04-14,W38,Z3,Water Supply,11,10,6,52.275000000000006,104.91999999999999,0,0.0
2025-04-21,W38,Z3,Water Supply,15,12,9,62.13333333333333,90.62166666666667,0,0.0
2025-04-28,W38,Z3,Water Supply,11,17,3,55.78333333333333,135.13333333333333,0,0.0
2025-05-05,W38,Z3,Water Supply,10,11,2,21.15,49.483333333333334,0,0.0
2025-05-12,W38,Z3,Water Supply,5,6,1,57.55833333333334,82.925,0,0.0
2025-05-19,W38,Z3,Water Supply,8,7,2,55.43333333333333,77.68666666666668,0,0.0
2025-05-26,W38,Z3,Water Supply,3,5,0,36.266666666666666,43.35,0,0.0
2025-06-02,W38,Z3,Water Supply,0,0,0,,,0,
2025-06-09,W38,Z3,Water Supply,0,0,0,,,0,
2025-06-16,W38,Z3,Water Supply,0,0,0,,,0,
2025-06-23,W38,Z3,Water Supply,0,0,0,,,0,
2024-12-30,W39,Z4,Drainage,5,2,3,73.99166666666667,81.985,2,0.4
2025-01-06,W39,Z4,Drainage,9,6,6,76.94999999999999,196.08333333333334,3,0.3333333333333333
2025-01-13,W39,Z4,Drainage,14,12,8,110.35833333333333,184.71166666666667,2,0.14285714285714285
2025-01-20,W39,Z4,Drainage,8,12,4,71.70833333333333,91.60833333333333,0,0.0
2025-01-27,W39,Z4,Drainage,6,5,5,110.25,163.98666666666668,1,0.16666666666666666
2025-02-03,W39,Z4,Drainage,11,11,5,79.43333333333334,164.38333333333333,0,0.0
2025-02-10,W39,Z4,Drainage,7,8,4,79.15,106.79833333333333,1,0.14285714285714285
2025-02-17,W39,Z4,Drainage,7,5,6,78.31666666666666,138.66666666666666,0,0.0
2025-02-24,W39,Z4,Drainage,7,11,2,121.68333333333334,158.76666666666668,0,0.0
2025-03-03,W39,Z4,Drainage,9,8,3,72.18333333333334,130.835,1,0.1111111111111111
2025-03-10,W39,Z4,Drainage,9,8,4,90.93333333333334,148.72666666666666,2,0.2222222222222222
2025-03-17,W39,Z4,Drainage,10,6,8,131.33333333333334,228.45833333333334,2,0.2
2025-03-24,W39,Z4,Drainage,6,9,5,73.65,140.36333333333334,2,0.3333333333333333
2025-03-31,W39,Z4,Drainage,5,6,4,146.99166666666667,296.6,1,0.2
2025-04-07,W39,Z4,Drainage,11,10,5,111.425,191.34666666666666,0,0.0
2025-04-14,W39,Z4,Drainage,5,7,3,77.96666666666667,122.96333333333334,1,0.2
2025-04-21,W39,Z4,Drainage,6,7,2,51.56666666666667,107.86666666666666,0,0.0
2025-04-28,W39,Z4,Drainage,10,6,6,70.09166666666667,195.33333333333331,1,0.1
2025-05-05,W39,Z4,Drainage,8,10,4,78.375,122.01666666666665,3,0.375
2025-05-12,W39,Z4,Drainage,13,7,10,73.83333333333333,172.54999999999998,4,0.3076923076923077
2025-05-19,W39,Z4,Drainage,14,12,12,127.91666666666666,208.31166666666667,3,0.21428571428571427
2025-05-26,W39,Z4,Drainage,8,14,6,111.40833333333333,183.73833333333334,0,0.0
2025-06-02,W39,Z4,Drainage,0,6,0,113.2,180.5,0,
2025-06-09,W39,Z4,Drainage,0,0,0,,,0,
2025-06-16,W39,Z4,Drainage,0,0,0,,,0,
2025-06-23,W39,Z4,Drainage,0,0,0,,,0,
2024-12-30,W39,Z4,Encroachment,7,1,6,77.16666666666667,77.16666666666667,5,0.7142857142857143
2025-01-06,W39,Z4,Encroachment,11,1,16,162.71666666666667,162.71666666666667,10,0.9090909090909091
2025-01-13,W39,Z4,Encroachment,11,2,25,162.78333333333333,209.37,11,1.0
2025-01-20,W39,Z4,Encroachment,8,10,23,368.525,462.0083333333333,7,0.875
2025-01-27,W39,Z4,Encroachment,5,8,20,315.1666666666667,562.455,5,1.0
2025-02-03,W39,Z4,Encroachment,11,6,25,506.1166666666667,714.4333333333334,11,1.0
2025-02-10,W39,Z4,Encroachment,6,8,23,455.79166666666663,922.68,5,0.8333333333333334
2025-02-17,W39,Z4,Encroachment,8,8,23,371.85833333333335,850.09,7,0.875
2025-02-24,W39,Z4,Encroachment,5,12,16,375.29166666666663,668.8566666666667,4,0.8
2025-03-03,W39,Z4,Encroachment,7,5,18,298.7,629.9333333333334,7,1.0
2025-03-10,W39,Z4,Encroachment,9,4,23,608.525,847.2166666666667,8,0.8888888888888888
2025-03-17,W39,Z4,Encroachment,9,10,22,473.15833333333336,685.1933333333334,8,0.8888888888888888
2025-03-24,W39,Z4,Encroachment,5,9,18,379.81666666666666,742.3666666666669,3,0.6
2025-03-31,W39,Z4,Encroachment,11,6,23,407.0916666666667,722.0250000000001,11,1.0
2025-04-07,W39,Z4,Encroachment,10,12,21,335.39166666666665,561.1983333333334,7,0.7
2025-04-14,W39,Z4,Encroachment,15,8,28,286.7,728.6916666666666,15,1.0
2025-04-21,W39,Z4,Encroachment,6,5,29,323.23333333333335,478.97333333333336,5,0.8333333333333334
2025-04-28,W39,Z4,Encroachment,7,12,24,298.775,554.9366666666667,7,1.0
2025-05-05,W39,Z4,Encroachment,9,6,27,455.125,740.0916666666667,9,1.0
2025-05-12,W39,Z4,Encroachment,10,11,26,450.56666666666666,809.7333333333333,9,0.9
2025-05-19,W39,Z4,Encroachment,10,13,23,344.1166666666667,978.1200000000001,9,0.9
2025-05-26,W39,Z4,Encroachment,8,12,19,283.08333333333337,640.705,8,1.0
2025-06-02,W39,Z4,Encroachment,0,7,12,485.93333333333334,851.0233333333337,0,
2025-06-09,W39,Z4,Encroachment,0,7,5,407.73333333333335,1049.1100000000004,0,
2025-06-16,W39,Z4,Encroachment,0,4,1,492.0083333333333,641.8283333333334,0,
2025-06-23,W39,Z4,Encroachment,0,1,0,715.5666666666667,715.5666666666667,0,
2024-12-30,W39,Z4,Garbage,7,4,3,17.325000000000003,27.185000000000002,0,0.0
2025-01-06,W39,Z4,Garbage,3,6,0,48.15,102.05833333333334,0,0.0
2025-01-13,W39,Z4,Garbage,9,9,0,26.283333333333335,61.826666666666675,0,0.0
2025-01-20,W39,Z4,Garbage,8,6,2,49.34166666666667,77.46666666666667,0,0.0
2025-01-27,W39,Z4,Garbage,6,7,1,39.18333333333333,57.46,0,0.0
2025-02-03,W39,Z4,Garbage,7,8,0,21.933333333333334,36.61333333333333,0,0.0
2025-02-10,W39,Z4,Garbage,5,3,2,22.833333333333332,23.606666666666666,0,0.0
2025-02-17,W39,Z4,Garbage,7,9,0,39.96666666666667,65.79,0,0.0
2025-02-24,W39,Z4,Garbage,9,8,1,26.683333333333334,39.55333333333333,0,0.0
2025-03-03,W39,Z4,Garbage,11,11,1,35.78333333333333,104.41666666666667,0,0.0
2025-03-10,W39,Z4,Garbage,8,8,1,33.975,55.04999999999999,0,0.0
2025-03-17,W39,Z4,Garbage,14,14,1,25.358333333333334,65.45833333333336,0,0.0
2025-03-24,W39,Z4,Garbage,12,10,3,28.05,43.55666666666666,0,0.0
2025-03-31,W39,Z4,Garbage,15,15,3,31.033333333333335,55.75,0,0.0
2025-04-07,W39,Z4,Garbage,8,9,2,37.016666666666666,73.61666666666667,0,0.0
2025-04-14,W39,Z4,Garbage,6,8,0,26.53333333333333,71.43499999999999,0,0.0
2025-04-21,W39,Z4,Garbage,12,12,0,21.31666666666667,38.98500000000001,0,0.0
2025-04-28,W39,Z4,Garbage,4,2,2,30.55,35.28333333333333,0,0.0
2025-05-05,W39,Z4,Garbage,8,9,1,26.966666666666665,55.760000000000005,0,0.0
2025-05-12,W39,Z4,Garbage,11,10,2,20.03333333333333,44.95833333333332,0,0.0
2025-05-19,W39,Z4,Garbage,7,8,1,33.25,42.50666666666666,0,0.0
2025-05-26,W39,Z4,Garbage,11,11,1,29.183333333333334,74.43333333333334,0,0.0
2025-06-02,W39,Z4,Garbage,0,1,0,38.3,38.3,0,
2025-06-09,W39,Z4,Garbage,0,0,0,,,0,
2025-06-16,W39,Z4,Garbage,0,0,0,,,0,
2025-06-23,W39,Z4,Garbage,0,0,0,,,0,
2024-12-30,W39,Z4,Property Tax,3,1,2,42.61666666666667,42.61666666666667,0,0.0
2025-01-06,W39,Z4,Property Tax,13,8,7,66.95,105.61,1,0.07692307692307693
2025-01-13,W39,Z4,Property Tax,5,10,2,80.31666666666666,113.86833333333331,1,0.2
2025-01-20,W39,Z4,Property Tax,8,6,4,78.25,140.98333333333335,2,0.25
2025-01-27,W39,Z4,Property Tax,5,8,1,79.05833333333334,195.33166666666665,0,0.0
2025-02-03,W39,Z4,Property Tax,8,4,5,45.166666666666664,71.145,1,0.125
2025-02-10,W39,Z4,Property Tax,5,8,2,85.76666666666667,178.87166666666667,1,0.2
2025-02-17,W39,Z4,Property Tax,10,9,3,66.28333333333333,156.54666666666668,0,0.0
2025-02-24,W39,Z4,Property Tax,9,9,3,89.96666666666667,156.20666666666668,1,0.1111111111111111
2025-03-03,W39,Z4,Property Tax,11,4,10,45.11666666666667,93.38000000000001,1,0.09090909090909091
2025-03-10,W39,Z4,Property Tax,8,13,5,77.93333333333334,238.1800000000001,1,0.125
2025-03-17,W39,Z4,Property Tax,9,9,5,77.23333333333333,175.66666666666669,2,0.2222222222222222
2025-03-24,W39,Z4,Property Tax,8,7,6,81.15,138.23333333333338,1,0.125
2025-03-31,W39,Z4,Property Tax,8,8,6,83.625,183.25166666666664,0,0.0
2025-04-07,W39,Z4,Property Tax,4,9,1,101.63333333333334,167.9266666666667,0,0.0
2025-04-14,W39,Z4,Property Tax,11,4,8,69.925,95.69000000000001,1,0.09090909090909091
2025-04-21,W39,Z4,Property Tax,8,12,4,73.04166666666667,137.465,0,0.0
2025-04-28,W39,Z4,Property Tax,11,10,5,76.275,145.04833333333332,1,0.09090909090909091
2025-05-05,W39,Z4,Property Tax,12,11,6,61.583333333333336,131.46666666666667,1,0.08333333333333333
2025-05-12,W39,Z4,Property Tax,12,14,4,65.34166666666667,163.10333333333335,1,0.08333333333333333
2025-05-19,W39,Z4,Property Tax,12,9,7,65.93333333333334,98.20666666666668,0,0.0
2025-05-26,W39,Z4,Property Tax,7,12,2,78.09166666666667,138.41500000000002,0,0.0
2025-06-02,W39,Z4,Property Tax,0,2,0,96.35833333333333,111.13833333333332,0,
2025-06-09,W39,Z4,Property Tax,0,0,0,,,0,
2025-06-16,W39,Z4,Property Tax,0,0,0,,,0,
2025-06-23,W39,Z4,Property Tax,0,0,0,,,0,
2024-12-30,W39,Z4,Road Repair,5,0,5,,,5,1.0
2025-01-06,W39,Z4,Road Repair,12,1,16,194.35,194.35,9,0.75
2025-01-13,W39,Z4,Road Repair,6,11,11,193.11666666666667,221.13333333333333,5,0.8333333333333334
2025-01-20,W39,Z4,Road Repair,13,5,19,261.3333333333333,416.14666666666665,12,0.9230769230769231
2025-01-27,W39,Z4,Road Repair,10,10,19,197.8,357.1466666666666,6,0.6
2025-02-03,W39,Z4,Road Repair,10,10,19,261.55,314.445,8,0.8
2025-02-10,W39,Z4,Road Repair,7,8,18,211.88333333333333,383.6066666666666,6,0.8571428571428571
2025-02-17,W39,Z4,Road Repair,9,13,14,329.45,764.0333333333335,7,0.7777777777777778
2025-02-24,W39,Z4,Road Repair,12,11,15,225.23333333333332,635.3833333333333,9,0.75
2025-03-03,W39,Z4,Road Repair,4,7,12,155.13333333333333,328.84666666666675,2,0.5
2025-03-10,W39,Z4,Road Repair,6,5,13,301.1333333333333,415.01666666666665,5,0.8333333333333334
2025-03-17,W39,Z4,Road Repair,11,10,14,225.05833333333334,473.6333333333333,8,0.7272727272727273
2025-03-24,W39,Z4,Road Repair,9,8,15,239.31666666666666,391.5799999999999,7,0.7777777777777778
2025-03-31,W39,Z4,Road Repair,10,8,17,257.98333333333335,578.6216666666666,9,0.9
2025-04-07,W39,Z4,Road Repair,9,11,15,281.25,514.05,6,0.6666666666666666
2025-04-14,W39,Z4,Road Repair,9,8,16,124.45833333333333,223.29666666666662,6,0.6666666666666666
2025-04-21,W39,Z4,Road Repair,9,8,17,265.48333333333335,498.75166666666667,7,0.7777777777777778
2025-04-28,W39,Z4,Road Repair,15,9,23,168.95,419.9433333333334,9,0.6
2025-05-05,W39,Z4,Road Repair,8,13,18,293.26666666666665,406.5633333333334,5,0.625
2025-05-12,W39,Z4,Road Repair,6,11,13,335.85,456.46666666666664,3,0.5
2025-05-19,W39,Z4,Road Repair,3,9,7,384.26666666666665,729.0066666666669,1,0.3333333333333333
2025-05-26,W39,Z4,Road Repair,4,3,8,160.16666666666666,378.0466666666667,3,0.75
2025-06-02,W39,Z4,Road Repair,0,4,4,394.7583333333333,605.2966666666667,0,
2025-06-09,W39,Z4,Road Repair,0,2,2,300.0083333333333,343.655,0,
2025-06-16,W39,Z4,Road Repair,0,1,1,550.85,550.85,0,
2025-06-23,W39,Z4,Road Repair,0,1,0,1048.1833333333334,1048.1833333333334,0,
2024-12-30,W39,Z4,Stray Animals,6,4,2,11.208333333333332,14.6,0,0.0
2025-01-06,W39,Z4,Stray Animals,12,14,0,9.616666666666667,26.63166666666668,0,0.0
2025-01-13,W39,Z4,Stray Animals,9,9,0,18.316666666666666,24.623333333333335,0,0.0
2025-01-20,W39,Z4,Stray Animals,7,7,0,9.616666666666667,16.03,0,0.0
2025-01-27,W39,Z4,Stray Animals,7,7,0,9.933333333333334,15.643333333333336,0,0.0
2025-02-03,W39,Z4,Stray Animals,8,7,1,17.1,19.936666666666667,0,0.0
2025-02-10,W39,Z4,Stray Animals,9,9,1,7.166666666666667,12.010000000000002,0,0.0
2025-02-17,W39,Z4,Stray Animals,4,5,0,11.283333333333333,17.433333333333334,0,0.0
2025-02-24,W39,Z4,Stray Animals,9,8,1,8.116666666666667,19.599999999999998,0,0.0
2025-03-03,W39,Z4,Stray Animals,6,6,1,11.95,19.525,0,0.0
2025-03-10,W39,Z4,Stray Animals,12,13,0,10.8,19.13,0,0.0
2025-03-17,W39,Z4,Stray Animals,7,6,1,9.149999999999999,24.825000000000003,0,0.0
2025-03-24,W39,Z4,Stray Animals,10,9,2,12.033333333333333,28.680000000000003,0,0.0
2025-03-31,W39,Z4,Stray Animals,8,8,2,15.208333333333332,34.38333333333333,0,0.0
2025-04-07,W39,Z4,Stray Animals,8,8,2,12.066666666666666,33.175,0,0.0
2025-04-14,W39,Z4,Stray Animals,8,9,1,7.55,19.14,0,0.0
2025-04-21,W39,Z4,Stray Animals,15,15,1,9.1,24.406666666666663,0,0.0
2025-04-28,W39,Z4,Stray Animals,7,6,2,15.35,35.475,0,0.0
2025-05-05,W39,Z4,Stray Animals,4,6,0,19.40833333333333,38.88333333333333,0,0.0
2025-05-12,W39,Z4,Stray Animals,10,9,1,8.516666666666667,21.236666666666668,0,0.0
2025-05-19,W39,Z4,Stray Animals,12,11,2,11.483333333333333,27.583333333333332,0,0.0
2025-05-26,W39,Z4,Stray Animals,10,12,0,15.125,22.596666666666668,0,0.0
2025-06-02,W39,Z4,Stray Animals,0,0,0,,,0,
2025-06-09,W39,Z4,Stray Animals,0,0,0,,,0,
2025-06-16,W39,Z4,Stray Animals,0,0,0,,,0,
2025-06-23,W39,Z4,Stray Animals,0,0,0,,,0,
2024-12-30,W39,Z4,Streetlight,6,6,0,13.266666666666666,23.916666666666668,0,0.0
2025-01-06,W39,Z4,Streetlight,9,6,3,16.633333333333333,34.474999999999994,0,0.0
2025-01-13,W39,Z4,Streetlight,11,13,1,26.133333333333333,34.193333333333335,0,0.0
2025-01-20,W39,Z4,Streetlight,10,9,2,22.216666666666665,33.836666666666666,0,0.0
2025-01-27,W39,Z4,Streetlight,10,11,1,11.266666666666667,17.05,1,0.1
2025-02-03,W39,Z4,Streetlight,5,6,0,24.78333333333333,111.65,0,0.0
2025-02-10,W39,Z4,Streetlight,8,8,0,20.008333333333333,37.33833333333333,0,0.0
2025-02-17,W39,Z4,Streetlight,7,6,1,17.375,23.683333333333334,0,0.0
2025-02-24,W39,Z4,Streetlight,11,9,3,21.15,39.36666666666667,0,0.0
2025-03-03,W39,Z4,Streetlight,9,11,1,19.433333333333334,42.516666666666666,0,0.0
2025-03-10,W39,Z4,Streetlight,6,6,1,32.375,42.916666666666664,0,0.0
2025-03-17,W39,Z4,Streetlight,10,10,1,20.90833333333333,40.61333333333333,0,0.0
2025-03-24,W39,Z4,Streetlight,12,12,1,15.716666666666665,33.263333333333335,0,0.0
2025-03-31,W39,Z4,Streetlight,9,9,1,30.383333333333333,44.00333333333334,0,0.0
2025-04-07,W39,Z4,Streetlight,9,9,1,22.333333333333332,70.29666666666667,0,0.0
2025-04-14,W39,Z4,Streetlight,5,6,0,23.008333333333333,44.891666666666666,0,0.0
2025-04-21,W39,Z4,Streetlight,11,9,2,27.2,75.05333333333334,0,0.0
2025-04-28,W39,Z4,Streetlight,9,8,3,13.041666666666668,33.17833333333333,0,0.0
2025-05-05,W39,Z4,Streetlight,4,7,0,25.716666666666665,33.68333333333334,0,0.0
2025-05-12,W39,Z4,Streetlight,13,10,3,29.258333333333333,41.05666666666665,0,0.0
2025-05-19,W39,Z4,Streetlight,8,9,2,16.216666666666665,39.61000000000001,0,0.0
2025-05-26,W39,Z4,Streetlight,5,7,0,26.766666666666666,37.10333333333334,0,0.0
2025-06-02,W39,Z4,Streetlight,0,0,0,,,0,
2025-06-09,W39,Z4,Streetlight,0,0,0,,,0,
2025-06-16,W39,Z4,Streetlight,0,0,0,,,0,
2025-06-23,W39,Z4,Streetlight,0,0,0,,,0,
2024-12-30,W39,Z4,Water Supply,6,4,2,25.775,34.9,0,0.0
2025-01-06,W39,Z4,Water Supply,9,7,4,43.88333333333333,73.08000000000001,0,0.0
2025-01-13,W39,Z4,Water Supply,6,8,2,60.483333333333334,89.07166666666666,0,0.0
2025-01-20,W39,Z4,Water Supply,4,3,3,41.983333333333334,122.42333333333333,0,0.0
2025-01-27,W39,Z4,Water Supply,10,9,4,59.03333333333333,89.67333333333333,0,0.0
2025-02-03,W39,Z4,Water Supply,11,9,6,77.66666666666667,120.73666666666668,0,0.0
2025-02-10,W39,Z4,Water Supply,12,14,4,48.63333333333333,82.88,1,0.08333333333333333
2025-02-17,W39,Z4,Water Supply,7,10,1,66.89166666666667,137.86333333333332,0,0.0
2025-02-24,W39,Z4,Water Supply,8,6,3,55.1,99.34166666666667,0,0.0
2025-03-03,W39,Z4,Water Supply,8,8,3,57.675,76.59833333333333,1,0.125
2025-03-10,W39,Z4,Water Supply,10,9,4,45.233333333333334,56.68000000000001,0,0.0
2025-03-17,W39,Z4,Water Supply,0,4,0,87.95833333333334,167.97000000000003,0,
2025-03-24,W39,Z4,Water Supply,7,6,1,39.7,73.24166666666666,0,0.0
2025-03-31,W39,Z4,Water Supply,5,3,3,71.41666666666667,101.97666666666666,0,0.0
2025-04-07,W39,Z4,Water Supply,13,13,3,60.03333333333333,92.0,0,0.0
2025-04-14,W39,Z4,Water Supply,18,15,6,42.4,96.10333333333332,0,0.0
2025-04-21,W39,Z4,Water Supply,8,11,3,36.15,94.21666666666667,1,0.125
2025-04-28,W39,Z4,Water Supply,11,12,2,44.325,108.07500000000002,1,0.09090909090909091
2025-05-05,W39,Z4,Water Supply,7,6,3,54.641666666666666,72.60833333333332,0,0.0
2025-05-12,W39,Z4,Water Supply,9,8,4,58.21666666666667,147.1333333333333,0,0.0
2025-05-19,W39,Z4,Water Supply,10,10,4,49.79166666666667,99.45999999999998,1,0.1
2025-05-26,W39,Z4,Water Supply,8,10,2,53.46666666666667,70.30499999999999,0,0.0
2025-06-02,W39,Z4,Water Supply,0,2,0,125.0,173.57333333333332,0,
2025-06-09,W39,Z4,Water Supply,0,0,0,,,0,
2025-06-16,W39,Z4,Water Supply,0,0,0,,,0,
2025-06-23,W39,Z4,Water Supply,0,0,0,,,0,
2024-12-30,W40,Z0,Drainage,7,2,3,34.349999999999994,44.31,0,0.0
2025-01-06,W40,Z0,Drainage,12,9,6,65.85,135.2866666666667,5,0.4166666666666667
2025-01-13,W40,Z0,Drainage,7,7,5,105.85,274.64,0,0.0
2025-01-20,W40,Z0,Drainage,6,6,4,152.6,254.75,1,0.2
2025-01-27,W40,Z0,Drainage,11,8,6,104.67500000000001,158.84,0,0.0
2025-02-03,W40,Z0,Drainage,11,9,8,83.68333333333334,123.2,3,0.2727272727272727
2025-02-10,W40,Z0,Drainage,8,9,7,76.18333333333334,146.99333333333334,2,0.25
2025-02-17,W40,Z0,Drainage,12,10,7,109.14166666666667,222.44833333333332,2,0.2
2025-02-24,W40,Z0,Drainage,7,8,5,106.03333333333333,165.0233333333333,0,0.0
2025-03-03,W40,Z0,Drainage,5,7,3,144.91666666666666,256.31000000000006,2,0.4
2025-03-10,W40,Z0,Drainage,4,4,3,76.875,159.7866666666667,1,0.25
2025-03-17,W40,Z0,Drainage,8,6,5,65.25,224.78333333333333,2,0.25
2025-03-24,W40,Z0,Drainage,9,7,6,115.8,160.00666666666666,1,0.125
2025-03-31,W40,Z0,Drainage,5,8,3,93.96666666666667,197.83499999999998,1,0.2
2025-04-07,W40,Z0,Drainage,12,4,10,93.9,110.38833333333334,5,0.45454545454545453
2025-04-14,W40,Z0,Drainage,9,15,4,126.51666666666667,203.07,0,0.0
2025-04-21,W40,Z0,Drainage,2,4,1,160.28333333333333,268.46000000000004,1,1.0
2025-04-28,W40,Z0,Drainage,15,6,10,72.41666666666666,237.29166666666669,2,0.13333333333333333
2025-05-05,W40,Z0,Drainage,8,15,3,79.93333333333334,199.49999999999994,1,0.125
2025-05-12,W40,Z0,Drainage,9,8,2,84.61666666666667,140.24833333333333,1,0.14285714285714285
2025-05-19,W40,Z0,Drainage,6,3,5,63.93333333333333,138.56,0,0.0
2025-05-26,W40,Z0,Drainage,3,6,2,124.17500000000001,255.15833333333333,0,0.0
2025-06-02,W40,Z0,Drainage,0,2,0,113.55833333333334,134.23166666666668,0,
2025-06-09,W40,Z0,Drainage,0,0,0,,,0,
2025-06-16,W40,Z0,Drainage,0,0,0,,,0,
2025-06-23,W40,Z0,Drainage,0,0,0,,,0,
2024-12-30,W40,Z0,Encroachment,8,0,7,,,7,1.0
2025-01-06,W40,Z0,Encroachment,8,1,13,203.26666666666668,203.26666666666668,6,0.8571428571428571
2025-01-13,W40,Z0,Encroachment,12,5,20,204.9,302.85,9,0.75
2025-01-20,W40,Z0,Encroachment,9,4,23,157.54166666666669,343.88,7,1.0
2025-01-27,W40,Z0,Encroachment,5,5,23,430.45,556.8933333333333,5,1.0
2025-02-03,W40,Z0,Encroachment,3,10,16,360.4916666666667,619.9233333333333,3,1.0
2025-02-10,W40,Z0,Encroachment,7,9,14,650.9666666666667,893.46,6,0.8571428571428571
2025-02-17,W40,Z0,Encroachment,4,2,16,173.35000000000002,197.68333333333334,4,1.0
2025-02-24,W40,Z0,Encroachment,7,6,17,378.31666666666666,1175.75,7,1.0
2025-03-03,W40,Z0,Encroachment,14,4,25,529.9083333333333,1057.456666666667,10,0.8333333333333334
2025-03-10,W40,Z0,Encroachment,15,10,29,317.9,741.3299999999999,14,1.0
2025-03-17,W40,Z0,Encroachment,6,8,26,290.7,571.3466666666666,5,1.0
2025-03-24,W40,Z0,Encroachment,8,13,20,349.5,518.9399999999999,7,1.0
2025-03-31,W40,Z0,Encroachment,12,6,25,529.325,997.925,10,0.9090909090909091
2025-04-07,W40,Z0,Encroachment,7,6,26,560.9333333333334,1140.0916666666667,4,0.5714285714285714
2025-04-14,W40,Z0,Encroachment,10,9,27,323.45,690.1666666666667,9,0.9
2025-04-21,W40,Z0,Encroachment,5,10,22,439.2083333333333,652.0766666666666,4,0.8
2025-04-28,W40,Z0,Encroachment,9,9,21,350.21666666666664,879.3100000000001,8,1.0
2025-05-05,W40,Z0,Encroachment,5,8,18,609.125,1071.8733333333332,5,1.0
2025-05-12,W40,Z0,Encroachment,8,9,17,572.35,912.7733333333335,7,0.875
2025-05-19,W40,Z0,Encroachment,8,5,19,253.91666666666666,409.7266666666667,6,0.8571428571428571
2025-05-26,W40,Z0,Encroachment,6,9,15,422.6333333333333,900.9333333333334,5,1.0
2025-06-02,W40,Z0,Encroachment,0,4,11,379.7583333333333,654.5866666666667,0,
2025-06-09,W40,Z0,Encroachment,0,8,3,471.9916666666667,584.0566666666666,0,
2025-06-16,W40,Z0,Encroachment,0,2,1,867.5,877.8466666666666,0,
2025-06-23,W40,Z0,Encroachment,0,0,1,,,0,
2024-12-30,W40,Z0,Garbage,9,6,2,36.475,47.88333333333333,0,0.0
2025-01-06,W40,Z0,Garbage,11,12,1,27.958333333333336,84.65833333333335,0,0.0
2025-01-13,W40,Z0,Garbage,8,7,1,16.966666666666665,64.70333333333335,0,0.0
2025-01-20,W40,Z0,Garbage,10,8,3,30.016666666666666,72.67166666666667,1,0.1
2025-01-27,W40,Z0,Garbage,11,12,2,41.858333333333334,87.35666666666667,0,0.0
2025-02-03,W40,Z0,Garbage,13,12,3,20.725,45.339999999999996,0,0.0
2025-02-10,W40,Z0,Garbage,8,8,3,29.958333333333332,45.05833333333333,0,0.0
2025-02-17,W40,Z0,Garbage,11,13,1,48.833333333333336,81.01666666666667,0,0.0
2025-02-24,W40,Z0,Garbage,3,4,0,34.31666666666666,60.41333333333334,0,0.0
2025-03-03,W40,Z0,Garbage,5,4,1,28.416666666666664,34.06,0,0.0
2025-03-10,W40,Z0,Garbage,4,3,2,24.016666666666666,31.84333333333333,0,0.0
2025-03-17,W40,Z0,Garbage,6,5,2,39.5,62.803333333333335,0,0.0
2025-03-24,W40,Z0,Garbage,7,7,0,25.833333333333332,47.25,0,0.0
2025-03-31,W40,Z0,Garbage,10,7,2,32.55,62.68333333333334,0,0.0
2025-04-07,W40,Z0,Garbage,12,11,2,33.43333333333333,51.96666666666667,0,0.0
2025-04-14,W40,Z0,Garbage,6,6,2,31.766666666666666,74.13333333333333,0,0.0
2025-04-21,W40,Z0,Garbage,11,10,0,25.34166666666667,39.591666666666654,0,0.0
2025-04-28,W40,Z0,Garbage,6,4,2,22.516666666666666,49.92333333333333,0,0.0
2025-05-05,W40,Z0,Garbage,8,8,2,29.633333333333333,73.655,0,0.0
2025-05-12,W40,Z0,Garbage,3,4,1,36.075,64.36833333333334,0,0.0
2025-05-19,W40,Z0,Garbage,8,6,1,32.83333333333333,41.36666666666667,0,0.0
2025-05-26,W40,Z0,Garbage,6,6,0,24.5,41.233333333333334,0,0.0
2025-06-02,W40,Z0,Garbage,0,0,0,,,0,
2025-06-09,W40,Z0,Garbage,0,0,0,,,0,
2025-06-16,W40,Z0,Garbage,0,0,0,,,0,
2025-06-23,W40,Z0,Garbage,0,0,0,,,0,
2024-12-30,W40,Z0,Property Tax,7,2,3,40.458333333333336,46.545,0,0.0
2025-01-06,W40,Z0,Property Tax,8,9,2,38.266666666666666,98.85333333333334,1,0.125
2025-01-13,W40,Z0,Property Tax,7,3,4,155.31666666666666,182.46333333333334,1,0.2
2025-01-20,W40,Z0,Property Tax,7,7,4,39.5,140.00666666666672,2,0.2857142857142857
2025-01-27,W40,Z0,Property Tax,7,6,4,37.925,142.19166666666666,1,0.16666666666666666
2025-02-03,W40,Z0,Property Tax,7,9,2,63.25,234.67000000000002,0,0.0
2025-02-10,W40,Z0,Property Tax,9,8,3,68.48333333333333,115.59666666666666,0,0.0
2025-02-17,W40,Z0,Property Tax,8,6,5,87.09166666666667,135.35833333333335,0,0.0
2025-02-24,W40,Z0,Property Tax,6,8,3,64.56666666666666,96.81,1,0.16666666666666666
2025-03-03,W40,Z0,Property Tax,7,6,2,51.75,119.24166666666667,0,0.0
2025-03-10,W40,Z0,Property Tax,7,7,2,51.483333333333334,126.46666666666667,1,0.14285714285714285
2025-03-17,W40,Z0,Property Tax,8,4,6,76.61666666666666,163.82333333333335,3,0.375
2025-03-24,W40,Z0,Property Tax,7,10,3,126.95833333333334,200.17,0,0.0
2025-03-31,W40,Z0,Property Tax,12,6,7,41.266666666666666,95.175,0,0.0
2025-04-07,W40,Z0,Property Tax,9,13,3,74.88333333333334,116.96333333333334,0,0.0
2025-04-14,W40,Z0,Property Tax,5,5,2,117.81666666666666,150.32333333333335,1,0.25
2025-04-21,W40,Z0,Property Tax,10,7,5,87.25,140.30333333333334,0,0.0
2025-04-28,W40,Z0,Property Tax,6,8,3,116.89166666666668,144.21,0,0.0
2025-05-05,W40,Z0,Property Tax,5,6,2,71.11666666666667,123.175,1,0.2
2025-05-12,W40,Z0,Property Tax,12,5,8,115.28333333333333,165.16666666666666,3,0.2727272727272727
2025-05-19,W40,Z0,Property Tax,14,16,6,68.35,172.18333333333334,1,0.07142857142857142
2025-05-26,W40,Z0,Property Tax,6,9,2,62.21666666666667,138.62333333333333,1,0.2
2025-06-02,W40,Z0,Property Tax,0,2,0,155.05,175.93,0,
2025-06-09,W40,Z0,Property Tax,0,0,0,,,0,
2025-06-16,W40,Z0,Property Tax,0,0,0,,,0,
2025-06-23,W40,Z0,Property Tax,0,0,0,,,0,
2024-12-30,W40,Z0,Road Repair,1,0,1,,,1,1.0
2025-01-06,W40,Z0,Road Repair,8,1,8,110.96666666666667,110.96666666666667,5,0.625
2025-01-13,W40,Z0,Road Repair,10,4,13,120.6,185.23333333333335,7,0.7777777777777778
2025-01-20,W40,Z0,Road Repair,6,7,12,319.23333333333335,396.8466666666667,4,0.6666666666666666
2025-01-27,W40,Z0,Road Repair,5,10,6,296.81666666666666,434.06333333333333,2,0.5
2025-02-03,W40,Z0,Road Repair,11,6,10,181.70833333333334,366.15,6,0.6
2025-02-10,W40,Z0,Road Repair,5,7,7,186.08333333333334,364.30666666666673,2,0.5
2025-02-17,W40,Z0,Road Repair,7,5,8,164.13333333333333,302.18666666666667,3,0.5
2025-02-24,W40,Z0,Road Repair,13,4,16,263.275,387.40000000000003,10,0.8333333333333334
2025-03-03,W40,Z0,Road Repair,4,9,10,246.85,332.12666666666667,1,0.3333333333333333
2025-03-10,W40,Z0,Road Repair,4,7,7,261.7,388.2266666666667,3,0.75
2025-03-17,W40,Z0,Road Repair,14,5,16,182.3,420.7766666666667,13,0.9285714285714286
2025-03-24,W40,Z0,Road Repair,8,5,19,210.1,282.29333333333335,7,0.875
2025-03-31,W40,Z0,Road Repair,10,9,20,337.98333333333335,648.13,6,0.6
2025-04-07,W40,Z0,Road Repair,10,11,17,231.7,461.68333333333334,7,0.875
2025-04-14,W40,Z0,Road Repair,8,6,18,369.23333333333335,571.9416666666666,7,1.0
2025-04-21,W40,Z0,Road Repair,9,5,21,411.76666666666665,461.24333333333334,7,0.875
2025-04-28,W40,Z0,Road Repair,9,8,21,307.825,541.3816666666667,6,0.75
2025-05-05,W40,Z0,Road Repair,5,15,11,367.21666666666664,690.79,3,0.6
2025-05-12,W40,Z0,Road Repair,6,6,11,207.11666666666667,323.43333333333334,5,0.8333333333333334
2025-05-19,W40,Z0,Road Repair,9,9,11,261.28333333333336,714.3500000000003,7,0.7777777777777778
2025-05-26,W40,Z0,Road Repair,12,6,17,184.49166666666667,328.7166666666667,9,0.75
2025-06-02,W40,Z0,Road Repair,0,9,8,220.28333333333333,383.23,0,
2025-06-09,W40,Z0,Road Repair,0,5,3,368.9,487.4333333333334,0,
2025-06-16,W40,Z0,Road Repair,0,2,1,501.07500000000005,525.2016666666667,0,
2025-06-23,W40,Z0,Road Repair,0,1,0,962.3333333333334,962.3333333333334,0,
2024-12-30,W40,Z0,Stray Animals,6,5,1,20.65,26.18,0,0.0
2025-01-06,W40,Z0,Stray Animals,7,7,0,13.4,23.313333333333336,0,0.0
2025-01-13,W40,Z0,Stray Animals,10,8,1,14.441666666666666,18.55,0,0.0
2025-01-20,W40,Z0,Stray Animals,8,9,0,8.966666666666667,18.810000000000002,0,0.0
2025-01-27,W40,Z0,Stray Animals,10,5,3,10.75,23.196666666666665,0,0.0
2025-02-03,W40,Z0,Stray Animals,12,13,1,9.8,21.206666666666667,0,0.0
2025-02-10,W40,Z0,Stray Animals,9,9,1,13.033333333333333,21.73,0,0.0
2025-02-17,W40,Z0,Stray Animals,12,12,0,10.808333333333334,37.26166666666667,0,0.0
2025-02-24,W40,Z0,Stray Animals,9,7,0,7.8,13.366666666666669,0,0.0
2025-03-03,W40,Z0,Stray Animals,5,4,1,13.775,29.461666666666666,0,0.0
2025-03-10,W40,Z0,Stray Animals,8,8,0,11.2,24.421666666666663,0,0.0
2025-03-17,W40,Z0,Stray Animals,10,8,0,10.583333333333332,22.879999999999995,0,0.0
2025-03-24,W40,Z0,Stray Animals,6,5,1,14.75,26.92666666666667,0,0.0
2025-03-31,W40,Z0,Stray Animals,8,8,1,14.325,21.52,0,0.0
2025-04-07,W40,Z0,Stray Animals,9,9,1,12.816666666666666,27.470000000000002,0,0.0
2025-04-14,W40,Z0,Stray Animals,6,7,0,8.0,23.78666666666667,0,0.0
2025-04-21,W40,Z0,Stray Animals,4,3,0,25.516666666666666,58.67666666666667,0,0.0
2025-04-28,W40,Z0,Stray Animals,6,6,0,12.841666666666665,24.275,0,0.0
2025-05-05,W40,Z0,Stray Animals,8,7,1,14.166666666666666,22.96666666666667,0,0.0
2025-05-12,W40,Z0,Stray Animals,5,6,0,15.583333333333334,30.1,0,0.0
2025-05-19,W40,Z0,Stray Animals,8,8,0,8.5,25.298333333333332,0,0.0
2025-05-26,W40,Z0,Stray Animals,10,9,0,9.533333333333333,27.76,0,0.0
2025-06-02,W40,Z0,Stray Animals,0,0,0,,,0,
2025-06-09,W40,Z0,Stray Animals,0,0,0,,,0,
2025-06-16,W40,Z0,Stray Animals,0,0,0,,,0,
2025-06-23,W40,Z0,Stray Animals,0,0,0,,,0,
2024-12-30,W40,Z0,Streetlight,12,8,3,25.558333333333334,33.0,0,0.0
2025-01-06,W40,Z0,Streetlight,6,8,0,22.53333333333333,28.368333333333332,0,0.0
2025-01-13,W40,Z0,Streetlight,7,6,0,10.825,16.883333333333333,0,0.0
2025-01-20,W40,Z0,Streetlight,10,7,3,10.133333333333333,31.32666666666667,0,0.0
2025-01-27,W40,Z0,Streetlight,4,7,0,15.966666666666667,31.440000000000005,0,0.0
2025-02-03,W40,Z0,Streetlight,8,7,0,14.166666666666666,26.44666666666667,0,0.0
2025-02-10,W40,Z0,Streetlight,6,6,0,21.75,58.891666666666666,0,0.0
2025-02-17,W40,Z0,Streetlight,5,5,0,13.35,23.853333333333335,0,0.0
2025-02-24,W40,Z0,Streetlight,6,4,2,10.175,16.208333333333336,0,0.0
2025-03-03,W40,Z0,Streetlight,12,11,1,21.366666666666667,52.666666666666664,0,0.0
2025-03-10,W40,Z0,Streetlight,8,8,0,24.05833333333333,37.931666666666665,0,0.0
2025-03-17,W40,Z0,Streetlight,6,5,1,11.266666666666667,32.25,0,0.0
2025-03-24,W40,Z0,Streetlight,4,4,1,16.85,18.703333333333333,0,0.0
2025-03-31,W40,Z0,Streetlight,6,3,3,36.21666666666667,37.910000000000004,0,0.0
2025-04-07,W40,Z0,Streetlight,7,10,0,22.4,31.541666666666664,0,0.0
2025-04-14,W40,Z0,Streetlight,6,4,1,17.2,28.793333333333333,0,0.0
2025-04-21,W40,Z0,Streetlight,6,5,2,22.35,40.876666666666665,0,0.0
2025-04-28,W40,Z0,Streetlight,15,17,0,15.7,37.81666666666667,0,0.0
2025-05-05,W40,Z0,Streetlight,7,5,2,17.816666666666666,26.913333333333334,0,0.0
2025-05-12,W40,Z0,Streetlight,10,8,3,16.85,53.31999999999999,0,0.0
2025-05-19,W40,Z0,Streetlight,13,15,0,18.983333333333334,37.47666666666667,0,0.0
2025-05-26,W40,Z0,Streetlight,10,9,0,12.816666666666666,27.096666666666668,0,0.0
2025-06-02,W40,Z0,Streetlight,0,0,0,,,0,
2025-06-09,W40,Z0,Streetlight,0,0,0,,,0,
2025-06-16,W40,Z0,Streetlight,0,0,0,,,0,
2025-06-23,W40,Z0,Streetlight,0,0,0,,,0,
2024-12-30,W40,Z0,Water Supply,5,3,1,33.083333333333336,38.15,0,0.0
2025-01-06,W40,Z0,Water Supply,7,7,0,61.05,80.78999999999999,0,0.0
2025-01-13,W40,Z0,Water Supply,4,2,2,24.84166666666667,28.08833333333333,0,0.0
2025-01-20,W40,Z0,Water Supply,8,8,2,46.06666666666666,86.42666666666666,1,0.125
2025-01-27,W40,Z0,Water Supply,6,7,1,45.6,121.54333333333338,0,0.0
2025-02-03,W40,Z0,Water Supply,9,5,4,57.0,73.30333333333334,0,0.0
2025-02-10,W40,Z0,Water Supply,9,10,3,63.99166666666666,98.89999999999999,0,0.0
2025-02-17,W40,Z0,Water Supply,9,9,3,47.0,92.49000000000001,0,0.0
2025-02-24,W40,Z0,Water Supply,7,8,2,48.375,60.345,0,0.0
2025-03-03,W40,Z0,Water Supply,5,4,2,73.19166666666666,110.48666666666668,0,0.0
2025-03-10,W40,Z0,Water Supply,3,4,1,38.61666666666667,72.57000000000001,0,0.0
2025-03-17,W40,Z0,Water Supply,9,9,1,33.1,61.33333333333334,0,0.0
2025-03-24,W40,Z0,Water Supply,11,9,2,35.7,68.04,0,0.0
2025-03-31,W40,Z0,Water Supply,8,8,1,34.325,52.824999999999996,0,0.0
2025-04-07,W40,Z0,Water Supply,4,5,0,53.25,124.8,0,0.0
2025-04-14,W40,Z0,Water Supply,16,11,3,46.233333333333334,79.71666666666667,0,0.0
2025-04-21,W40,Z0,Water Supply,8,8,3,41.474999999999994,60.318333333333335,1,0.125
2025-04-28,W40,Z0,Water Supply,13,7,9,38.96666666666667,59.95666666666668,0,0.0
2025-05-05,W40,Z0,Water Supply,12,16,4,42.291666666666664,155.44166666666666,0,0.0
2025-05-12,W40,Z0,Water Supply,8,7,4,43.75,109.26333333333334,0,0.0
2025-05-19,W40,Z0,Water Supply,8,9,1,46.583333333333336,112.81666666666668,1,0.16666666666666666
2025-05-26,W40,Z0,Water Supply,5,5,1,38.53333333333333,42.75666666666667,0,0.0
2025-06-02,W40,Z0,Water Supply,0,0,1,,,0,
2025-06-09,W40,Z0,Water Supply,0,1,0,440.35,440.35,0,
2025-06-16,W40,Z0,Water Supply,0,0,0,,,0,
2025-06-23,W40,Z0,Water Supply,0,0,0,,,0,
